time_s,state,acceleration_mps2,pressure_pa,height_m,speed_mps,battery_v
-0.14000,boost,16.73000,87149.00000,23.20000,24.03000,4.09000
-0.13000,boost,17.60000,87152.00000,22.92000,24.37000,4.09000
-0.12000,boost,18.51000,87155.00000,22.64000,24.71000,4.09000
-0.11000,boost,19.44000,87156.00000,22.54000,25.05000,4.09000
-0.10000,boost,20.40000,87134.00000,24.61000,25.40000,4.09000
-0.09000,boost,21.39000,87133.00000,24.71000,25.75000,4.09000
-0.08000,boost,22.40000,87134.00000,24.61000,26.11000,4.09000
-0.07000,boost,23.44000,87129.00000,25.08000,26.47000,4.09000
-0.06000,boost,24.49000,87120.00000,25.93000,26.83000,4.09000
-0.05000,boost,25.57000,87114.00000,26.50000,27.19000,4.11000
-0.04000,boost,26.65000,87116.00000,26.31000,27.56000,4.09000
-0.03000,boost,27.74000,87102.00000,27.62000,27.94000,4.09000
-0.02000,boost,28.84000,87104.00000,27.44000,28.32000,4.09000
-0.01000,boost,29.93000,87104.00000,27.44000,28.70000,4.09000
0.00000,boost,31.02000,87103.00000,27.53000,29.08000,4.09000
0.01000,boost,32.10000,87091.00000,28.66000,29.47000,4.09000
0.02000,boost,33.16000,87089.00000,28.85000,29.86000,4.09000
0.03000,boost,34.20000,87081.00000,29.60000,30.26000,4.09000
0.04000,boost,35.22000,87076.00000,30.07000,30.66000,4.09000
0.05000,boost,36.20000,87069.00000,30.73000,31.06000,4.09000
0.06000,boost,37.14000,87074.00000,30.26000,31.47000,4.11000
0.07000,boost,38.04000,87075.00000,30.16000,31.88000,4.09000
0.08000,boost,38.90000,87067.00000,30.92000,32.29000,4.12000
0.09000,boost,39.70000,87062.00000,31.39000,32.71000,4.09000
0.10000,boost,40.46000,87069.00000,30.73000,33.13000,4.11000
0.11000,boost,41.16000,87045.00000,32.99000,33.55000,4.11000
0.12000,boost,41.80000,87045.00000,32.99000,33.98000,4.11000
0.13000,boost,42.39000,87051.00000,32.42000,34.41000,4.09000
0.14000,boost,42.92000,87041.00000,33.37000,34.85000,4.09000
0.15000,boost,43.40000,87039.00000,33.55000,35.28000,4.09000
0.16000,boost,43.82000,87037.00000,33.74000,35.72000,4.09000
0.17000,boost,44.19000,87039.00000,33.55000,36.17000,4.09000
0.18000,boost,44.51000,87027.00000,34.68000,36.61000,4.09000
0.19000,boost,44.79000,87027.00000,34.68000,37.06000,4.09000
0.20000,boost,45.03000,87011.00000,36.19000,37.51000,4.09000
0.21000,boost,45.23000,87006.00000,36.66000,37.96000,4.11000
0.22000,boost,45.40000,86999.00000,37.32000,38.41000,4.11000
0.23000,boost,45.54000,86999.00000,37.32000,38.87000,4.11000
0.24000,boost,45.66000,86995.00000,37.70000,39.33000,4.09000
0.25000,boost,45.76000,87002.00000,37.04000,39.79000,4.09000
0.26000,boost,45.85000,86993.00000,37.88000,40.25000,4.09000
0.27000,boost,45.93000,86992.00000,37.98000,40.71000,4.11000
0.28000,boost,46.01000,86985.00000,38.64000,41.17000,4.09000
0.29000,boost,46.08000,86978.00000,39.30000,41.64000,4.09000
0.30000,boost,46.15000,86970.00000,40.05000,42.11000,4.09000
0.31000,boost,46.23000,86970.00000,40.05000,42.58000,4.09000
0.32000,boost,46.31000,86972.00000,39.86000,43.05000,4.11000
0.33000,boost,46.40000,86958.00000,41.18000,43.52000,4.11000
0.34000,boost,46.49000,86958.00000,41.18000,44.00000,4.11000
0.35000,boost,46.59000,86958.00000,41.18000,44.48000,4.09000
0.36000,boost,46.70000,86940.00000,42.88000,44.96000,4.09000
0.37000,boost,46.79000,86945.00000,42.41000,45.44000,4.09000
0.38000,boost,46.88000,86930.00000,43.82000,45.92000,4.09000
0.39000,boost,46.96000,86923.00000,44.48000,46.41000,4.09000
0.40000,boost,47.03000,86921.00000,44.67000,46.89000,4.09000
0.41000,boost,47.09000,86913.00000,45.42000,47.38000,4.11000
0.42000,boost,47.14000,86906.00000,46.08000,47.87000,4.09000
0.43000,boost,47.18000,86905.00000,46.18000,48.36000,4.11000
0.44000,boost,47.21000,86884.00000,48.16000,48.84000,4.11000
0.45000,boost,47.23000,86884.00000,48.16000,49.33000,4.11000
0.46000,boost,47.24000,86875.00000,49.00000,49.82000,4.09000
0.47000,boost,47.25000,86882.00000,48.34000,50.32000,4.09000
0.48000,boost,47.24000,86868.00000,49.66000,50.81000,4.11000
0.49000,boost,47.22000,86861.00000,50.32000,51.30000,4.09000
0.50000,boost,47.19000,86837.00000,52.59000,51.79000,4.09000
0.51000,boost,47.16000,86832.00000,53.06000,52.28000,4.09000
0.52000,boost,47.11000,86818.00000,54.38000,52.77000,4.09000
0.53000,boost,47.05000,86813.00000,54.85000,53.26000,4.09000
0.54000,boost,46.99000,86802.00000,55.89000,53.75000,4.09000
0.55000,boost,46.91000,86798.00000,56.27000,54.23000,4.11000
0.56000,boost,46.82000,86798.00000,56.27000,54.72000,4.11000
0.57000,boost,46.73000,86774.00000,58.53000,55.21000,4.09000
0.58000,boost,46.62000,86762.00000,59.66000,55.69000,4.09000
0.59000,boost,46.51000,86746.00000,61.17000,56.18000,4.09000
0.60000,boost,46.39000,86749.00000,60.89000,56.66000,4.09000
0.61000,boost,46.25000,86722.00000,63.44000,57.14000,4.11000
0.62000,boost,46.11000,86728.00000,62.87000,57.62000,4.11000
0.63000,boost,45.96000,86722.00000,63.44000,58.10000,4.09000
0.64000,boost,45.80000,86708.00000,64.76000,58.58000,4.09000
0.65000,boost,45.63000,86689.00000,66.56000,59.06000,4.11000
0.66000,boost,45.45000,86679.00000,67.50000,59.53000,4.12000
0.67000,boost,45.27000,86679.00000,67.50000,60.00000,4.11000
0.68000,boost,45.07000,86658.00000,69.49000,60.47000,4.09000
0.69000,boost,44.87000,86647.00000,70.52000,60.93000,4.11000
0.70000,boost,44.66000,86642.00000,71.00000,61.40000,4.09000
0.71000,boost,44.44000,86632.00000,71.94000,61.86000,4.09000
0.72000,boost,44.22000,86630.00000,72.13000,62.32000,4.09000
0.73000,boost,43.99000,86625.00000,72.60000,62.77000,4.09000
0.74000,boost,43.75000,86617.00000,73.36000,63.22000,4.09000
0.75000,boost,43.50000,86612.00000,73.83000,63.67000,4.11000
0.76000,boost,43.25000,86606.00000,74.40000,64.12000,4.11000
0.77000,boost,42.99000,86599.00000,75.06000,64.56000,4.11000
0.78000,boost,42.73000,86599.00000,75.06000,64.99000,4.11000
0.79000,boost,42.46000,86588.00000,76.10000,65.43000,4.09000
0.80000,boost,42.19000,86585.00000,76.38000,65.86000,4.09000
0.81000,boost,41.91000,86577.00000,77.14000,66.29000,4.09000
0.82000,boost,41.62000,86568.00000,77.99000,66.72000,4.09000
0.83000,boost,41.34000,86568.00000,77.99000,67.14000,4.09000
0.84000,boost,41.05000,86558.00000,78.94000,67.56000,4.09000
0.85000,boost,40.75000,86548.00000,79.88000,67.98000,4.09000
0.86000,boost,40.45000,86537.00000,80.92000,68.39000,4.09000
0.87000,boost,40.15000,86534.00000,81.21000,68.80000,4.09000
0.88000,boost,39.85000,86532.00000,81.40000,69.20000,4.11000
0.89000,boost,39.55000,86532.00000,81.40000,69.61000,4.11000
0.90000,boost,39.24000,86526.00000,81.96000,70.01000,4.09000
0.91000,boost,38.93000,86514.00000,83.10000,70.40000,4.09000
0.92000,boost,38.62000,86514.00000,83.10000,70.79000,4.09000
0.93000,boost,38.31000,86509.00000,83.57000,71.18000,4.09000
0.94000,boost,38.00000,86496.00000,84.80000,71.57000,4.09000
0.95000,boost,37.69000,86500.00000,84.42000,71.95000,4.09000
0.96000,boost,37.38000,86489.00000,85.47000,72.33000,4.09000
0.97000,boost,37.08000,86492.00000,85.18000,72.70000,4.09000
0.98000,boost,36.77000,86485.00000,85.84000,73.07000,4.09000
0.99000,boost,36.46000,86479.00000,86.41000,73.43000,4.12000
1.00000,boost,36.16000,86479.00000,86.41000,73.80000,4.11000
1.01000,boost,35.86000,86477.00000,86.60000,74.15000,4.09000
1.02000,boost,35.56000,86465.00000,87.74000,74.51000,4.09000
1.03000,boost,35.26000,86464.00000,87.83000,74.86000,4.09000
1.04000,boost,34.97000,86447.00000,89.44000,75.21000,4.09000
1.05000,boost,34.68000,86440.00000,90.10000,75.55000,4.09000
1.06000,boost,34.39000,86436.00000,90.48000,75.89000,4.09000
1.07000,boost,34.11000,86435.00000,90.58000,76.23000,4.09000
1.08000,boost,33.83000,86428.00000,91.24000,76.56000,4.09000
1.09000,boost,33.56000,86427.00000,91.33000,76.89000,4.09000
1.10000,boost,33.29000,86415.00000,92.47000,77.21000,4.11000
1.11000,boost,33.03000,86415.00000,92.47000,77.54000,4.11000
1.12000,boost,32.77000,86404.00000,93.51000,77.86000,4.09000
1.13000,boost,32.52000,86397.00000,94.17000,78.17000,4.11000
1.14000,boost,32.27000,86384.00000,95.41000,78.49000,4.09000
1.15000,boost,32.03000,86378.00000,95.97000,78.80000,4.09000
1.16000,boost,31.80000,86364.00000,97.30000,79.10000,4.09000
1.17000,boost,31.57000,86359.00000,97.77000,79.41000,4.09000
1.18000,boost,31.36000,86343.00000,99.29000,79.71000,4.09000
1.19000,boost,31.14000,86329.00000,100.62000,80.01000,4.09000
1.20000,boost,30.94000,86328.00000,100.71000,80.30000,4.09000
1.21000,boost,30.74000,86317.00000,101.75000,80.60000,4.11000
1.22000,boost,30.55000,86317.00000,101.75000,80.89000,4.11000
1.23000,boost,30.37000,86298.00000,103.56000,81.18000,4.09000
1.24000,boost,30.20000,86285.00000,104.79000,81.47000,4.09000
1.25000,boost,30.03000,86275.00000,105.74000,81.75000,4.11000
1.26000,boost,29.88000,86261.00000,107.06000,82.04000,4.09000
1.27000,boost,29.73000,86246.00000,108.49000,82.32000,4.09000
1.28000,boost,29.59000,86231.00000,109.91000,82.60000,4.09000
1.29000,boost,29.46000,86214.00000,111.52000,82.88000,4.11000
1.30000,boost,29.34000,86204.00000,112.47000,83.16000,4.09000
1.31000,boost,29.22000,86186.00000,114.18000,83.44000,4.09000
1.32000,boost,29.12000,86177.00000,115.03000,83.71000,4.11000
1.33000,boost,29.02000,86177.00000,115.03000,83.99000,4.11000
1.34000,boost,28.94000,86161.00000,116.55000,84.27000,4.09000
1.35000,boost,28.86000,86145.00000,118.07000,84.54000,4.09000
1.36000,boost,28.79000,86129.00000,119.59000,84.81000,4.09000
1.37000,boost,28.73000,86125.00000,119.97000,85.09000,4.09000
1.38000,boost,28.68000,86114.00000,121.01000,85.36000,4.09000
1.39000,boost,28.64000,86106.00000,121.77000,85.63000,4.09000
1.40000,boost,28.61000,86108.00000,121.58000,85.90000,4.09000
1.41000,boost,28.59000,86100.00000,122.34000,86.18000,4.09000
1.42000,boost,28.57000,86089.00000,123.39000,86.45000,4.09000
1.43000,boost,28.57000,86090.00000,123.29000,86.72000,4.11000
1.44000,boost,28.57000,86090.00000,123.29000,86.99000,4.11000
1.45000,boost,28.58000,86075.00000,124.72000,87.26000,4.09000
1.46000,boost,28.60000,86071.00000,125.10000,87.53000,4.09000
1.47000,boost,28.62000,86065.00000,125.67000,87.80000,4.09000
1.48000,boost,28.66000,86063.00000,125.86000,88.07000,4.09000
1.49000,boost,28.70000,86057.00000,126.43000,88.34000,4.11000
1.50000,boost,28.75000,86060.00000,126.14000,88.61000,4.09000
1.51000,boost,28.80000,86056.00000,126.52000,88.88000,4.09000
1.52000,boost,28.86000,86058.00000,126.33000,89.15000,4.11000
1.53000,boost,28.93000,86050.00000,127.09000,89.43000,4.09000
1.54000,boost,29.01000,86051.00000,127.00000,89.70000,4.11000
1.55000,boost,29.09000,86051.00000,127.00000,89.98000,4.11000
1.56000,boost,29.17000,86044.00000,127.66000,90.25000,4.09000
1.57000,boost,29.26000,86042.00000,127.85000,90.53000,4.09000
1.58000,boost,29.36000,86031.00000,128.90000,90.81000,4.09000
1.59000,boost,29.46000,86044.00000,127.66000,91.10000,4.09000
1.60000,boost,29.57000,86034.00000,128.61000,91.38000,4.09000
1.61000,boost,29.67000,86027.00000,129.28000,91.67000,4.09000
1.62000,boost,29.79000,86027.00000,129.28000,91.96000,4.09000
1.63000,boost,29.90000,86021.00000,129.85000,92.25000,4.09000
1.64000,boost,30.02000,86014.00000,130.51000,92.54000,4.09000
1.65000,boost,30.14000,86005.00000,131.37000,92.83000,4.12000
1.66000,boost,30.27000,86005.00000,131.37000,93.13000,4.09000
1.67000,boost,30.39000,85990.00000,132.79000,93.43000,4.09000
1.68000,boost,30.52000,85964.00000,135.27000,93.73000,4.11000
1.69000,boost,30.65000,85956.00000,136.03000,94.03000,4.09000
1.70000,boost,30.78000,85937.00000,137.83000,94.34000,4.09000
1.71000,boost,30.91000,85919.00000,139.55000,94.64000,4.09000
1.72000,boost,31.04000,85904.00000,140.97000,94.96000,4.09000
1.73000,boost,31.17000,85889.00000,142.40000,95.27000,4.09000
1.74000,boost,31.30000,85877.00000,143.54000,95.58000,4.09000
1.75000,boost,31.43000,85860.00000,145.16000,95.90000,4.09000
1.76000,boost,31.56000,85838.00000,147.26000,96.22000,4.12000
1.77000,boost,31.68000,85838.00000,147.26000,96.54000,4.11000
1.78000,boost,31.81000,85817.00000,149.26000,96.87000,4.09000
1.79000,boost,31.93000,85795.00000,151.35000,97.19000,4.09000
1.80000,boost,32.06000,85776.00000,153.16000,97.52000,4.09000
1.81000,boost,32.18000,85761.00000,154.59000,97.85000,4.09000
1.82000,boost,32.30000,85747.00000,155.92000,98.19000,4.09000
1.83000,boost,32.41000,85736.00000,156.97000,98.52000,4.09000
1.84000,boost,32.52000,85715.00000,158.97000,98.86000,4.09000
1.85000,boost,32.63000,85710.00000,159.45000,99.20000,4.09000
1.86000,boost,32.74000,85706.00000,159.83000,99.54000,4.09000
1.87000,boost,32.84000,85690.00000,161.36000,99.88000,4.11000
1.88000,boost,32.95000,85690.00000,161.36000,100.22000,4.11000
1.89000,boost,33.04000,85681.00000,162.21000,100.56000,4.09000
1.90000,boost,33.14000,85661.00000,164.12000,100.90000,4.09000
1.91000,boost,33.23000,85653.00000,164.89000,101.24000,4.09000
1.92000,boost,33.31000,85640.00000,166.13000,101.58000,4.09000
1.93000,boost,33.40000,85633.00000,166.79000,101.92000,4.09000
1.94000,boost,33.48000,85632.00000,166.89000,102.26000,4.09000
1.95000,boost,33.55000,85619.00000,168.13000,102.60000,4.09000
1.96000,boost,33.62000,85598.00000,170.13000,102.94000,4.09000
1.97000,boost,33.69000,85594.00000,170.51000,103.28000,4.09000
1.98000,boost,33.76000,85575.00000,172.33000,103.62000,4.11000
1.99000,boost,33.82000,85575.00000,172.33000,103.96000,4.11000
2.00000,boost,33.88000,85560.00000,173.76000,104.30000,4.09000
2.01000,boost,33.93000,85537.00000,175.95000,104.64000,4.09000
2.02000,boost,33.98000,85531.00000,176.53000,104.99000,4.09000
2.03000,boost,34.03000,85518.00000,177.77000,105.33000,4.09000
2.04000,boost,34.07000,85499.00000,179.58000,105.68000,4.09000
2.05000,boost,34.11000,85483.00000,181.11000,106.02000,4.09000
2.06000,boost,34.14000,85476.00000,181.78000,106.37000,4.09000
2.07000,boost,34.18000,85457.00000,183.60000,106.71000,4.09000
2.08000,boost,34.21000,85451.00000,184.17000,107.06000,4.09000
2.09000,boost,34.23000,85438.00000,185.41000,107.40000,4.11000
2.10000,boost,34.26000,85438.00000,185.41000,107.75000,4.11000
2.11000,boost,34.28000,85425.00000,186.65000,108.09000,4.09000
2.12000,boost,34.29000,85405.00000,188.57000,108.44000,4.09000
2.13000,boost,34.31000,85383.00000,190.67000,108.79000,4.09000
2.14000,boost,34.32000,85381.00000,190.86000,109.14000,4.09000
2.15000,boost,34.33000,85375.00000,191.43000,109.48000,4.09000
2.16000,boost,34.33000,85363.00000,192.58000,109.83000,4.09000
2.17000,boost,34.34000,85362.00000,192.68000,110.18000,4.09000
2.18000,boost,34.34000,85362.00000,192.68000,110.52000,4.09000
2.19000,boost,34.33000,85359.00000,192.96000,110.87000,4.09000
2.20000,boost,34.33000,85357.00000,193.16000,111.22000,4.11000
2.21000,boost,34.32000,85357.00000,193.16000,111.57000,4.09000
2.22000,boost,34.31000,85354.00000,193.44000,111.92000,4.09000
2.23000,boost,34.30000,85353.00000,193.54000,112.27000,4.09000
2.24000,boost,34.28000,85346.00000,194.21000,112.61000,4.09000
2.25000,boost,34.27000,85344.00000,194.40000,112.96000,4.09000
2.26000,boost,34.25000,85344.00000,194.40000,113.31000,4.09000
2.27000,boost,34.22000,85334.00000,195.36000,113.65000,4.09000
2.28000,boost,34.20000,85332.00000,195.55000,114.00000,4.11000
2.29000,boost,34.17000,85325.00000,196.22000,114.35000,4.09000
2.30000,boost,34.14000,85313.00000,197.36000,114.69000,4.09000
2.31000,boost,34.11000,85297.00000,198.90000,115.03000,4.11000
2.32000,boost,34.07000,85297.00000,198.90000,115.38000,4.11000
2.33000,boost,34.03000,85267.00000,201.77000,115.72000,4.09000
2.34000,boost,33.99000,85236.00000,204.73000,116.06000,4.09000
2.35000,boost,33.94000,85214.00000,206.84000,116.40000,4.09000
2.36000,boost,33.89000,85195.00000,208.66000,116.74000,4.09000
2.37000,boost,33.84000,85176.00000,210.48000,117.09000,4.09000
2.38000,boost,33.79000,85155.00000,212.49000,117.43000,4.09000
2.39000,boost,33.73000,85129.00000,214.99000,117.77000,4.09000
2.40000,boost,33.67000,85108.00000,217.00000,118.11000,4.09000
2.41000,boost,33.61000,85091.00000,218.63000,118.45000,4.09000
2.42000,boost,33.54000,85078.00000,219.88000,118.79000,4.11000
2.43000,boost,33.47000,85078.00000,219.88000,119.13000,4.11000
2.44000,boost,33.40000,85061.00000,221.51000,119.47000,4.09000
2.45000,boost,33.32000,85042.00000,223.33000,119.81000,4.09000
2.46000,boost,33.25000,85022.00000,225.25000,120.15000,4.09000
2.47000,boost,33.16000,85009.00000,226.49000,120.49000,4.09000
2.48000,boost,33.08000,84999.00000,227.45000,120.83000,4.09000
2.49000,boost,32.99000,84984.00000,228.89000,121.17000,4.09000
2.50000,boost,32.90000,84970.00000,230.24000,121.51000,4.09000
2.51000,boost,32.81000,84966.00000,230.62000,121.85000,4.09000
2.52000,boost,32.72000,84952.00000,231.97000,122.18000,4.09000
2.53000,boost,32.62000,84938.00000,233.31000,122.52000,4.11000
2.54000,boost,32.52000,84938.00000,233.31000,122.85000,4.11000
2.55000,boost,32.41000,84919.00000,235.13000,123.18000,4.09000
2.56000,boost,32.31000,84902.00000,236.77000,123.51000,4.09000
2.57000,boost,32.20000,84888.00000,238.11000,123.84000,4.09000
2.58000,boost,32.09000,84870.00000,239.84000,124.17000,4.09000
2.59000,boost,31.98000,84860.00000,240.80000,124.49000,4.11000
2.60000,boost,31.87000,84849.00000,241.86000,124.82000,4.09000
2.61000,boost,31.76000,84830.00000,243.69000,125.14000,4.09000
2.62000,boost,31.64000,84815.00000,245.13000,125.47000,4.09000
2.63000,boost,31.53000,84798.00000,246.76000,125.79000,4.09000
2.64000,boost,31.41000,84787.00000,247.82000,126.11000,4.11000
2.65000,boost,31.29000,84787.00000,247.82000,126.43000,4.09000
2.66000,boost,31.18000,84773.00000,249.17000,126.75000,4.09000
2.67000,boost,31.06000,84749.00000,251.47000,127.07000,4.09000
2.68000,boost,30.94000,84744.00000,251.96000,127.38000,4.09000
2.69000,boost,30.82000,84733.00000,253.01000,127.70000,4.09000
2.70000,boost,30.70000,84728.00000,253.49000,128.02000,4.09000
2.71000,boost,30.59000,84720.00000,254.26000,128.33000,4.09000
2.72000,boost,30.47000,84711.00000,255.13000,128.64000,4.09000
2.73000,boost,30.36000,84709.00000,255.32000,128.95000,4.09000
2.74000,boost,30.24000,84704.00000,255.80000,129.25000,4.09000
2.75000,boost,30.13000,84691.00000,257.06000,129.55000,4.11000
2.76000,boost,30.02000,84691.00000,257.06000,129.84000,4.11000
2.77000,boost,29.91000,84684.00000,257.73000,130.13000,4.09000
2.78000,boost,29.80000,84660.00000,260.04000,130.41000,4.09000
2.79000,boost,29.70000,84646.00000,261.39000,130.69000,4.09000
2.80000,boost,29.60000,84622.00000,263.70000,130.97000,4.09000
2.81000,boost,29.50000,84606.00000,265.24000,131.25000,4.09000
2.82000,boost,29.40000,84583.00000,267.46000,131.53000,4.09000
2.83000,boost,29.31000,84566.00000,269.09000,131.81000,4.09000
2.84000,boost,29.22000,84546.00000,271.02000,132.09000,4.09000
2.85000,boost,29.14000,84527.00000,272.85000,132.37000,4.09000
2.86000,boost,29.06000,84500.00000,275.46000,132.65000,4.11000
2.87000,boost,28.98000,84500.00000,275.46000,132.94000,4.11000
2.88000,boost,28.91000,84470.00000,278.35000,133.22000,4.09000
2.89000,boost,28.84000,84445.00000,280.76000,133.51000,4.09000
2.90000,boost,28.77000,84425.00000,282.69000,133.79000,4.09000
2.91000,boost,28.71000,84408.00000,284.33000,134.08000,4.09000
2.92000,boost,28.66000,84398.00000,285.30000,134.36000,4.09000
2.93000,boost,28.61000,84381.00000,286.94000,134.64000,4.09000
2.94000,boost,28.56000,84361.00000,288.87000,134.92000,4.09000
2.95000,boost,28.53000,84355.00000,289.45000,135.20000,4.09000
2.96000,boost,28.49000,84340.00000,290.90000,135.47000,4.09000
2.97000,boost,28.47000,84327.00000,292.15000,135.75000,4.11000
2.98000,boost,28.44000,84327.00000,292.15000,136.02000,4.11000
2.99000,boost,28.43000,84309.00000,293.89000,136.30000,4.09000
3.00000,boost,28.42000,84289.00000,295.82000,136.57000,4.09000
3.01000,boost,28.41000,84277.00000,296.98000,136.84000,4.09000
3.02000,boost,28.42000,84262.00000,298.43000,137.11000,4.09000
3.03000,boost,28.43000,84253.00000,299.30000,137.39000,4.09000
3.04000,boost,28.44000,84232.00000,301.33000,137.66000,4.09000
3.05000,boost,28.46000,84222.00000,302.30000,137.94000,4.09000
3.06000,boost,28.49000,84210.00000,303.46000,138.21000,4.09000
3.07000,boost,28.53000,84193.00000,305.10000,138.49000,4.09000
3.08000,boost,28.57000,84176.00000,306.75000,138.76000,4.12000
3.09000,boost,28.62000,84176.00000,306.75000,139.04000,4.11000
3.10000,boost,28.67000,84157.00000,308.59000,139.31000,4.09000
3.11000,boost,28.74000,84136.00000,310.62000,139.59000,4.09000
3.12000,boost,28.81000,84114.00000,312.75000,139.87000,4.09000
3.13000,boost,28.89000,84105.00000,313.62000,140.15000,4.09000
3.14000,boost,28.97000,84095.00000,314.59000,140.43000,4.09000
3.15000,boost,29.06000,84082.00000,315.84000,140.71000,4.09000
3.16000,boost,29.16000,84071.00000,316.91000,140.99000,4.09000
3.17000,boost,29.27000,84055.00000,318.46000,141.27000,4.09000
3.18000,boost,29.39000,84040.00000,319.91000,141.55000,4.09000
3.19000,boost,29.51000,84026.00000,321.27000,141.83000,4.11000
3.20000,boost,29.64000,84026.00000,321.27000,142.12000,4.11000
3.21000,boost,29.79000,84004.00000,323.40000,142.40000,4.09000
3.22000,boost,29.93000,83991.00000,324.66000,142.69000,4.09000
3.23000,boost,30.09000,83971.00000,326.60000,142.97000,4.09000
3.24000,boost,30.26000,83937.00000,329.89000,143.26000,4.09000
3.25000,boost,30.44000,83918.00000,331.73000,143.55000,4.09000
3.26000,boost,30.62000,83896.00000,333.87000,143.84000,4.09000
3.27000,boost,30.82000,83875.00000,335.90000,144.13000,4.09000
3.28000,boost,31.02000,83860.00000,337.36000,144.42000,4.09000
3.29000,boost,31.24000,83832.00000,340.08000,144.71000,4.09000
3.30000,boost,31.46000,83816.00000,341.63000,145.00000,4.12000
3.31000,boost,31.70000,83816.00000,341.63000,145.30000,4.11000
3.32000,boost,31.94000,83797.00000,343.47000,145.60000,4.09000
3.33000,boost,32.20000,83755.00000,347.55000,145.90000,4.09000
3.34000,boost,32.47000,83749.00000,348.14000,146.20000,4.09000
3.35000,boost,32.74000,83728.00000,350.17000,146.50000,4.09000
3.36000,boost,33.03000,83714.00000,351.54000,146.81000,4.09000
3.37000,boost,33.34000,83702.00000,352.70000,147.13000,4.09000
3.38000,boost,33.65000,83688.00000,354.06000,147.44000,4.09000
3.39000,boost,33.97000,83675.00000,355.33000,147.76000,4.09000
3.40000,boost,34.31000,83662.00000,356.59000,148.08000,4.09000
3.41000,boost,34.66000,83650.00000,357.76000,148.40000,4.12000
3.42000,boost,35.02000,83650.00000,357.76000,148.73000,4.11000
3.43000,boost,35.39000,83633.00000,359.41000,149.07000,4.09000
3.44000,boost,35.78000,83620.00000,360.67000,149.40000,4.09000
3.45000,boost,36.18000,83615.00000,361.16000,149.75000,4.09000
3.46000,boost,36.59000,83599.00000,362.71000,150.09000,4.09000
3.47000,boost,37.01000,83594.00000,363.20000,150.44000,4.11000
3.48000,boost,37.45000,83587.00000,363.88000,150.79000,4.09000
3.49000,boost,37.89000,83572.00000,365.34000,151.15000,4.09000
3.50000,boost,38.35000,83566.00000,365.93000,151.51000,4.09000
3.51000,boost,38.83000,83545.00000,367.97000,151.87000,4.09000
3.52000,boost,39.31000,83535.00000,368.94000,152.24000,4.11000
3.53000,boost,39.81000,83535.00000,368.94000,152.61000,4.11000
3.54000,boost,40.32000,83508.00000,371.57000,152.98000,4.09000
3.55000,boost,40.84000,83479.00000,374.39000,153.36000,4.09000
3.56000,boost,41.37000,83453.00000,376.93000,153.74000,4.09000
3.57000,boost,41.92000,83434.00000,378.78000,154.13000,4.09000
3.58000,boost,42.47000,83409.00000,381.21000,154.52000,4.09000
3.59000,boost,43.04000,83392.00000,382.87000,154.91000,4.09000
3.60000,boost,43.62000,83363.00000,385.70000,155.31000,4.09000
3.61000,boost,44.21000,83349.00000,387.06000,155.71000,4.09000
3.62000,boost,44.81000,83328.00000,389.11000,156.11000,4.09000
3.63000,boost,45.43000,83307.00000,391.16000,156.52000,4.12000
3.64000,boost,46.05000,83307.00000,391.16000,156.93000,4.11000
3.65000,boost,46.68000,83288.00000,393.01000,157.36000,4.09000
3.66000,boost,47.32000,83251.00000,396.62000,157.80000,4.09000
3.67000,boost,47.98000,83230.00000,398.67000,158.26000,4.09000
3.68000,boost,48.64000,83202.00000,401.40000,158.72000,4.09000
3.69000,boost,49.31000,83183.00000,403.26000,159.19000,4.09000
3.70000,boost,49.99000,83165.00000,405.02000,159.68000,4.09000
3.71000,boost,50.68000,83141.00000,407.36000,160.17000,4.09000
3.72000,boost,51.37000,83123.00000,409.12000,160.67000,4.11000
3.73000,boost,52.07000,83112.00000,410.20000,161.17000,4.09000
3.74000,boost,52.78000,83093.00000,412.05000,161.69000,4.11000
3.75000,boost,53.50000,83093.00000,412.05000,162.22000,4.11000
3.76000,boost,54.23000,83073.00000,414.01000,162.75000,4.09000
3.77000,boost,54.96000,83047.00000,416.55000,163.29000,4.09000
3.78000,boost,55.69000,83038.00000,417.43000,163.84000,4.09000
3.79000,boost,56.43000,83017.00000,419.48000,164.40000,4.09000
3.80000,boost,57.18000,83004.00000,420.76000,164.97000,4.09000
3.81000,boost,57.93000,82986.00000,422.52000,165.54000,4.09000
3.82000,boost,58.69000,82972.00000,423.89000,166.12000,4.09000
3.83000,boost,59.45000,82970.00000,424.08000,166.71000,4.09000
3.84000,boost,60.21000,82953.00000,425.75000,167.31000,4.09000
3.85000,boost,60.98000,82952.00000,425.85000,167.91000,4.12000
3.86000,boost,61.75000,82952.00000,425.85000,168.52000,4.11000
3.87000,boost,62.53000,82939.00000,427.12000,169.14000,4.09000
3.88000,boost,63.31000,82936.00000,427.41000,169.76000,4.09000
3.89000,boost,64.09000,82920.00000,428.98000,170.39000,4.09000
3.90000,boost,64.87000,82915.00000,429.47000,171.03000,4.09000
3.91000,boost,65.65000,82898.00000,431.13000,171.67000,4.09000
3.92000,boost,66.44000,82890.00000,431.92000,172.32000,4.09000
3.93000,boost,67.23000,82875.00000,433.38000,172.99000,4.09000
3.94000,boost,68.02000,82861.00000,434.76000,173.65000,4.09000
3.95000,boost,68.81000,82843.00000,436.52000,174.33000,4.09000
3.96000,boost,69.60000,82834.00000,437.40000,175.01000,4.12000
3.97000,boost,70.39000,82834.00000,437.40000,175.70000,4.11000
3.98000,boost,71.18000,82806.00000,440.15000,176.40000,4.09000
3.99000,boost,71.97000,82780.00000,442.69000,177.11000,4.09000
4.00000,boost,72.77000,82769.00000,443.77000,177.83000,4.09000
4.01000,boost,73.56000,82737.00000,446.91000,178.55000,4.09000
4.02000,boost,74.35000,82707.00000,449.85000,179.29000,4.09000
4.03000,boost,75.14000,82695.00000,451.03000,180.03000,4.09000
4.04000,boost,75.93000,82667.00000,453.78000,180.78000,4.09000
4.05000,boost,76.72000,82641.00000,456.33000,181.54000,4.09000
4.06000,boost,77.51000,82627.00000,457.71000,182.31000,4.09000
4.07000,boost,78.30000,82601.00000,460.26000,183.08000,4.12000
4.08000,boost,79.08000,82601.00000,460.26000,183.87000,4.11000
4.09000,boost,79.86000,82578.00000,462.52000,184.66000,4.09000
4.10000,boost,80.65000,82543.00000,465.96000,185.46000,4.09000
4.11000,boost,81.43000,82526.00000,467.63000,186.27000,4.09000
4.12000,boost,82.20000,82512.00000,469.01000,187.09000,4.09000
4.13000,boost,82.98000,82492.00000,470.97000,187.92000,4.09000
4.14000,boost,83.75000,82477.00000,472.45000,188.76000,4.09000
4.15000,boost,84.52000,82463.00000,473.82000,189.60000,4.09000
4.16000,boost,85.29000,82435.00000,476.58000,190.45000,4.09000
4.17000,boost,86.05000,82426.00000,477.46000,191.31000,4.09000
4.18000,boost,86.81000,82412.00000,478.84000,192.17000,4.11000
4.19000,boost,87.57000,82412.00000,478.84000,193.04000,4.11000
4.20000,boost,88.32000,82378.00000,482.19000,193.92000,4.11000
4.21000,boost,89.07000,82345.00000,485.44000,194.81000,4.09000
4.22000,boost,89.81000,82330.00000,486.91000,195.71000,4.09000
4.23000,boost,90.55000,82313.00000,488.59000,196.61000,4.09000
4.24000,boost,91.28000,82294.00000,490.46000,197.52000,4.09000
4.25000,boost,92.01000,82282.00000,491.64000,198.44000,4.09000
4.26000,boost,92.74000,82281.00000,491.74000,199.37000,4.09000
4.27000,boost,93.46000,82276.00000,492.23000,200.30000,4.09000
4.28000,boost,94.17000,82260.00000,493.81000,201.24000,4.09000
4.29000,boost,94.87000,82255.00000,494.30000,202.19000,4.11000
4.30000,boost,95.57000,82255.00000,494.30000,203.15000,4.11000
4.31000,boost,96.26000,82231.00000,496.67000,204.11000,4.09000
4.32000,boost,96.95000,82218.00000,497.95000,205.09000,4.09000
4.33000,boost,97.62000,82206.00000,499.13000,206.07000,4.09000
4.34000,boost,98.29000,82201.00000,499.63000,207.06000,4.09000
4.35000,boost,98.95000,82198.00000,499.92000,208.05000,4.09000
4.36000,boost,99.60000,82177.00000,501.99000,209.06000,4.09000
4.37000,boost,100.24000,82155.00000,504.16000,210.07000,4.09000
4.38000,boost,100.87000,82122.00000,507.42000,211.09000,4.09000
4.39000,boost,101.49000,82090.00000,510.58000,212.11000,4.09000
4.40000,boost,102.11000,82070.00000,512.55000,213.14000,4.11000
4.41000,boost,102.71000,82070.00000,512.55000,214.18000,4.11000
4.42000,boost,103.30000,82042.00000,515.32000,215.23000,4.09000
4.43000,boost,103.88000,82010.00000,518.48000,216.28000,4.09000
4.44000,boost,104.44000,81992.00000,520.25000,217.34000,4.09000
4.45000,boost,105.00000,81968.00000,522.63000,218.41000,4.11000
4.46000,boost,105.54000,81954.00000,524.01000,219.48000,4.09000
4.47000,boost,106.08000,81934.00000,525.99000,220.56000,4.09000
4.48000,boost,106.60000,81917.00000,527.67000,221.64000,4.09000
4.49000,boost,107.10000,81897.00000,529.65000,222.73000,4.09000
4.50000,boost,107.60000,81889.00000,530.44000,223.82000,4.09000
4.51000,boost,108.07000,81891.00000,530.24000,224.92000,4.11000
4.52000,boost,108.54000,81891.00000,530.24000,226.02000,4.11000
4.53000,boost,108.99000,81878.00000,531.53000,227.13000,4.09000
4.54000,boost,109.43000,81864.00000,532.91000,228.25000,4.09000
4.55000,boost,109.85000,81869.00000,532.42000,229.37000,4.09000
4.56000,boost,110.26000,81874.00000,531.92000,230.49000,4.09000
4.57000,boost,110.65000,81866.00000,532.71000,231.62000,4.09000
4.58000,boost,111.03000,81854.00000,533.90000,232.75000,4.09000
4.59000,boost,111.39000,81853.00000,534.00000,233.89000,4.09000
4.60000,boost,111.73000,81831.00000,536.18000,235.03000,4.09000
4.61000,boost,112.06000,81807.00000,538.55000,236.17000,4.09000
4.62000,boost,112.37000,81791.00000,540.14000,237.32000,4.11000
4.63000,boost,112.67000,81791.00000,540.14000,238.47000,4.11000
4.64000,boost,112.94000,81766.00000,542.61000,239.62000,4.09000
4.65000,boost,113.20000,81724.00000,546.77000,240.78000,4.09000
4.66000,boost,113.45000,81704.00000,548.75000,241.94000,4.09000
4.67000,boost,113.67000,81690.00000,550.14000,243.11000,4.09000
4.68000,boost,113.88000,81664.00000,552.72000,244.28000,4.09000
4.69000,boost,114.07000,81643.00000,554.80000,245.45000,4.09000
4.70000,boost,114.24000,81627.00000,556.39000,246.62000,4.09000
4.71000,boost,114.39000,81631.00000,555.99000,247.79000,4.09000
4.72000,boost,114.53000,81642.00000,554.90000,248.96000,4.09000
4.73000,boost,114.64000,81656.00000,553.51000,250.14000,4.12000
4.74000,boost,114.74000,81656.00000,553.51000,251.32000,4.09000
4.75000,boost,114.81000,81693.00000,549.84000,252.50000,4.09000
4.76000,boost,114.87000,81762.00000,543.01000,253.68000,4.09000
4.77000,boost,114.91000,81784.00000,540.83000,254.86000,4.09000
4.78000,boost,114.93000,81774.00000,541.82000,256.04000,4.09000
4.79000,boost,114.93000,81771.00000,542.12000,257.22000,4.09000
4.80000,boost,114.92000,81730.00000,546.18000,258.40000,4.09000
4.81000,boost,114.88000,81686.00000,550.54000,259.58000,4.09000
4.82000,boost,114.82000,81618.00000,557.28000,260.76000,4.09000
4.83000,boost,114.75000,81551.00000,563.92000,261.94000,4.09000
4.84000,boost,114.65000,81479.00000,571.07000,263.12000,4.11000
4.85000,boost,114.53000,81479.00000,571.07000,264.30000,4.09000
4.86000,boost,114.40000,81390.00000,579.92000,265.48000,4.09000
4.87000,boost,114.25000,81293.00000,589.56000,266.66000,4.09000
4.88000,boost,114.07000,81243.00000,594.54000,267.84000,4.09000
4.89000,boost,113.88000,81203.00000,598.52000,269.01000,4.09000
4.90000,boost,113.67000,81165.00000,602.31000,270.19000,4.09000
4.91000,boost,113.44000,81128.00000,605.99000,271.36000,4.09000
4.92000,boost,113.19000,81099.00000,608.88000,272.53000,4.09000
4.93000,boost,112.92000,81087.00000,610.08000,273.70000,4.09000
4.94000,boost,112.63000,81072.00000,611.57000,274.86000,4.09000
4.95000,boost,112.32000,81046.00000,614.17000,276.02000,4.12000
4.96000,boost,112.00000,81046.00000,614.17000,277.18000,4.11000
4.97000,boost,111.65000,81022.00000,616.56000,278.34000,4.09000
4.98000,boost,111.28000,81010.00000,617.76000,279.49000,4.09000
4.99000,boost,110.90000,80978.00000,620.95000,280.63000,4.09000
5.00000,boost,110.49000,80935.00000,625.24000,281.77000,4.09000
5.01000,boost,110.07000,80892.00000,629.54000,282.91000,4.09000
5.02000,boost,109.62000,80854.00000,633.34000,284.04000,4.09000
5.03000,boost,109.15000,80812.00000,637.53000,285.16000,4.09000
5.04000,boost,108.67000,80769.00000,641.83000,286.28000,4.09000
5.05000,boost,108.16000,80721.00000,646.64000,287.40000,4.09000
5.06000,boost,107.63000,80687.00000,650.04000,288.50000,4.11000
5.07000,boost,107.09000,80687.00000,650.04000,289.60000,4.11000
5.08000,boost,106.51000,80648.00000,653.94000,290.70000,4.09000
5.09000,boost,105.92000,80579.00000,660.86000,291.79000,4.09000
5.10000,boost,105.31000,80541.00000,664.66000,292.88000,4.09000
5.11000,boost,104.67000,80507.00000,668.07000,293.96000,4.09000
5.12000,boost,104.01000,80480.00000,670.78000,295.03000,4.09000
5.13000,boost,103.33000,80451.00000,673.69000,296.10000,4.09000
5.14000,boost,102.63000,80410.00000,677.81000,297.16000,4.09000
5.15000,boost,101.90000,80383.00000,680.52000,298.22000,4.09000
5.16000,boost,101.14000,80347.00000,684.13000,299.26000,4.09000
5.17000,boost,100.36000,80312.00000,687.65000,300.30000,4.11000
5.18000,boost,99.56000,80312.00000,687.65000,301.34000,4.11000
5.19000,boost,98.72000,80291.00000,689.76000,302.36000,4.09000
5.20000,boost,97.87000,80226.00000,696.29000,303.38000,4.09000
5.21000,boost,96.98000,80216.00000,697.30000,304.40000,4.09000
5.22000,boost,96.07000,80192.00000,699.71000,305.40000,4.09000
5.23000,boost,95.13000,80165.00000,702.43000,306.40000,4.09000
5.24000,boost,94.16000,80152.00000,703.74000,307.39000,4.09000
5.25000,boost,93.16000,80124.00000,706.56000,308.37000,4.09000
5.26000,boost,92.14000,80097.00000,709.27000,309.35000,4.09000
5.27000,boost,91.08000,80071.00000,711.89000,310.31000,4.09000
5.28000,boost,89.99000,80050.00000,714.01000,311.27000,4.11000
5.29000,boost,88.88000,80050.00000,714.01000,312.22000,4.11000
5.30000,boost,87.73000,79996.00000,719.45000,313.16000,4.09000
5.31000,boost,86.55000,79931.00000,726.00000,314.09000,4.09000
5.32000,boost,85.34000,79900.00000,729.13000,315.01000,4.09000
5.33000,boost,84.10000,79870.00000,732.16000,315.93000,4.09000
5.34000,boost,82.83000,79820.00000,737.21000,316.83000,4.09000
5.35000,boost,81.52000,79762.00000,743.06000,317.73000,4.09000
5.36000,boost,80.18000,79712.00000,748.12000,318.61000,4.09000
5.37000,boost,78.82000,79668.00000,752.57000,319.48000,4.11000
5.38000,boost,77.42000,79624.00000,757.02000,320.34000,4.09000
5.39000,boost,75.99000,79571.00000,762.38000,321.20000,4.11000
5.40000,boost,74.53000,79571.00000,762.38000,322.03000,4.11000
5.41000,boost,73.04000,79498.00000,769.78000,322.86000,4.09000
5.42000,boost,71.52000,79410.00000,778.69000,323.67000,4.09000
5.43000,boost,69.97000,79371.00000,782.65000,324.46000,4.09000
5.44000,boost,68.39000,79314.00000,788.43000,325.24000,4.09000
5.45000,boost,66.79000,79256.00000,794.32000,326.00000,4.09000
5.46000,boost,65.16000,79216.00000,798.39000,326.74000,4.09000
5.47000,boost,63.50000,79178.00000,802.25000,327.45000,4.09000
5.48000,boost,61.82000,79139.00000,806.21000,328.15000,4.09000
5.49000,boost,60.12000,79088.00000,811.40000,328.83000,4.09000
5.50000,boost,58.39000,79059.00000,814.35000,329.49000,4.12000
5.51000,boost,56.65000,79059.00000,814.35000,330.13000,4.11000
5.52000,boost,54.88000,79022.00000,818.12000,330.74000,4.09000
5.53000,boost,53.10000,78960.00000,824.43000,331.33000,4.09000
5.54000,boost,51.30000,78935.00000,826.98000,331.91000,4.09000
5.55000,boost,49.48000,78894.00000,831.16000,332.46000,4.09000
5.56000,boost,47.65000,78881.00000,832.48000,332.99000,4.09000
5.57000,boost,45.81000,78858.00000,834.83000,333.50000,4.09000
5.58000,boost,43.96000,78833.00000,837.38000,333.99000,4.09000
5.59000,boost,42.10000,78823.00000,838.40000,334.46000,4.09000
5.60000,boost,40.24000,78793.00000,841.46000,334.90000,4.09000
5.61000,boost,38.37000,78764.00000,844.42000,335.33000,4.11000
5.62000,boost,36.50000,78764.00000,844.42000,335.72000,4.11000
5.63000,boost,34.62000,78727.00000,848.19000,336.09000,4.09000
5.64000,boost,32.75000,78597.00000,861.48000,336.44000,4.09000
5.65000,boost,30.88000,78478.00000,873.65000,336.76000,4.09000
5.66000,boost,29.02000,78349.00000,886.87000,337.05000,4.09000
5.67000,boost,27.16000,78223.00000,899.79000,337.33000,4.09000
5.68000,boost,25.31000,78124.00000,909.96000,337.57000,4.09000
5.69000,boost,23.47000,78039.00000,918.70000,337.80000,4.09000
5.70000,boost,21.64000,77962.00000,926.62000,338.00000,4.09000
5.71000,boost,19.83000,77900.00000,933.00000,338.17000,4.09000
5.72000,boost,18.03000,77851.00000,938.05000,338.33000,4.11000
5.73000,boost,16.25000,77851.00000,938.05000,338.46000,4.09000
5.74000,boost,14.49000,77788.00000,944.55000,338.57000,4.09000
5.75000,boost,12.75000,77702.00000,953.42000,338.66000,4.09000
5.76000,boost,11.03000,77661.00000,957.65000,338.73000,4.09000
5.77000,boost,9.34000,77640.00000,959.82000,338.78000,4.09000
5.78000,boost,7.67000,77607.00000,963.23000,338.81000,4.09000
5.79000,boost,6.03000,77578.00000,966.22000,338.81000,4.09000
5.80000,boost,4.41000,77551.00000,969.01000,338.80000,4.09000
5.81000,boost,2.83000,77523.00000,971.91000,338.77000,4.09000
5.82000,boost,1.27000,77506.00000,973.67000,338.71000,4.09000
5.83000,boost,-0.26000,77490.00000,975.32000,338.64000,4.12000
5.84000,boost,-1.75000,77490.00000,975.32000,338.56000,4.11000
5.85000,boost,-3.21000,77464.00000,978.01000,338.47000,4.11000
5.86000,boost,-4.64000,77437.00000,980.80000,338.36000,4.09000
5.87000,boost,-6.03000,77432.00000,981.32000,338.25000,4.09000
5.88000,boost,-7.38000,77409.00000,983.70000,338.12000,4.09000
5.89000,boost,-8.70000,77388.00000,985.88000,337.97000,4.09000
5.90000,boost,-9.98000,77375.00000,987.22000,337.82000,4.09000
5.91000,boost,-11.23000,77356.00000,989.19000,337.66000,4.09000
5.92000,boost,-12.43000,77339.00000,990.95000,337.48000,4.09000
5.93000,boost,-13.60000,77305.00000,994.47000,337.28000,4.09000
5.94000,boost,-14.73000,77282.00000,996.86000,337.08000,4.12000
5.95000,boost,-15.82000,77282.00000,996.86000,336.87000,4.11000
5.96000,boost,-16.86000,77242.00000,1001.01000,336.65000,4.09000
5.97000,boost,-17.87000,77197.00000,1005.67000,336.42000,4.09000
5.98000,boost,-18.84000,77163.00000,1009.20000,336.19000,4.09000
5.99000,boost,-19.76000,77127.00000,1012.94000,335.94000,4.09000
6.00000,boost,-20.65000,77098.00000,1015.95000,335.68000,4.09000
6.01000,boost,-21.49000,77060.00000,1019.90000,335.42000,4.11000
6.02000,boost,-22.29000,77019.00000,1024.16000,335.15000,4.11000
6.03000,boost,-23.05000,76988.00000,1027.38000,334.86000,4.09000
6.04000,boost,-23.77000,76952.00000,1031.12000,334.57000,4.09000
6.05000,boost,-24.44000,76917.00000,1034.77000,334.27000,4.11000
6.06000,boost,-25.07000,76917.00000,1034.77000,333.97000,4.11000
6.07000,boost,-25.66000,76878.00000,1038.82000,333.66000,4.09000
6.08000,boost,-26.20000,76823.00000,1044.55000,333.34000,4.09000
6.09000,boost,-26.70000,76787.00000,1048.30000,333.02000,4.09000
6.10000,boost,-27.16000,76760.00000,1051.12000,332.69000,4.09000
6.11000,boost,-27.57000,76721.00000,1055.18000,332.35000,4.11000
6.12000,boost,-27.94000,76700.00000,1057.37000,332.01000,4.09000
6.13000,boost,-28.26000,76671.00000,1060.40000,331.67000,4.09000
6.14000,boost,-28.54000,76622.00000,1065.51000,331.32000,4.09000
6.15000,boost,-28.77000,76596.00000,1068.22000,330.96000,4.09000
6.16000,boost,-28.96000,76579.00000,1070.00000,330.60000,4.11000
6.17000,boost,-29.10000,76579.00000,1070.00000,330.24000,4.11000
6.18000,boost,-29.19000,76537.00000,1074.39000,329.88000,4.09000
6.19000,boost,-29.24000,76478.00000,1080.55000,329.52000,4.09000
6.20000,boost,-29.24000,76446.00000,1083.90000,329.15000,4.09000
6.21000,boost,-29.19000,76419.00000,1086.72000,328.79000,4.09000
6.22000,boost,-29.09000,76382.00000,1090.59000,328.42000,4.09000
6.23000,boost,-28.95000,76344.00000,1094.57000,328.05000,4.11000
6.24000,boost,-28.76000,76316.00000,1097.50000,327.68000,4.09000
6.25000,boost,-28.52000,76287.00000,1100.54000,327.32000,4.09000
6.26000,boost,-28.23000,76254.00000,1104.00000,326.94000,4.09000
6.27000,boost,-27.89000,76212.00000,1108.40000,326.57000,4.11000
6.28000,boost,-27.50000,76212.00000,1108.40000,326.21000,4.11000
6.29000,boost,-27.06000,76162.00000,1113.64000,325.85000,4.09000
6.30000,boost,-26.58000,76108.00000,1119.31000,325.49000,4.09000
6.31000,boost,-26.04000,76076.00000,1122.67000,325.13000,4.09000
6.32000,boost,-25.45000,76042.00000,1126.24000,324.78000,4.09000
6.33000,boost,-24.81000,76011.00000,1129.49000,324.44000,4.09000
6.34000,boost,-24.12000,75974.00000,1133.38000,324.10000,4.09000
6.35000,boost,-23.38000,75946.00000,1136.32000,323.76000,4.09000
6.36000,boost,-22.58000,75918.00000,1139.27000,323.44000,4.09000
6.37000,boost,-21.74000,75884.00000,1142.84000,323.11000,4.09000
6.38000,boost,-20.84000,75843.00000,1147.16000,322.80000,4.12000
6.39000,boost,-19.90000,75843.00000,1147.16000,322.50000,4.11000
6.40000,boost,-18.90000,75805.00000,1151.16000,322.21000,4.09000
6.41000,boost,-17.85000,75743.00000,1157.69000,321.92000,4.09000
6.42000,boost,-16.74000,75704.00000,1161.80000,321.65000,4.09000
6.43000,boost,-15.59000,75678.00000,1164.54000,321.39000,4.09000
6.44000,boost,-14.39000,75634.00000,1169.18000,321.15000,4.09000
6.45000,boost,-13.13000,75611.00000,1171.61000,320.92000,4.09000
6.46000,boost,-11.83000,75567.00000,1176.25000,320.70000,4.09000
6.47000,boost,-10.47000,75540.00000,1179.10000,320.49000,4.09000
6.48000,boost,-9.07000,75500.00000,1183.32000,320.29000,4.09000
6.49000,boost,-7.61000,75471.00000,1186.39000,320.11000,4.11000
6.50000,boost,-6.11000,75471.00000,1186.39000,319.96000,4.11000
6.51000,boost,-4.56000,75428.00000,1190.93000,319.81000,4.09000
6.52000,boost,-2.95000,75373.00000,1196.75000,319.68000,4.09000
6.53000,boost,-1.31000,75341.00000,1200.13000,319.57000,4.11000
6.54000,boost,0.39000,75308.00000,1203.63000,319.48000,4.09000
6.55000,boost,2.13000,75261.00000,1208.60000,319.41000,4.09000
6.56000,boost,3.92000,75229.00000,1211.99000,319.35000,4.09000
6.57000,boost,5.75000,75199.00000,1215.17000,319.32000,4.09000
6.58000,boost,7.63000,75164.00000,1218.88000,319.30000,4.09000
6.59000,boost,9.55000,75128.00000,1222.70000,319.30000,4.09000
6.60000,boost,11.51000,75095.00000,1226.20000,319.32000,4.12000
6.61000,boost,13.52000,75095.00000,1226.20000,319.37000,4.11000
6.62000,boost,15.57000,75057.00000,1230.23000,319.44000,4.09000
6.63000,boost,17.65000,74994.00000,1236.92000,319.53000,4.09000
6.64000,boost,19.78000,74963.00000,1240.21000,319.64000,4.09000
6.65000,boost,21.95000,74934.00000,1243.30000,319.78000,4.09000
6.66000,boost,24.16000,74884.00000,1248.61000,319.94000,4.09000
6.67000,boost,26.40000,74852.00000,1252.01000,320.12000,4.09000
6.68000,boost,28.68000,74811.00000,1256.38000,320.33000,4.09000
6.69000,boost,30.99000,74777.00000,1260.00000,320.56000,4.09000
6.70000,boost,33.34000,74733.00000,1264.68000,320.82000,4.09000
6.71000,boost,35.72000,74704.00000,1267.77000,321.10000,4.11000
6.72000,boost,38.14000,74704.00000,1267.77000,321.40000,4.11000
6.73000,boost,40.58000,74662.00000,1272.25000,321.73000,4.09000
6.74000,boost,43.06000,74609.00000,1277.90000,322.08000,4.09000
6.75000,boost,45.57000,74575.00000,1281.52000,322.46000,4.09000
6.76000,boost,48.10000,74550.00000,1284.19000,322.86000,4.09000
6.77000,boost,50.66000,74532.00000,1286.11000,323.29000,4.09000
6.78000,boost,53.25000,74500.00000,1289.53000,323.74000,4.09000
6.79000,boost,55.86000,74464.00000,1293.37000,324.22000,4.09000
6.80000,boost,58.50000,74437.00000,1296.26000,324.73000,4.11000
6.81000,boost,61.16000,74417.00000,1298.40000,325.27000,4.09000
6.82000,boost,63.85000,74395.00000,1300.75000,325.84000,4.11000
6.83000,boost,66.55000,74395.00000,1300.75000,326.44000,4.11000
6.84000,boost,69.27000,74360.00000,1304.49000,327.08000,4.09000
6.85000,boost,72.01000,74312.00000,1309.62000,327.74000,4.09000
6.86000,boost,74.77000,74281.00000,1312.94000,328.44000,4.09000
6.87000,boost,77.55000,74250.00000,1316.26000,329.17000,4.09000
6.88000,boost,80.34000,74222.00000,1319.26000,329.93000,4.09000
6.89000,boost,83.14000,74183.00000,1323.44000,330.72000,4.09000
6.90000,boost,85.96000,74163.00000,1325.58000,331.54000,4.09000
6.91000,boost,88.79000,74128.00000,1329.33000,332.38000,4.09000
6.92000,boost,91.62000,74100.00000,1332.33000,333.26000,4.09000
6.93000,boost,94.47000,74066.00000,1335.98000,334.15000,4.11000
6.94000,boost,97.33000,74066.00000,1335.98000,335.08000,4.11000
6.95000,boost,100.19000,74028.00000,1340.06000,336.04000,4.09000
6.96000,boost,103.06000,73985.00000,1344.68000,337.02000,4.09000
6.97000,boost,105.94000,73960.00000,1347.36000,338.04000,4.09000
6.98000,boost,108.81000,73942.00000,1349.29000,339.09000,4.09000
6.99000,boost,111.69000,73923.00000,1351.34000,340.17000,4.09000
7.00000,boost,114.57000,73911.00000,1352.62000,341.28000,4.09000
7.01000,boost,117.45000,73889.00000,1354.99000,342.42000,4.09000
7.02000,boost,120.33000,73869.00000,1357.14000,343.60000,4.09000
7.03000,boost,123.20000,73855.00000,1358.65000,344.80000,4.09000
7.04000,boost,126.08000,73829.00000,1361.44000,346.04000,4.11000
7.05000,boost,128.94000,73829.00000,1361.44000,347.31000,4.11000
7.06000,boost,131.80000,73798.00000,1364.78000,348.62000,4.09000
7.07000,boost,134.65000,73754.00000,1369.51000,349.95000,4.09000
7.08000,boost,137.49000,73724.00000,1372.74000,351.31000,4.09000
7.09000,boost,140.32000,73670.00000,1378.56000,352.70000,4.09000
7.10000,boost,143.14000,73651.00000,1380.61000,354.13000,4.09000
7.11000,boost,145.95000,73601.00000,1386.00000,355.59000,4.09000
7.12000,boost,148.74000,73560.00000,1390.42000,357.07000,4.09000
7.13000,boost,151.51000,73520.00000,1394.74000,358.58000,4.09000
7.14000,boost,154.27000,73486.00000,1398.41000,360.12000,4.09000
7.15000,boost,157.01000,73448.00000,1402.51000,361.70000,4.11000
7.16000,boost,159.73000,73448.00000,1402.51000,363.30000,4.11000
7.17000,boost,162.43000,73395.00000,1408.24000,364.93000,4.09000
7.18000,boost,165.11000,73328.00000,1415.48000,366.59000,4.09000
7.19000,boost,167.76000,73284.00000,1420.24000,368.28000,4.09000
7.20000,boost,170.39000,73258.00000,1423.05000,370.00000,4.09000
7.21000,boost,172.99000,73221.00000,1427.06000,371.75000,4.09000
7.22000,boost,175.57000,73189.00000,1430.53000,373.52000,4.11000
7.23000,boost,178.12000,73148.00000,1434.97000,375.32000,4.11000
7.24000,boost,180.63000,73118.00000,1438.22000,377.15000,4.09000
7.25000,boost,183.12000,73083.00000,1442.02000,379.00000,4.09000
7.26000,boost,185.57000,73040.00000,1446.68000,380.88000,4.12000
7.27000,boost,187.99000,73040.00000,1446.68000,382.79000,4.11000
7.28000,boost,190.37000,72993.00000,1451.78000,384.72000,4.09000
7.29000,boost,192.72000,72940.00000,1457.54000,386.68000,4.09000
7.30000,boost,195.03000,72908.00000,1461.01000,388.67000,4.09000
7.31000,boost,197.30000,72881.00000,1463.95000,390.68000,4.09000
7.32000,boost,199.53000,72857.00000,1466.56000,392.72000,4.09000
7.33000,boost,201.72000,72808.00000,1471.89000,394.78000,4.09000
7.34000,boost,203.87000,72793.00000,1473.52000,396.86000,4.09000
7.35000,boost,205.97000,72762.00000,1476.89000,398.97000,4.09000
7.36000,boost,208.03000,72732.00000,1480.16000,401.11000,4.09000
7.37000,boost,210.05000,72707.00000,1482.88000,403.26000,4.11000
7.38000,boost,212.01000,72707.00000,1482.88000,405.44000,4.11000
7.39000,boost,213.93000,72677.00000,1486.15000,407.64000,4.09000
7.40000,boost,215.80000,72661.00000,1487.89000,409.86000,4.09000
7.41000,boost,217.62000,72674.00000,1486.47000,412.11000,4.09000
7.42000,boost,219.38000,72704.00000,1483.21000,414.38000,4.09000
7.43000,boost,221.10000,72751.00000,1478.09000,416.66000,4.09000
7.44000,boost,222.76000,72810.00000,1471.67000,418.97000,4.09000
7.45000,boost,224.36000,72893.00000,1462.64000,421.30000,4.09000
7.46000,boost,225.91000,72964.00000,1454.93000,423.64000,4.09000
7.47000,boost,227.40000,73050.00000,1445.60000,426.00000,4.09000
7.48000,boost,228.84000,73134.00000,1436.49000,428.37000,4.12000
7.49000,boost,230.21000,73134.00000,1436.49000,430.77000,4.11000
7.50000,boost,231.53000,73210.00000,1428.25000,433.17000,4.09000
7.51000,boost,232.78000,73340.00000,1414.18000,435.59000,4.11000
7.52000,boost,233.97000,73408.00000,1406.83000,438.03000,4.09000
7.53000,boost,235.10000,73462.00000,1401.00000,440.47000,4.09000
7.54000,boost,236.17000,73523.00000,1394.41000,442.93000,4.09000
7.55000,boost,237.18000,73566.00000,1389.77000,445.40000,4.09000
7.56000,boost,238.12000,73614.00000,1384.60000,447.88000,4.09000
7.57000,boost,238.99000,73679.00000,1377.59000,450.36000,4.11000
7.58000,boost,239.80000,73728.00000,1372.31000,452.86000,4.11000
7.59000,coast,240.54000,73774.00000,1367.36000,455.36000,4.11000
7.60000,coast,241.22000,73774.00000,1367.36000,457.87000,4.09000
7.61000,coast,241.83000,73868.00000,1357.25000,460.38000,4.09000
7.62000,coast,242.37000,73969.00000,1346.39000,462.91000,4.09000
7.63000,coast,242.84000,74034.00000,1339.42000,465.43000,4.09000
7.64000,coast,243.24000,74083.00000,1334.16000,467.97000,4.09000
7.65000,coast,243.57000,74134.00000,1328.69000,470.52000,4.09000
7.66000,coast,243.84000,74190.00000,1322.69000,473.07000,4.09000
7.67000,coast,244.03000,74233.00000,1318.08000,475.63000,4.09000
7.68000,coast,244.16000,74269.00000,1314.23000,478.20000,4.11000
7.69000,coast,244.21000,74292.00000,1311.76000,480.77000,4.11000
7.70000,coast,244.19000,74286.00000,1312.41000,483.34000,4.12000
7.71000,coast,244.11000,74286.00000,1312.41000,485.92000,4.11000
7.72000,coast,243.95000,74270.00000,1314.12000,488.49000,4.09000
7.73000,coast,243.72000,74242.00000,1317.12000,491.05000,4.09000
7.74000,coast,243.42000,74215.00000,1320.01000,493.62000,4.09000
7.75000,coast,243.05000,74181.00000,1323.65000,496.18000,4.09000
7.76000,coast,242.60000,74136.00000,1328.47000,498.74000,4.09000
7.77000,coast,242.09000,74089.00000,1333.51000,501.30000,4.09000
7.78000,coast,241.51000,74029.00000,1339.95000,503.84000,4.12000
7.79000,coast,240.86000,73978.00000,1345.43000,506.38000,4.09000
7.80000,coast,240.14000,73924.00000,1351.23000,508.91000,4.12000
7.81000,coast,239.34000,73831.00000,1361.23000,511.43000,4.11000
7.82000,coast,238.48000,73831.00000,1361.23000,513.95000,4.09000
7.83000,coast,237.55000,73693.00000,1376.08000,516.45000,4.09000
7.84000,coast,236.55000,73453.00000,1401.97000,518.94000,4.11000
7.85000,coast,235.49000,73302.00000,1418.29000,521.42000,4.11000
7.86000,coast,234.35000,73156.00000,1434.10000,523.88000,4.09000
7.87000,coast,233.15000,72998.00000,1451.24000,526.34000,4.09000
7.88000,coast,231.88000,72836.00000,1468.84000,528.78000,4.09000
7.89000,coast,230.55000,72692.00000,1484.51000,531.21000,4.09000
7.90000,coast,229.15000,72548.00000,1500.21000,533.62000,4.09000
7.91000,coast,227.68000,72405.00000,1515.83000,536.01000,4.09000
7.92000,coast,226.15000,72271.00000,1530.48000,538.39000,4.11000
7.93000,coast,224.56000,72271.00000,1530.48000,540.75000,4.09000
7.94000,coast,222.91000,72101.00000,1549.10000,543.10000,4.09000
7.95000,coast,221.19000,71879.00000,1573.47000,545.43000,4.09000
7.96000,coast,219.41000,71756.00000,1587.00000,547.74000,4.11000
7.97000,coast,217.57000,71644.00000,1599.34000,550.03000,4.09000
7.98000,coast,215.68000,71520.00000,1613.02000,552.30000,4.09000
7.99000,coast,213.72000,71405.00000,1625.72000,554.56000,4.09000
8.00000,coast,211.70000,71289.00000,1638.54000,556.79000,4.09000
8.01000,coast,209.63000,71186.00000,1649.95000,559.00000,4.09000
8.02000,coast,207.50000,71085.00000,1661.15000,561.19000,4.09000
8.03000,coast,205.32000,70979.00000,1672.91000,563.36000,4.12000
8.04000,coast,203.08000,70979.00000,1672.91000,565.51000,4.11000
8.05000,coast,200.79000,70849.00000,1687.36000,567.63000,4.11000
8.06000,coast,198.45000,70685.00000,1705.61000,569.72000,4.09000
8.07000,coast,196.06000,70586.00000,1716.65000,571.79000,4.09000
8.08000,coast,193.61000,70495.00000,1726.81000,573.84000,4.09000
8.09000,coast,191.12000,70412.00000,1736.08000,575.86000,4.09000
8.10000,coast,188.57000,70315.00000,1746.93000,577.85000,4.09000
8.11000,coast,185.98000,70220.00000,1757.56000,579.82000,4.09000
8.12000,coast,183.34000,70133.00000,1767.31000,581.76000,4.11000
8.13000,coast,180.66000,70045.00000,1777.19000,583.66000,4.11000
8.14000,coast,177.93000,69966.00000,1786.06000,585.54000,4.11000
8.15000,coast,175.16000,69966.00000,1786.06000,587.39000,4.11000
8.16000,coast,172.35000,69861.00000,1797.86000,589.22000,4.09000
8.17000,coast,169.50000,69722.00000,1813.51000,591.00000,4.09000
8.18000,coast,166.60000,69637.00000,1823.09000,592.76000,4.09000
8.19000,coast,163.67000,69555.00000,1832.34000,594.49000,4.11000
8.20000,coast,160.70000,69470.00000,1841.94000,596.19000,4.11000
8.21000,coast,157.69000,69390.00000,1850.99000,597.86000,4.09000
8.22000,coast,154.64000,69316.00000,1859.36000,599.50000,4.09000
8.23000,coast,151.56000,69241.00000,1867.86000,601.10000,4.09000
8.24000,coast,148.44000,69173.00000,1875.56000,602.67000,4.09000
8.25000,coast,145.30000,69102.00000,1883.62000,604.20000,4.11000
8.26000,coast,142.12000,69102.00000,1883.62000,605.70000,4.11000
8.27000,coast,138.90000,68987.00000,1896.68000,607.17000,4.11000
8.28000,coast,135.66000,68866.00000,1910.44000,608.61000,4.09000
8.29000,coast,132.39000,68797.00000,1918.29000,610.01000,4.09000
8.30000,coast,129.10000,68716.00000,1927.52000,611.38000,4.09000
8.31000,coast,125.77000,68638.00000,1936.42000,612.71000,4.09000
8.32000,coast,122.42000,68562.00000,1945.10000,614.01000,4.09000
8.33000,coast,119.04000,68475.00000,1955.04000,615.27000,4.09000
8.34000,coast,115.64000,68408.00000,1962.70000,616.50000,4.11000
8.35000,coast,112.22000,68317.00000,1973.12000,617.69000,4.11000
8.36000,coast,108.78000,68246.00000,1981.25000,618.84000,4.12000
8.37000,coast,105.32000,68246.00000,1981.25000,619.96000,4.11000
8.38000,coast,101.83000,68142.00000,1993.18000,621.04000,4.09000
8.39000,coast,98.33000,68010.00000,2008.35000,622.09000,4.09000
8.40000,coast,94.82000,67924.00000,2018.24000,623.10000,4.09000
8.41000,coast,91.28000,67848.00000,2026.99000,624.07000,4.09000
8.42000,coast,87.74000,67772.00000,2035.74000,625.01000,4.09000
8.43000,coast,84.18000,67683.00000,2046.01000,625.92000,4.09000
8.44000,coast,80.60000,67599.00000,2055.71000,626.78000,4.09000
8.45000,coast,77.02000,67514.00000,2065.53000,627.61000,4.09000
8.46000,coast,73.43000,67428.00000,2075.48000,628.40000,4.09000
8.47000,coast,69.83000,67342.00000,2085.45000,629.15000,4.11000
8.48000,coast,66.22000,67342.00000,2085.45000,629.87000,4.11000
8.49000,coast,62.60000,67228.00000,2098.67000,630.54000,4.09000
8.50000,coast,58.98000,67074.00000,2116.55000,631.18000,4.09000
8.51000,coast,55.36000,66981.00000,2127.37000,631.78000,4.09000
8.52000,coast,51.74000,66895.00000,2137.38000,632.35000,4.11000
8.53000,coast,48.11000,66800.00000,2148.46000,632.87000,4.09000
8.54000,coast,44.49000,66718.00000,2158.03000,633.36000,4.09000
8.55000,coast,40.86000,66636.00000,2167.61000,633.81000,4.09000
8.56000,coast,37.25000,66547.00000,2178.02000,634.22000,4.09000
8.57000,coast,33.63000,66477.00000,2186.21000,634.59000,4.11000
8.58000,coast,30.02000,66408.00000,2194.29000,634.92000,4.12000
8.59000,coast,26.42000,66408.00000,2194.29000,635.22000,4.11000
8.60000,coast,22.82000,66301.00000,2206.84000,635.47000,4.11000
8.61000,coast,19.24000,66185.00000,2220.46000,635.68000,4.09000
8.62000,coast,15.67000,66118.00000,2228.34000,635.86000,4.09000
8.63000,coast,12.11000,66050.00000,2236.34000,635.99000,4.09000
8.64000,coast,8.56000,65980.00000,2244.59000,636.09000,4.09000
8.65000,coast,5.03000,65915.00000,2252.25000,636.15000,4.11000
8.66000,coast,1.51000,65853.00000,2259.56000,636.18000,4.09000
8.67000,coast,-1.98000,65801.00000,2265.70000,636.16000,4.09000
8.68000,coast,-5.46000,65741.00000,2272.78000,636.11000,4.09000
8.69000,coast,-8.92000,65688.00000,2279.05000,636.02000,4.11000
8.70000,coast,-12.36000,65688.00000,2279.05000,635.89000,4.11000
8.71000,coast,-15.77000,65618.00000,2287.33000,635.73000,4.11000
8.72000,coast,-19.16000,65531.00000,2297.63000,635.52000,4.09000
8.73000,coast,-22.52000,65471.00000,2304.74000,635.29000,4.09000
8.74000,coast,-25.86000,65419.00000,2310.91000,635.02000,4.09000
8.75000,coast,-29.17000,65368.00000,2316.96000,634.71000,4.09000
8.76000,coast,-32.44000,65317.00000,2323.02000,634.36000,4.09000
8.77000,coast,-35.69000,65257.00000,2330.15000,633.98000,4.09000
8.78000,coast,-38.91000,65206.00000,2336.21000,633.57000,4.09000
8.79000,coast,-42.09000,65152.00000,2342.64000,633.12000,4.09000
8.80000,coast,-45.24000,65105.00000,2348.23000,632.63000,4.11000
8.81000,coast,-48.36000,65105.00000,2348.23000,632.12000,4.11000
8.82000,coast,-51.44000,65038.00000,2356.21000,631.57000,4.09000
8.83000,coast,-54.48000,64964.00000,2365.04000,630.98000,4.09000
8.84000,coast,-57.48000,64922.00000,2370.05000,630.37000,4.09000
8.85000,coast,-60.45000,64871.00000,2376.14000,629.72000,4.11000
8.86000,coast,-63.37000,64841.00000,2379.72000,629.04000,4.09000
8.87000,coast,-66.26000,64793.00000,2385.46000,628.34000,4.09000
8.88000,coast,-69.10000,64769.00000,2388.33000,627.60000,4.09000
8.89000,coast,-71.90000,64748.00000,2390.84000,626.84000,4.09000
8.90000,coast,-74.66000,64741.00000,2391.68000,626.04000,4.09000
8.91000,coast,-77.37000,64723.00000,2393.83000,625.22000,4.11000
8.92000,coast,-80.04000,64723.00000,2393.83000,624.37000,4.11000
8.93000,coast,-82.66000,64706.00000,2395.87000,623.49000,4.09000
8.94000,coast,-85.24000,64715.00000,2394.79000,622.58000,4.09000
8.95000,coast,-87.76000,64628.00000,2405.21000,621.65000,4.09000
8.96000,coast,-90.25000,64582.00000,2410.72000,620.70000,4.09000
8.97000,coast,-92.68000,64518.00000,2418.40000,619.72000,4.09000
8.98000,coast,-95.07000,64460.00000,2425.36000,618.71000,4.09000
8.99000,coast,-97.41000,64408.00000,2431.60000,617.68000,4.09000
9.00000,coast,-99.70000,64334.00000,2440.50000,616.62000,4.09000
9.01000,coast,-101.94000,64278.00000,2447.23000,615.53000,4.09000
9.02000,coast,-104.13000,64222.00000,2453.97000,614.43000,4.12000
9.03000,coast,-106.27000,64222.00000,2453.97000,613.30000,4.11000
9.04000,coast,-108.36000,64155.00000,2462.05000,612.15000,4.09000
9.05000,coast,-110.40000,64051.00000,2474.59000,610.97000,4.09000
9.06000,coast,-112.40000,64013.00000,2479.18000,609.78000,4.09000
9.07000,coast,-114.34000,63959.00000,2485.70000,608.57000,4.09000
9.08000,coast,-116.23000,63912.00000,2491.38000,607.34000,4.09000
9.09000,coast,-118.08000,63888.00000,2494.28000,606.09000,4.09000
9.10000,coast,-119.87000,63833.00000,2500.93000,604.82000,4.09000
9.11000,coast,-121.61000,63784.00000,2506.86000,603.53000,4.09000
9.12000,coast,-123.30000,63743.00000,2511.83000,602.23000,4.09000
9.13000,coast,-124.95000,63702.00000,2516.80000,600.91000,4.11000
9.14000,coast,-126.54000,63702.00000,2516.80000,599.57000,4.11000
9.15000,coast,-128.08000,63643.00000,2523.95000,598.22000,4.09000
9.16000,coast,-129.58000,63543.00000,2536.09000,596.86000,4.09000
9.17000,coast,-131.02000,63494.00000,2542.05000,595.48000,4.09000
9.18000,coast,-132.41000,63447.00000,2547.76000,594.08000,4.09000
9.19000,coast,-133.76000,63400.00000,2553.48000,592.68000,4.09000
9.20000,coast,-135.06000,63336.00000,2561.27000,591.26000,4.09000
9.21000,coast,-136.30000,63294.00000,2566.38000,589.83000,4.09000
9.22000,coast,-137.50000,63244.00000,2572.48000,588.38000,4.09000
9.23000,coast,-138.65000,63190.00000,2579.06000,586.92000,4.09000
9.24000,coast,-139.75000,63140.00000,2585.17000,585.46000,4.11000
9.25000,coast,-140.81000,63140.00000,2585.17000,583.98000,4.11000
9.26000,coast,-141.81000,63083.00000,2592.13000,582.50000,4.09000
9.27000,coast,-142.76000,62995.00000,2602.89000,581.00000,4.09000
9.28000,coast,-143.67000,62947.00000,2608.76000,579.50000,4.09000
9.29000,coast,-144.53000,62901.00000,2614.39000,577.99000,4.09000
9.30000,coast,-145.33000,62848.00000,2620.88000,576.47000,4.09000
9.31000,coast,-146.09000,62799.00000,2626.89000,574.94000,4.09000
9.32000,coast,-146.80000,62762.00000,2631.43000,573.41000,4.09000
9.33000,coast,-147.46000,62719.00000,2636.71000,571.88000,4.09000
9.34000,coast,-148.08000,62665.00000,2643.34000,570.33000,4.09000
9.35000,coast,-148.64000,62621.00000,2648.74000,568.78000,4.12000
9.36000,coast,-149.15000,62621.00000,2648.74000,567.23000,4.11000
9.37000,coast,-149.61000,62565.00000,2655.63000,565.68000,4.09000
9.38000,coast,-150.02000,62489.00000,2664.98000,564.12000,4.09000
9.39000,coast,-150.39000,62445.00000,2670.40000,562.56000,4.09000
9.40000,coast,-150.70000,62390.00000,2677.18000,560.99000,4.09000
9.41000,coast,-150.95000,62346.00000,2682.60000,559.42000,4.09000
9.42000,coast,-151.16000,62302.00000,2688.03000,557.85000,4.09000
9.43000,coast,-151.32000,62263.00000,2692.85000,556.27000,4.09000
9.44000,coast,-151.42000,62212.00000,2699.14000,554.69000,4.09000
9.45000,coast,-151.47000,62176.00000,2703.59000,553.10000,4.09000
9.46000,coast,-151.47000,62132.00000,2709.03000,551.50000,4.11000
9.47000,coast,-151.41000,62132.00000,2709.03000,549.91000,4.11000
9.48000,coast,-151.30000,62076.00000,2715.96000,548.31000,4.11000
9.49000,coast,-151.14000,61999.00000,2725.50000,546.71000,4.09000
9.50000,coast,-150.92000,61967.00000,2729.47000,545.11000,4.09000
9.51000,coast,-150.65000,61926.00000,2734.55000,543.51000,4.09000
9.52000,coast,-150.32000,61902.00000,2737.53000,541.91000,4.09000
9.53000,coast,-149.94000,61867.00000,2741.87000,540.31000,4.09000
9.54000,coast,-149.50000,61839.00000,2745.35000,538.71000,4.09000
9.55000,coast,-149.01000,61811.00000,2748.82000,537.12000,4.09000
9.56000,coast,-148.47000,61770.00000,2753.92000,535.52000,4.09000
9.57000,coast,-147.87000,61742.00000,2757.40000,533.94000,4.12000
9.58000,coast,-147.22000,61742.00000,2757.40000,532.36000,4.11000
9.59000,coast,-146.51000,61707.00000,2761.75000,530.78000,4.09000
9.60000,coast,-145.75000,61651.00000,2768.72000,529.22000,4.09000
9.61000,coast,-144.94000,61629.00000,2771.46000,527.66000,4.09000
9.62000,coast,-144.07000,61600.00000,2775.07000,526.10000,4.09000
9.63000,coast,-143.15000,61557.00000,2780.42000,524.55000,4.09000
9.64000,coast,-142.18000,61542.00000,2782.29000,523.01000,4.09000
9.65000,coast,-141.16000,61504.00000,2787.03000,521.48000,4.09000
9.66000,coast,-140.08000,61473.00000,2790.90000,519.95000,4.09000
9.67000,coast,-138.96000,61442.00000,2794.77000,518.44000,4.09000
9.68000,coast,-137.79000,61402.00000,2799.76000,516.93000,4.11000
9.69000,coast,-136.58000,61402.00000,2799.76000,515.45000,4.11000
9.70000,coast,-135.31000,61371.00000,2803.63000,513.97000,4.09000
9.71000,coast,-134.01000,61316.00000,2810.51000,512.52000,4.09000
9.72000,coast,-132.66000,61292.00000,2813.51000,511.08000,4.09000
9.73000,coast,-131.27000,61260.00000,2817.51000,509.65000,4.09000
9.74000,coast,-129.84000,61222.00000,2822.27000,508.25000,4.09000
9.75000,coast,-128.37000,61189.00000,2826.40000,506.86000,4.09000
9.76000,coast,-126.86000,61157.00000,2830.41000,505.49000,4.09000
9.77000,coast,-125.32000,61124.00000,2834.54000,504.15000,4.09000
9.78000,coast,-123.74000,61090.00000,2838.80000,502.82000,4.09000
9.79000,coast,-122.13000,61053.00000,2843.44000,501.51000,4.11000
9.80000,coast,-120.50000,61053.00000,2843.44000,500.22000,4.09000
9.81000,coast,-118.83000,61016.00000,2848.09000,498.96000,4.09000
9.82000,coast,-117.14000,60947.00000,2856.75000,497.71000,4.09000
9.83000,coast,-115.43000,60905.00000,2862.03000,496.48000,4.09000
9.84000,coast,-113.69000,60874.00000,2865.93000,495.29000,4.09000
9.85000,coast,-111.94000,60829.00000,2871.59000,494.13000,4.09000
9.86000,coast,-110.16000,60794.00000,2875.99000,492.99000,4.09000
9.87000,coast,-108.37000,60751.00000,2881.41000,491.87000,4.09000
9.88000,coast,-106.57000,60714.00000,2886.07000,490.79000,4.09000
9.89000,coast,-104.76000,60675.00000,2890.99000,489.72000,4.09000
9.90000,coast,-102.93000,60638.00000,2895.65000,488.68000,4.11000
9.91000,coast,-101.10000,60638.00000,2895.65000,487.66000,4.11000
9.92000,coast,-99.26000,60585.00000,2902.34000,486.67000,4.09000
9.93000,coast,-97.42000,60520.00000,2910.55000,485.69000,4.09000
9.94000,coast,-95.57000,60499.00000,2913.20000,484.73000,4.09000
9.95000,coast,-93.73000,60452.00000,2919.15000,483.81000,4.09000
9.96000,coast,-91.89000,60408.00000,2924.71000,482.90000,4.09000
9.97000,coast,-90.05000,60376.00000,2928.76000,482.01000,4.09000
9.98000,coast,-88.21000,60338.00000,2933.57000,481.15000,4.09000
9.99000,coast,-86.38000,60305.00000,2937.75000,480.31000,4.09000
10.00000,coast,-84.56000,60271.00000,2942.06000,479.48000,4.09000
10.01000,coast,-82.75000,60238.00000,2946.25000,478.67000,4.12000
10.02000,coast,-80.95000,60238.00000,2946.25000,477.89000,4.11000
10.03000,coast,-79.16000,60183.00000,2953.23000,477.12000,4.09000
10.04000,coast,-77.38000,60136.00000,2959.19000,476.37000,4.09000
10.05000,coast,-75.62000,60108.00000,2962.75000,475.63000,4.09000
10.06000,coast,-73.87000,60079.00000,2966.44000,474.92000,4.09000
10.07000,coast,-72.13000,60045.00000,2970.76000,474.23000,4.09000
10.08000,coast,-70.41000,60021.00000,2973.81000,473.56000,4.09000
10.09000,coast,-68.71000,59977.00000,2979.41000,472.90000,4.09000
10.10000,coast,-67.03000,59950.00000,2982.85000,472.26000,4.09000
10.11000,coast,-65.37000,59927.00000,2985.77000,471.63000,4.09000
10.12000,coast,-63.72000,59891.00000,2990.36000,471.02000,4.11000
10.13000,coast,-62.09000,59891.00000,2990.36000,470.42000,4.11000
10.14000,coast,-60.49000,59849.00000,2995.71000,469.84000,4.09000
10.15000,coast,-58.90000,59798.00000,3002.22000,469.27000,4.09000
10.16000,coast,-57.34000,59759.00000,3007.20000,468.71000,4.09000
10.17000,coast,-55.79000,59721.00000,3012.05000,468.18000,4.09000
10.18000,coast,-54.27000,59691.00000,3015.88000,467.66000,4.09000
10.19000,coast,-52.76000,59649.00000,3021.25000,467.15000,4.09000
10.20000,coast,-51.28000,59609.00000,3026.36000,466.65000,4.09000
10.21000,coast,-49.82000,59573.00000,3030.97000,466.17000,4.09000
10.22000,coast,-48.38000,59539.00000,3035.32000,465.71000,4.09000
10.23000,coast,-46.96000,59508.00000,3039.29000,465.25000,4.12000
10.24000,coast,-45.57000,59508.00000,3039.29000,464.81000,4.11000
10.25000,coast,-44.19000,59452.00000,3046.47000,464.39000,4.09000
10.26000,coast,-42.84000,59382.00000,3055.44000,463.97000,4.09000
10.27000,coast,-41.51000,59343.00000,3060.45000,463.56000,4.09000
10.28000,coast,-40.19000,59307.00000,3065.07000,463.18000,4.09000
10.29000,coast,-38.90000,59259.00000,3071.24000,462.80000,4.09000
10.30000,coast,-37.63000,59235.00000,3074.32000,462.44000,4.09000
10.31000,coast,-36.39000,59182.00000,3081.14000,462.09000,4.09000
10.32000,coast,-35.16000,59139.00000,3086.67000,461.75000,4.09000
10.33000,coast,-33.95000,59096.00000,3092.21000,461.43000,4.09000
10.34000,coast,-32.77000,59052.00000,3097.88000,461.11000,4.11000
10.35000,coast,-31.61000,59052.00000,3097.88000,460.81000,4.11000
10.36000,coast,-30.46000,59001.00000,3104.46000,460.52000,4.09000
10.37000,coast,-29.34000,58917.00000,3115.30000,460.24000,4.09000
10.38000,coast,-28.24000,58881.00000,3119.95000,459.97000,4.09000
10.39000,coast,-27.16000,58831.00000,3126.41000,459.72000,4.09000
10.40000,coast,-26.10000,58796.00000,3130.93000,459.48000,4.09000
10.41000,coast,-25.06000,58754.00000,3136.37000,459.25000,4.09000
10.42000,coast,-24.04000,58697.00000,3143.75000,459.03000,4.09000
10.43000,coast,-23.05000,58667.00000,3147.63000,458.82000,4.09000
10.44000,coast,-22.07000,58624.00000,3153.21000,458.62000,4.09000
10.45000,coast,-21.12000,58578.00000,3159.17000,458.43000,4.11000
10.46000,coast,-20.19000,58578.00000,3159.17000,458.26000,4.11000
10.47000,coast,-19.28000,58513.00000,3167.61000,458.09000,4.09000
10.48000,coast,-18.39000,58462.00000,3174.23000,457.93000,4.09000
10.49000,coast,-17.52000,58431.00000,3178.26000,457.78000,4.11000
10.50000,coast,-16.68000,58390.00000,3183.59000,457.65000,4.09000
10.51000,coast,-15.86000,58355.00000,3188.15000,457.52000,4.09000
10.52000,coast,-15.05000,58346.00000,3189.32000,457.41000,4.09000
10.53000,coast,-14.27000,58296.00000,3195.83000,457.30000,4.09000
10.54000,coast,-13.52000,58275.00000,3198.56000,457.20000,4.09000
10.55000,coast,-12.78000,58251.00000,3201.69000,457.11000,4.09000
10.56000,coast,-12.07000,58251.00000,3201.69000,457.03000,4.11000
10.57000,coast,-11.37000,58251.00000,3201.69000,456.96000,4.09000
10.58000,coast,-10.70000,58223.00000,3205.34000,456.89000,4.09000
10.59000,coast,-10.05000,58207.00000,3207.43000,456.82000,4.09000
10.60000,coast,-9.43000,58188.00000,3209.91000,456.76000,4.09000
10.61000,coast,-8.82000,58162.00000,3213.30000,456.72000,4.09000
10.62000,coast,-8.23000,58144.00000,3215.65000,456.67000,4.09000
10.63000,coast,-7.67000,58122.00000,3218.52000,456.63000,4.09000
10.64000,coast,-7.13000,58097.00000,3221.78000,456.60000,4.09000
10.65000,coast,-6.60000,58087.00000,3223.09000,456.57000,4.09000
10.66000,coast,-6.10000,58070.00000,3225.31000,456.54000,4.09000
10.67000,coast,-5.62000,58048.00000,3228.18000,456.52000,4.11000
10.68000,coast,-5.16000,58048.00000,3228.18000,456.50000,4.11000
10.69000,coast,-4.72000,58020.00000,3231.84000,456.49000,4.09000
10.70000,coast,-4.30000,57982.00000,3236.81000,456.47000,4.09000
10.71000,coast,-3.90000,57950.00000,3241.00000,456.46000,4.09000
10.72000,coast,-3.51000,57916.00000,3245.45000,456.45000,4.09000
10.73000,coast,-3.15000,57891.00000,3248.73000,456.44000,4.09000
10.74000,coast,-2.81000,57863.00000,3252.39000,456.44000,4.09000
10.75000,coast,-2.48000,57830.00000,3256.72000,456.44000,4.09000
10.76000,coast,-2.17000,57814.00000,3258.82000,456.44000,4.09000
10.77000,coast,-1.88000,57790.00000,3261.96000,456.45000,4.09000
10.78000,coast,-1.61000,57749.00000,3267.34000,456.45000,4.12000
10.79000,coast,-1.35000,57749.00000,3267.34000,456.46000,4.11000
10.80000,coast,-1.11000,57712.00000,3272.20000,456.48000,4.09000
10.81000,coast,-0.89000,57647.00000,3280.74000,456.49000,4.09000
10.82000,coast,-0.68000,57609.00000,3285.73000,456.50000,4.09000
10.83000,coast,-0.49000,57575.00000,3290.21000,456.52000,4.09000
10.84000,coast,-0.32000,57542.00000,3294.55000,456.54000,4.09000
10.85000,coast,-0.16000,57497.00000,3300.47000,456.56000,4.09000
10.86000,coast,-0.02000,57460.00000,3305.35000,456.58000,4.09000
10.87000,coast,0.11000,57420.00000,3310.62000,456.60000,4.09000
10.88000,coast,0.22000,57375.00000,3316.55000,456.62000,4.09000
10.89000,coast,0.32000,57313.00000,3324.74000,456.64000,4.11000
10.90000,coast,0.41000,57313.00000,3324.74000,456.66000,4.11000
10.91000,coast,0.48000,57258.00000,3332.00000,456.68000,4.09000
10.92000,coast,0.53000,57185.00000,3341.66000,456.70000,4.09000
10.93000,coast,0.58000,57133.00000,3348.54000,456.71000,4.09000
10.94000,coast,0.60000,57098.00000,3353.17000,456.72000,4.09000
10.95000,coast,0.62000,57064.00000,3357.68000,456.74000,4.09000
10.96000,coast,0.62000,57009.00000,3364.97000,456.76000,4.09000
10.97000,coast,0.61000,56970.00000,3370.14000,456.78000,4.09000
10.98000,coast,0.59000,56946.00000,3373.32000,456.80000,4.09000
10.99000,coast,0.55000,56899.00000,3379.57000,456.82000,4.09000
11.00000,coast,0.50000,56869.00000,3383.55000,456.84000,4.11000
11.01000,coast,0.44000,56869.00000,3383.55000,456.87000,4.11000
11.02000,coast,0.37000,56813.00000,3391.00000,456.90000,4.09000
11.03000,coast,0.28000,56769.00000,3396.85000,456.93000,4.11000
11.04000,coast,0.18000,56724.00000,3402.84000,456.95000,4.09000
11.05000,coast,0.07000,56684.00000,3408.17000,456.98000,4.09000
11.06000,coast,-0.06000,56646.00000,3413.23000,457.01000,4.09000
11.07000,coast,-0.20000,56608.00000,3418.30000,457.04000,4.09000
11.08000,coast,-0.35000,56558.00000,3424.97000,457.06000,4.09000
11.09000,coast,-0.51000,56534.00000,3428.17000,457.08000,4.09000
11.10000,coast,-0.68000,56509.00000,3431.51000,457.10000,4.09000
11.11000,coast,-0.87000,56464.00000,3437.52000,457.12000,4.12000
11.12000,coast,-1.07000,56464.00000,3437.52000,457.14000,4.11000
11.13000,coast,-1.28000,56432.00000,3441.80000,457.15000,4.09000
11.14000,coast,-1.50000,56373.00000,3449.69000,457.16000,4.09000
11.15000,coast,-1.73000,56341.00000,3453.98000,457.16000,4.09000
11.16000,coast,-1.98000,56306.00000,3458.66000,457.17000,4.09000
11.17000,coast,-2.24000,56271.00000,3463.35000,457.17000,4.09000
11.18000,coast,-2.51000,56237.00000,3467.91000,457.17000,4.09000
11.19000,coast,-2.79000,56210.00000,3471.53000,457.17000,4.09000
11.20000,coast,-3.09000,56186.00000,3474.75000,457.16000,4.09000
11.21000,coast,-3.39000,56166.00000,3477.44000,457.15000,4.09000
11.22000,coast,-3.71000,56136.00000,3481.46000,457.13000,4.11000
11.23000,coast,-4.04000,56136.00000,3481.46000,457.11000,4.11000
11.24000,coast,-4.38000,56089.00000,3487.78000,457.09000,4.09000
11.25000,coast,-4.73000,56029.00000,3495.84000,457.07000,4.09000
11.26000,coast,-5.10000,55997.00000,3500.15000,457.03000,4.09000
11.27000,coast,-5.47000,55970.00000,3503.78000,457.00000,4.09000
11.28000,coast,-5.85000,55930.00000,3509.17000,456.97000,4.09000
11.29000,coast,-6.25000,55895.00000,3513.88000,456.93000,4.11000
11.30000,coast,-6.65000,55868.00000,3517.52000,456.88000,4.09000
11.31000,coast,-7.07000,55836.00000,3521.84000,456.83000,4.09000
11.32000,coast,-7.49000,55793.00000,3527.64000,456.77000,4.09000
11.33000,coast,-7.93000,55756.00000,3532.63000,456.71000,4.11000
11.34000,coast,-8.37000,55756.00000,3532.63000,456.65000,4.11000
11.35000,coast,-8.82000,55725.00000,3536.82000,456.58000,4.09000
11.36000,coast,-9.29000,55657.00000,3546.01000,456.51000,4.09000
11.37000,coast,-9.76000,55627.00000,3550.07000,456.43000,4.09000
11.38000,coast,-10.23000,55595.00000,3554.40000,456.35000,4.09000
11.39000,coast,-10.72000,55560.00000,3559.13000,456.26000,4.09000
11.40000,coast,-11.22000,55524.00000,3564.01000,456.17000,4.09000
11.41000,coast,-11.72000,55486.00000,3569.16000,456.07000,4.09000
11.42000,coast,-12.23000,55460.00000,3572.69000,455.97000,4.09000
11.43000,coast,-12.74000,55421.00000,3577.98000,455.86000,4.09000
11.44000,coast,-13.26000,55387.00000,3582.59000,455.75000,4.11000
11.45000,coast,-13.79000,55387.00000,3582.59000,455.63000,4.11000
11.46000,coast,-14.33000,55339.00000,3589.11000,455.50000,4.09000
11.47000,coast,-14.87000,55286.00000,3596.31000,455.37000,4.09000
11.48000,coast,-15.41000,55240.00000,3602.57000,455.23000,4.09000
11.49000,coast,-15.96000,55211.00000,3606.51000,455.08000,4.09000
11.50000,coast,-16.52000,55175.00000,3611.41000,454.93000,4.09000
11.51000,coast,-17.08000,55149.00000,3614.95000,454.78000,4.09000
11.52000,coast,-17.64000,55115.00000,3619.59000,454.61000,4.09000
11.53000,coast,-18.20000,55081.00000,3624.22000,454.44000,4.09000
11.54000,coast,-18.77000,55054.00000,3627.91000,454.26000,4.09000
11.55000,coast,-19.34000,55014.00000,3633.36000,454.08000,4.12000
11.56000,coast,-19.92000,55014.00000,3633.36000,453.89000,4.11000
11.57000,coast,-20.50000,54967.00000,3639.78000,453.69000,4.09000
11.58000,coast,-21.07000,54916.00000,3646.75000,453.49000,4.09000
11.59000,coast,-21.65000,54872.00000,3652.77000,453.28000,4.09000
11.60000,coast,-22.24000,54834.00000,3657.97000,453.07000,4.09000
11.61000,coast,-22.82000,54803.00000,3662.21000,452.84000,4.09000
11.62000,coast,-23.40000,54781.00000,3665.22000,452.61000,4.09000
11.63000,coast,-23.99000,54742.00000,3670.57000,452.38000,4.09000
11.64000,coast,-24.57000,54716.00000,3674.13000,452.14000,4.09000
11.65000,coast,-25.16000,54673.00000,3680.03000,451.89000,4.09000
11.66000,coast,-25.74000,54644.00000,3684.01000,451.63000,4.11000
11.67000,coast,-26.32000,54644.00000,3684.01000,451.37000,4.11000
11.68000,coast,-26.91000,54607.00000,3689.08000,451.10000,4.09000
11.69000,coast,-27.49000,54531.00000,3699.53000,450.83000,4.09000
11.70000,coast,-28.07000,54476.00000,3707.09000,450.55000,4.09000
11.71000,coast,-28.65000,54428.00000,3713.70000,450.26000,4.09000
11.72000,coast,-29.23000,54387.00000,3719.34000,449.97000,4.11000
11.73000,coast,-29.81000,54355.00000,3723.75000,449.67000,4.09000
11.74000,coast,-30.38000,54308.00000,3730.23000,449.37000,4.09000
11.75000,coast,-30.96000,54260.00000,3736.86000,449.06000,4.09000
11.76000,coast,-31.53000,54208.00000,3744.04000,448.74000,4.09000
11.77000,coast,-32.10000,54162.00000,3750.39000,448.42000,4.11000
11.78000,coast,-32.66000,54162.00000,3750.39000,448.09000,4.11000
11.79000,coast,-33.23000,54098.00000,3759.25000,447.76000,4.09000
11.80000,coast,-33.79000,54020.00000,3770.04000,447.42000,4.09000
11.81000,coast,-34.34000,53978.00000,3775.86000,447.07000,4.09000
11.82000,coast,-34.90000,53942.00000,3780.86000,446.73000,4.09000
11.83000,coast,-35.45000,53908.00000,3785.57000,446.38000,4.09000
11.84000,coast,-35.99000,53868.00000,3791.12000,446.02000,4.09000
11.85000,coast,-36.54000,53823.00000,3797.37000,445.65000,4.09000
11.86000,coast,-37.08000,53773.00000,3804.32000,445.28000,4.09000
11.87000,coast,-37.61000,53724.00000,3811.14000,444.91000,4.09000
11.88000,coast,-38.14000,53678.00000,3817.54000,444.53000,4.11000
11.89000,coast,-38.67000,53678.00000,3817.54000,444.14000,4.09000
11.90000,coast,-39.20000,53627.00000,3824.65000,443.75000,4.09000
11.91000,coast,-39.71000,53564.00000,3833.43000,443.35000,4.09000
11.92000,coast,-40.23000,53527.00000,3838.59000,442.94000,4.09000
11.93000,coast,-40.74000,53482.00000,3844.87000,442.54000,4.09000
11.94000,coast,-41.24000,53454.00000,3848.79000,442.12000,4.09000
11.95000,coast,-41.74000,53417.00000,3853.96000,441.70000,4.09000
11.96000,coast,-42.24000,53383.00000,3858.71000,441.28000,4.09000
11.97000,coast,-42.73000,53336.00000,3865.29000,440.85000,4.09000
11.98000,coast,-43.21000,53306.00000,3869.49000,440.41000,4.09000
11.99000,coast,-43.69000,53268.00000,3874.81000,439.97000,4.12000
12.00000,coast,-44.16000,53268.00000,3874.81000,439.52000,4.11000
12.01000,coast,-44.63000,53222.00000,3881.26000,439.08000,4.09000
12.02000,coast,-45.09000,53166.00000,3889.11000,438.62000,4.09000
12.03000,coast,-45.54000,53113.00000,3896.55000,438.16000,4.09000
12.04000,coast,-45.99000,53079.00000,3901.33000,437.70000,4.09000
12.05000,coast,-46.43000,53040.00000,3906.81000,437.23000,4.09000
12.06000,coast,-46.87000,53008.00000,3911.31000,436.76000,4.09000
12.07000,coast,-47.30000,52970.00000,3916.66000,436.29000,4.09000
12.08000,coast,-47.72000,52938.00000,3921.16000,435.81000,4.09000
12.09000,coast,-48.14000,52919.00000,3923.84000,435.32000,4.09000
12.10000,coast,-48.54000,52888.00000,3928.20000,434.83000,4.11000
12.11000,coast,-48.94000,52888.00000,3928.20000,434.33000,4.11000
12.12000,coast,-49.34000,52867.00000,3931.16000,433.83000,4.09000
12.13000,coast,-49.72000,52831.00000,3936.24000,433.32000,4.09000
12.14000,coast,-50.10000,52806.00000,3939.77000,432.81000,4.09000
12.15000,coast,-50.47000,52781.00000,3943.29000,432.30000,4.09000
12.16000,coast,-50.84000,52763.00000,3945.84000,431.78000,4.09000
12.17000,coast,-51.19000,52729.00000,3950.64000,431.26000,4.09000
12.18000,coast,-51.54000,52709.00000,3953.46000,430.73000,4.09000
12.19000,coast,-51.88000,52700.00000,3954.74000,430.19000,4.09000
12.20000,coast,-52.21000,52667.00000,3959.40000,429.66000,4.09000
12.21000,coast,-52.54000,52652.00000,3961.52000,429.12000,4.12000
12.22000,coast,-52.85000,52652.00000,3961.52000,428.57000,4.11000
12.23000,coast,-53.16000,52610.00000,3967.46000,428.03000,4.09000
12.24000,coast,-53.46000,52557.00000,3974.97000,427.48000,4.09000
12.25000,coast,-53.75000,52541.00000,3977.23000,426.92000,4.11000
12.26000,coast,-54.03000,52514.00000,3981.06000,426.37000,4.09000
12.27000,coast,-54.31000,52488.00000,3984.75000,425.81000,4.09000
12.28000,coast,-54.57000,52453.00000,3989.71000,425.25000,4.09000
12.29000,coast,-54.83000,52440.00000,3991.55000,424.69000,4.09000
12.30000,coast,-55.07000,52414.00000,3995.24000,424.13000,4.09000
12.31000,coast,-55.31000,52373.00000,4001.07000,423.56000,4.09000
12.32000,coast,-55.54000,52350.00000,4004.33000,422.99000,4.11000
12.33000,coast,-55.76000,52350.00000,4004.33000,422.42000,4.11000
12.34000,coast,-55.98000,52313.00000,4009.59000,421.85000,4.09000
12.35000,coast,-56.18000,52260.00000,4017.13000,421.27000,4.09000
12.36000,coast,-56.37000,52231.00000,4021.26000,420.69000,4.09000
12.37000,coast,-56.56000,52199.00000,4025.82000,420.12000,4.09000
12.38000,coast,-56.74000,52173.00000,4029.52000,419.53000,4.09000
12.39000,coast,-56.91000,52139.00000,4034.37000,418.95000,4.09000
12.40000,coast,-57.07000,52105.00000,4039.21000,418.37000,4.11000
12.41000,coast,-57.22000,52079.00000,4042.92000,417.79000,4.09000
12.42000,coast,-57.36000,52048.00000,4047.35000,417.20000,4.09000
12.43000,coast,-57.49000,52014.00000,4052.20000,416.61000,4.11000
12.44000,coast,-57.61000,52014.00000,4052.20000,416.02000,4.11000
12.45000,coast,-57.73000,51979.00000,4057.20000,415.44000,4.09000
12.46000,coast,-57.83000,51931.00000,4064.07000,414.85000,4.09000
12.47000,coast,-57.93000,51901.00000,4068.36000,414.26000,4.09000
12.48000,coast,-58.02000,51883.00000,4070.93000,413.67000,4.09000
12.49000,coast,-58.10000,51842.00000,4076.80000,413.08000,4.09000
12.50000,coast,-58.16000,51818.00000,4080.24000,412.49000,4.09000
12.51000,coast,-58.22000,51804.00000,4082.25000,411.90000,4.09000
12.52000,coast,-58.27000,51769.00000,4087.26000,411.31000,4.09000
12.53000,coast,-58.32000,51730.00000,4092.86000,410.72000,4.09000
12.54000,coast,-58.35000,51712.00000,4095.44000,410.13000,4.12000
12.55000,coast,-58.37000,51712.00000,4095.44000,409.54000,4.11000
12.56000,coast,-58.38000,51673.00000,4101.04000,408.94000,4.11000
12.57000,coast,-58.39000,51632.00000,4106.93000,408.34000,4.09000
12.58000,coast,-58.38000,51612.00000,4109.80000,407.74000,4.09000
12.59000,coast,-58.36000,51580.00000,4114.40000,407.15000,4.09000
12.60000,coast,-58.34000,51565.00000,4116.56000,406.54000,4.09000
12.61000,coast,-58.31000,51548.00000,4119.01000,405.94000,4.09000
12.62000,coast,-58.26000,51525.00000,4122.32000,405.34000,4.09000
12.63000,coast,-58.21000,51503.00000,4125.48000,404.74000,4.09000
12.64000,coast,-58.14000,51487.00000,4127.79000,404.14000,4.09000
12.65000,coast,-58.07000,51469.00000,4130.38000,403.54000,4.12000
12.66000,coast,-57.99000,51469.00000,4130.38000,402.94000,4.11000
12.67000,coast,-57.90000,51449.00000,4133.26000,402.34000,4.09000
12.68000,coast,-57.79000,51415.00000,4138.16000,401.74000,4.09000
12.69000,coast,-57.68000,51403.00000,4139.89000,401.14000,4.09000
12.70000,coast,-57.56000,51378.00000,4143.50000,400.54000,4.09000
12.71000,coast,-57.43000,51361.00000,4145.95000,399.95000,4.09000
12.72000,coast,-57.29000,51331.00000,4150.28000,399.35000,4.09000
12.73000,coast,-57.14000,51317.00000,4152.30000,398.76000,4.09000
12.74000,coast,-56.98000,51289.00000,4156.35000,398.17000,4.09000
12.75000,coast,-56.81000,51254.00000,4161.41000,397.58000,4.09000
12.76000,coast,-56.64000,51230.00000,4164.88000,397.00000,4.12000
12.77000,coast,-56.45000,51230.00000,4164.88000,396.41000,4.11000
12.78000,coast,-56.25000,51192.00000,4170.37000,395.83000,4.09000
12.79000,coast,-56.05000,51145.00000,4177.18000,395.25000,4.09000
12.80000,coast,-55.83000,51113.00000,4181.81000,394.67000,4.09000
12.81000,coast,-55.61000,51084.00000,4186.01000,394.09000,4.09000
12.82000,coast,-55.38000,51047.00000,4191.38000,393.52000,4.09000
12.83000,coast,-55.14000,51017.00000,4195.73000,392.95000,4.09000
12.84000,coast,-54.89000,50975.00000,4201.82000,392.38000,4.11000
12.85000,coast,-54.63000,50950.00000,4205.46000,391.82000,4.09000
12.86000,coast,-54.37000,50929.00000,4208.51000,391.26000,4.09000
12.87000,coast,-54.10000,50887.00000,4214.61000,390.70000,4.12000
12.88000,coast,-53.82000,50887.00000,4214.61000,390.14000,4.09000
12.89000,coast,-53.53000,50853.00000,4219.56000,389.59000,4.09000
12.90000,coast,-53.23000,50809.00000,4225.96000,389.04000,4.09000
12.91000,coast,-52.93000,50766.00000,4232.22000,388.50000,4.09000
12.92000,coast,-52.62000,50742.00000,4235.72000,387.96000,4.09000
12.93000,coast,-52.30000,50710.00000,4240.38000,387.43000,4.09000
12.94000,coast,-51.97000,50682.00000,4244.46000,386.90000,4.09000
12.95000,coast,-51.64000,50636.00000,4251.18000,386.37000,4.09000
12.96000,coast,-51.30000,50606.00000,4255.56000,385.85000,4.09000
12.97000,coast,-50.96000,50582.00000,4259.06000,385.33000,4.09000
12.98000,coast,-50.61000,50539.00000,4265.35000,384.81000,4.11000
12.99000,coast,-50.25000,50539.00000,4265.35000,384.30000,4.11000
13.00000,coast,-49.89000,50482.00000,4273.69000,383.79000,4.09000
13.01000,coast,-49.52000,50424.00000,4282.18000,383.28000,4.09000
13.02000,coast,-49.15000,50400.00000,4285.69000,382.78000,4.09000
13.03000,coast,-48.77000,50366.00000,4290.68000,382.28000,4.09000
13.04000,coast,-48.39000,50345.00000,4293.76000,381.79000,4.09000
13.05000,coast,-48.00000,50326.00000,4296.54000,381.30000,4.09000
13.06000,coast,-47.60000,50289.00000,4301.97000,380.82000,4.09000
13.07000,coast,-47.21000,50259.00000,4306.38000,380.34000,4.09000
13.08000,coast,-46.80000,50243.00000,4308.73000,379.86000,4.09000
13.09000,coast,-46.39000,50220.00000,4312.11000,379.38000,4.11000
13.10000,coast,-45.98000,50220.00000,4312.11000,378.91000,4.11000
13.11000,coast,-45.57000,50199.00000,4315.19000,378.45000,4.09000
13.12000,coast,-45.15000,50169.00000,4319.60000,377.99000,4.09000
13.13000,coast,-44.72000,50155.00000,4321.66000,377.53000,4.09000
13.14000,coast,-44.30000,50136.00000,4324.46000,377.07000,4.09000
13.15000,coast,-43.86000,50127.00000,4325.78000,376.63000,4.09000
13.16000,coast,-43.43000,50108.00000,4328.58000,376.18000,4.09000
13.17000,coast,-42.99000,50093.00000,4330.79000,375.74000,4.09000
13.18000,coast,-42.55000,50069.00000,4334.32000,375.31000,4.09000
13.19000,coast,-42.11000,50044.00000,4338.01000,374.87000,4.09000
13.20000,coast,-41.66000,50048.00000,4337.42000,374.45000,4.11000
13.21000,coast,-41.21000,50048.00000,4337.42000,374.02000,4.11000
13.22000,coast,-40.75000,50002.00000,4344.20000,373.60000,4.09000
13.23000,coast,-40.30000,49969.00000,4349.07000,373.19000,4.09000
13.24000,coast,-39.84000,49953.00000,4351.43000,372.78000,4.09000
13.25000,coast,-39.38000,49927.00000,4355.27000,372.38000,4.11000
13.26000,coast,-38.91000,49911.00000,4357.63000,371.98000,4.09000
13.27000,coast,-38.44000,49881.00000,4362.06000,371.58000,4.09000
13.28000,coast,-37.98000,49863.00000,4364.72000,371.19000,4.09000
13.29000,coast,-37.50000,49842.00000,4367.83000,370.81000,4.09000
13.30000,coast,-37.03000,49818.00000,4371.37000,370.43000,4.09000
13.31000,coast,-36.55000,49805.00000,4373.30000,370.05000,4.12000
13.32000,coast,-36.08000,49805.00000,4373.30000,369.69000,4.09000
13.33000,coast,-35.60000,49752.00000,4381.14000,369.32000,4.09000
13.34000,coast,-35.11000,49711.00000,4387.22000,368.96000,4.09000
13.35000,coast,-34.63000,49681.00000,4391.66000,368.60000,4.09000
13.36000,coast,-34.14000,49662.00000,4394.48000,368.25000,4.09000
13.37000,coast,-33.66000,49624.00000,4400.12000,367.91000,4.09000
13.38000,coast,-33.17000,49604.00000,4403.08000,367.57000,4.09000
13.39000,coast,-32.68000,49579.00000,4406.79000,367.24000,4.09000
13.40000,coast,-32.19000,49550.00000,4411.10000,366.91000,4.09000
13.41000,coast,-31.70000,49536.00000,4413.18000,366.58000,4.09000
13.42000,coast,-31.20000,49499.00000,4418.68000,366.27000,4.11000
13.43000,coast,-30.71000,49499.00000,4418.68000,365.95000,4.11000
13.44000,coast,-30.21000,49476.00000,4422.10000,365.65000,4.11000
13.45000,coast,-29.71000,49438.00000,4427.76000,365.34000,4.09000
13.46000,coast,-29.22000,49417.00000,4430.88000,365.05000,4.09000
13.47000,coast,-28.72000,49395.00000,4434.16000,364.76000,4.09000
13.48000,coast,-28.22000,49379.00000,4436.54000,364.47000,4.09000
13.49000,coast,-27.72000,49353.00000,4440.42000,364.19000,4.09000
13.50000,coast,-27.22000,49329.00000,4443.99000,363.92000,4.09000
13.51000,coast,-26.72000,49302.00000,4448.02000,363.65000,4.11000
13.52000,coast,-26.22000,49274.00000,4452.20000,363.38000,4.09000
13.53000,coast,-25.72000,49248.00000,4456.08000,363.12000,4.11000
13.54000,coast,-25.23000,49248.00000,4456.08000,362.87000,4.11000
13.55000,coast,-24.73000,49216.00000,4460.86000,362.62000,4.09000
13.56000,coast,-24.23000,49164.00000,4468.63000,362.37000,4.09000
13.57000,coast,-23.73000,49135.00000,4472.97000,362.13000,4.09000
13.58000,coast,-23.23000,49111.00000,4476.56000,361.89000,4.09000
13.59000,coast,-22.74000,49072.00000,4482.39000,361.66000,4.09000
13.60000,coast,-22.24000,49051.00000,4485.54000,361.43000,4.09000
13.61000,coast,-21.75000,49028.00000,4488.98000,361.21000,4.09000
13.62000,coast,-21.26000,49006.00000,4492.28000,360.99000,4.09000
13.63000,coast,-20.76000,48974.00000,4497.08000,360.78000,4.09000
13.64000,coast,-20.27000,48947.00000,4501.13000,360.57000,4.12000
13.65000,coast,-19.79000,48947.00000,4501.13000,360.37000,4.11000
13.66000,coast,-19.30000,48931.00000,4503.53000,360.17000,4.09000
13.67000,coast,-18.82000,48875.00000,4511.94000,359.97000,4.09000
13.68000,coast,-18.33000,48854.00000,4515.09000,359.78000,4.09000
13.69000,coast,-17.86000,48820.00000,4520.20000,359.60000,4.09000
13.70000,coast,-17.38000,48800.00000,4523.21000,359.42000,4.09000
13.71000,coast,-16.90000,48773.00000,4527.27000,359.25000,4.09000
13.72000,coast,-16.43000,48746.00000,4531.34000,359.09000,4.09000
13.73000,coast,-15.97000,48712.00000,4536.46000,358.93000,4.09000
13.74000,coast,-15.50000,48693.00000,4539.32000,358.77000,4.09000
13.75000,coast,-15.04000,48666.00000,4543.39000,358.62000,4.12000
13.76000,coast,-14.58000,48666.00000,4543.39000,358.47000,4.11000
13.77000,coast,-14.13000,48642.00000,4547.01000,358.33000,4.09000
13.78000,coast,-13.68000,48582.00000,4556.06000,358.20000,4.09000
13.79000,coast,-13.23000,48554.00000,4560.29000,358.07000,4.09000
13.80000,coast,-12.79000,48532.00000,4563.61000,357.94000,4.09000
13.81000,coast,-12.35000,48518.00000,4565.73000,357.83000,4.09000
13.82000,coast,-11.92000,48468.00000,4573.29000,357.71000,4.09000
13.83000,coast,-11.49000,48447.00000,4576.46000,357.60000,4.09000
13.84000,coast,-11.07000,48440.00000,4577.52000,357.50000,4.09000
13.85000,coast,-10.65000,48415.00000,4581.31000,357.40000,4.09000
13.86000,coast,-10.23000,48392.00000,4584.79000,357.30000,4.12000
13.87000,coast,-9.82000,48392.00000,4584.79000,357.21000,4.09000
13.88000,coast,-9.42000,48367.00000,4588.57000,357.12000,4.09000
13.89000,coast,-9.02000,48341.00000,4592.51000,357.04000,4.09000
13.90000,coast,-8.63000,48326.00000,4594.79000,356.96000,4.09000
13.91000,coast,-8.24000,48304.00000,4598.12000,356.89000,4.09000
13.92000,coast,-7.86000,48283.00000,4601.31000,356.82000,4.09000
13.93000,coast,-7.48000,48266.00000,4603.89000,356.75000,4.09000
13.94000,coast,-7.11000,48254.00000,4605.71000,356.69000,4.09000
13.95000,coast,-6.74000,48231.00000,4609.20000,356.63000,4.09000
13.96000,coast,-6.38000,48216.00000,4611.48000,356.57000,4.09000
13.97000,coast,-6.03000,48196.00000,4614.52000,356.52000,4.11000
13.98000,coast,-5.68000,48196.00000,4614.52000,356.47000,4.11000
13.99000,coast,-5.33000,48159.00000,4620.14000,356.43000,4.09000
14.00000,coast,-5.00000,48105.00000,4628.35000,356.38000,4.09000
14.01000,coast,-4.66000,48086.00000,4631.25000,356.34000,4.09000
14.02000,coast,-4.34000,48058.00000,4635.51000,356.31000,4.09000
14.03000,coast,-4.01000,48027.00000,4640.23000,356.28000,4.09000
14.04000,coast,-3.70000,48009.00000,4642.97000,356.25000,4.11000
14.05000,coast,-3.39000,47980.00000,4647.39000,356.23000,4.09000
14.06000,coast,-3.08000,47962.00000,4650.14000,356.20000,4.09000
14.07000,coast,-2.78000,47933.00000,4654.56000,356.18000,4.09000
14.08000,coast,-2.49000,47903.00000,4659.14000,356.17000,4.12000
14.09000,coast,-2.20000,47903.00000,4659.14000,356.16000,4.11000
14.10000,coast,-1.91000,47896.00000,4660.21000,356.14000,4.11000
14.11000,coast,-1.63000,47862.00000,4665.41000,356.13000,4.09000
14.12000,coast,-1.35000,47845.00000,4668.00000,356.12000,4.09000
14.13000,coast,-1.08000,47847.00000,4667.70000,356.12000,4.09000
14.14000,coast,-0.82000,47821.00000,4671.67000,356.12000,4.09000
14.15000,coast,-0.56000,47806.00000,4673.97000,356.11000,4.09000
14.16000,coast,-0.30000,47793.00000,4675.95000,356.12000,4.09000
14.17000,coast,-0.05000,47783.00000,4677.48000,356.12000,4.09000
14.18000,coast,0.20000,47764.00000,4680.39000,356.12000,4.09000
14.19000,coast,0.45000,47759.00000,4681.16000,356.13000,4.11000
14.20000,coast,0.69000,47759.00000,4681.16000,356.13000,4.11000
14.21000,coast,0.92000,47726.00000,4686.21000,356.14000,4.09000
14.22000,coast,1.15000,47686.00000,4692.34000,356.15000,4.09000
14.23000,coast,1.38000,47673.00000,4694.33000,356.16000,4.09000
14.24000,coast,1.60000,47649.00000,4698.01000,356.18000,4.09000
14.25000,coast,1.82000,47616.00000,4703.07000,356.20000,4.09000
14.26000,coast,2.04000,47591.00000,4706.91000,356.22000,4.09000
14.27000,coast,2.25000,47580.00000,4708.60000,356.25000,4.09000
14.28000,coast,2.46000,47554.00000,4712.59000,356.27000,4.09000
14.29000,coast,2.66000,47528.00000,4716.58000,356.30000,4.09000
14.30000,coast,2.86000,47504.00000,4720.27000,356.32000,4.12000
14.31000,coast,3.06000,47504.00000,4720.27000,356.36000,4.11000
14.32000,coast,3.25000,47481.00000,4723.81000,356.39000,4.09000
14.33000,coast,3.44000,47445.00000,4729.35000,356.43000,4.09000
14.34000,coast,3.63000,47418.00000,4733.50000,356.46000,4.09000
14.35000,coast,3.81000,47405.00000,4735.50000,356.50000,4.09000
14.36000,coast,3.99000,47386.00000,4738.43000,356.55000,4.09000
14.37000,coast,4.16000,47365.00000,4741.66000,356.59000,4.09000
14.38000,coast,4.33000,47347.00000,4744.44000,356.64000,4.09000
14.39000,coast,4.50000,47319.00000,4748.75000,356.69000,4.09000
14.40000,coast,4.66000,47291.00000,4753.07000,356.74000,4.09000
14.41000,coast,4.81000,47274.00000,4755.70000,356.79000,4.12000
14.42000,coast,4.97000,47274.00000,4755.70000,356.85000,4.11000
14.43000,coast,5.12000,47234.00000,4761.87000,356.91000,4.09000
14.44000,coast,5.26000,47200.00000,4767.12000,356.97000,4.09000
14.45000,coast,5.41000,47162.00000,4773.00000,357.03000,4.09000
14.46000,coast,5.54000,47128.00000,4778.26000,357.09000,4.09000
14.47000,coast,5.68000,47089.00000,4784.29000,357.15000,4.09000
14.48000,coast,5.81000,47062.00000,4788.47000,357.22000,4.09000
14.49000,coast,5.93000,47037.00000,4792.35000,357.29000,4.09000
14.50000,coast,6.05000,46998.00000,4798.39000,357.36000,4.09000
14.51000,coast,6.17000,46981.00000,4801.03000,357.43000,4.09000
14.52000,coast,6.28000,46948.00000,4806.15000,357.50000,4.11000
14.53000,coast,6.39000,46948.00000,4806.15000,357.58000,4.11000
14.54000,coast,6.49000,46922.00000,4810.18000,357.65000,4.09000
14.55000,coast,6.59000,46873.00000,4817.80000,357.73000,4.09000
14.56000,coast,6.69000,46854.00000,4820.75000,357.80000,4.09000
14.57000,coast,6.78000,46824.00000,4825.41000,357.88000,4.09000
14.58000,coast,6.87000,46805.00000,4828.37000,357.96000,4.11000
14.59000,coast,6.95000,46782.00000,4831.95000,358.04000,4.09000
14.60000,coast,7.03000,46767.00000,4834.28000,358.12000,4.09000
14.61000,coast,7.10000,46743.00000,4838.02000,358.20000,4.09000
14.62000,coast,7.17000,46724.00000,4840.98000,358.28000,4.09000
14.63000,coast,7.23000,46698.00000,4845.03000,358.35000,4.11000
14.64000,coast,7.29000,46698.00000,4845.03000,358.43000,4.11000
14.65000,coast,7.35000,46666.00000,4850.02000,358.51000,4.09000
14.66000,coast,7.40000,46624.00000,4856.57000,358.59000,4.09000
14.67000,coast,7.45000,46607.00000,4859.23000,358.67000,4.09000
14.68000,coast,7.49000,46579.00000,4863.60000,358.75000,4.09000
14.69000,coast,7.53000,46551.00000,4867.97000,358.83000,4.09000
14.70000,coast,7.56000,46542.00000,4869.38000,358.91000,4.09000
14.71000,coast,7.59000,46509.00000,4874.54000,358.99000,4.09000
14.72000,coast,7.61000,46495.00000,4876.73000,359.07000,4.09000
14.73000,coast,7.63000,46464.00000,4881.58000,359.14000,4.09000
14.74000,coast,7.65000,46451.00000,4883.61000,359.22000,4.11000
14.75000,coast,7.66000,46451.00000,4883.61000,359.30000,4.11000
14.76000,coast,7.66000,46415.00000,4889.25000,359.38000,4.09000
14.77000,coast,7.66000,46380.00000,4894.73000,359.46000,4.09000
14.78000,coast,7.66000,46368.00000,4896.61000,359.54000,4.11000
14.79000,coast,7.65000,46336.00000,4901.63000,359.62000,4.09000
14.80000,coast,7.63000,46321.00000,4903.99000,359.71000,4.09000
14.81000,coast,7.61000,46309.00000,4905.87000,359.79000,4.09000
14.82000,coast,7.59000,46304.00000,4906.65000,359.87000,4.09000
14.83000,coast,7.55000,46292.00000,4908.54000,359.95000,4.09000
14.84000,coast,7.52000,46261.00000,4913.40000,360.04000,4.09000
14.85000,coast,7.48000,46239.00000,4916.86000,360.12000,4.11000
14.86000,coast,7.43000,46239.00000,4916.86000,360.20000,4.09000
14.87000,coast,7.38000,46217.00000,4920.32000,360.29000,4.09000
14.88000,coast,7.32000,46184.00000,4925.51000,360.37000,4.09000
14.89000,coast,7.25000,46165.00000,4928.49000,360.45000,4.09000
14.90000,coast,7.18000,46146.00000,4931.48000,360.53000,4.09000
14.91000,coast,7.11000,46123.00000,4935.10000,360.62000,4.09000
14.92000,coast,7.03000,46100.00000,4938.73000,360.70000,4.09000
14.93000,coast,6.94000,46080.00000,4941.88000,360.78000,4.09000
14.94000,coast,6.84000,46042.00000,4947.87000,360.86000,4.09000
14.95000,coast,6.74000,46021.00000,4951.18000,360.94000,4.09000
14.96000,coast,6.63000,46007.00000,4953.39000,361.02000,4.11000
14.97000,coast,6.52000,46007.00000,4953.39000,361.10000,4.11000
14.98000,coast,6.40000,45971.00000,4959.07000,361.18000,4.09000
14.99000,coast,6.28000,45929.00000,4965.70000,361.25000,4.09000
15.00000,coast,6.14000,45901.00000,4970.12000,361.33000,4.09000
15.01000,coast,6.00000,45885.00000,4972.65000,361.41000,4.09000
15.02000,coast,5.86000,45857.00000,4977.08000,361.48000,4.09000
15.03000,coast,5.71000,45835.00000,4980.56000,361.56000,4.09000
15.04000,coast,5.55000,45815.00000,4983.73000,361.63000,4.09000
15.05000,coast,5.38000,45791.00000,4987.53000,361.70000,4.09000
15.06000,coast,5.21000,45764.00000,4991.80000,361.77000,4.09000
15.07000,coast,5.03000,45733.00000,4996.72000,361.84000,4.11000
15.08000,coast,4.84000,45733.00000,4996.72000,361.90000,4.11000
15.09000,coast,4.65000,45714.00000,4999.73000,361.97000,4.09000
15.10000,coast,4.45000,45671.00000,5006.55000,362.03000,4.09000
15.11000,coast,4.25000,45643.00000,5011.00000,362.09000,4.09000
15.12000,coast,4.04000,45616.00000,5015.28000,362.14000,4.09000
15.13000,coast,3.82000,45585.00000,5020.21000,362.20000,4.09000
15.14000,coast,3.60000,45565.00000,5023.39000,362.25000,4.09000
15.15000,coast,3.37000,45553.00000,5025.30000,362.29000,4.09000
15.16000,coast,3.14000,45512.00000,5031.82000,362.34000,4.09000
15.17000,coast,2.90000,45482.00000,5036.60000,362.38000,4.09000
15.18000,coast,2.65000,45463.00000,5039.62000,362.41000,4.12000
15.19000,coast,2.40000,45463.00000,5039.62000,362.45000,4.09000
15.20000,coast,2.15000,45420.00000,5046.47000,362.48000,4.09000
15.21000,coast,1.89000,45381.00000,5052.69000,362.51000,4.09000
15.22000,coast,1.62000,45354.00000,5057.00000,362.53000,4.09000
15.23000,coast,1.35000,45330.00000,5060.83000,362.55000,4.11000
15.24000,coast,1.07000,45293.00000,5066.74000,362.57000,4.09000
15.25000,coast,0.79000,45266.00000,5071.06000,362.59000,4.09000
15.26000,coast,0.51000,45252.00000,5073.29000,362.61000,4.09000
15.27000,coast,0.22000,45221.00000,5078.25000,362.62000,4.09000
15.28000,coast,-0.07000,45201.00000,5081.45000,362.62000,4.09000
15.29000,coast,-0.36000,45169.00000,5086.57000,362.62000,4.12000
15.30000,coast,-0.66000,45169.00000,5086.57000,362.62000,4.11000
15.31000,coast,-0.96000,45142.00000,5090.90000,362.62000,4.09000
15.32000,coast,-1.26000,45107.00000,5096.51000,362.61000,4.09000
15.33000,coast,-1.57000,45086.00000,5099.87000,362.60000,4.09000
15.34000,coast,-1.87000,45054.00000,5105.01000,362.59000,4.09000
15.35000,coast,-2.18000,45036.00000,5107.90000,362.58000,4.09000
15.36000,coast,-2.50000,45016.00000,5111.11000,362.56000,4.09000
15.37000,coast,-2.81000,44984.00000,5116.25000,362.54000,4.09000
15.38000,coast,-3.12000,44954.00000,5121.07000,362.52000,4.09000
15.39000,coast,-3.44000,44931.00000,5124.77000,362.49000,4.09000
15.40000,coast,-3.76000,44902.00000,5129.43000,362.46000,4.11000
15.41000,coast,-4.08000,44902.00000,5129.43000,362.42000,4.11000
15.42000,coast,-4.40000,44872.00000,5134.26000,362.39000,4.09000
15.43000,coast,-4.72000,44827.00000,5141.51000,362.34000,4.11000
15.44000,coast,-5.04000,44801.00000,5145.70000,362.29000,4.09000
15.45000,coast,-5.36000,44777.00000,5149.57000,362.24000,4.09000
15.46000,coast,-5.68000,44748.00000,5154.24000,362.19000,4.09000
15.47000,coast,-6.00000,44716.00000,5159.41000,362.13000,4.09000
15.48000,coast,-6.32000,44694.00000,5162.96000,362.07000,4.09000
15.49000,coast,-6.64000,44677.00000,5165.71000,362.00000,4.09000
15.50000,coast,-6.96000,44646.00000,5170.72000,361.93000,4.09000
15.51000,coast,-7.28000,44632.00000,5172.98000,361.86000,4.11000
15.52000,coast,-7.60000,44632.00000,5172.98000,361.78000,4.11000
15.53000,coast,-7.91000,44598.00000,5178.48000,361.70000,4.09000
15.54000,coast,-8.23000,44570.00000,5183.01000,361.62000,4.09000
15.55000,coast,-8.55000,44552.00000,5185.92000,361.53000,4.09000
15.56000,coast,-8.86000,44536.00000,5188.51000,361.44000,4.09000
15.57000,coast,-9.17000,44520.00000,5191.11000,361.35000,4.09000
15.58000,coast,-9.48000,44490.00000,5195.97000,361.26000,4.09000
15.59000,coast,-9.79000,44474.00000,5198.56000,361.16000,4.09000
15.60000,coast,-10.10000,44460.00000,5200.83000,361.06000,4.09000
15.61000,coast,-10.40000,44437.00000,5204.56000,360.96000,4.09000
15.62000,coast,-10.71000,44418.00000,5207.65000,360.85000,4.11000
15.63000,coast,-11.01000,44418.00000,5207.65000,360.74000,4.11000
15.64000,coast,-11.31000,44389.00000,5212.35000,360.63000,4.09000
15.65000,coast,-11.60000,44353.00000,5218.20000,360.51000,4.09000
15.66000,coast,-11.90000,44332.00000,5221.62000,360.39000,4.09000
15.67000,coast,-12.19000,44292.00000,5228.12000,360.26000,4.09000
15.68000,coast,-12.48000,44267.00000,5232.19000,360.14000,4.09000
15.69000,coast,-12.77000,44259.00000,5233.49000,360.01000,4.09000
15.70000,coast,-13.05000,44240.00000,5236.59000,359.88000,4.09000
15.71000,coast,-13.34000,44210.00000,5241.47000,359.74000,4.09000
15.72000,coast,-13.62000,44189.00000,5244.89000,359.60000,4.09000
15.73000,coast,-13.89000,44165.00000,5248.81000,359.46000,4.12000
15.74000,coast,-14.17000,44165.00000,5248.81000,359.32000,4.11000
15.75000,coast,-14.44000,44140.00000,5252.88000,359.17000,4.09000
15.76000,coast,-14.71000,44101.00000,5259.25000,359.02000,4.09000
15.77000,coast,-14.98000,44073.00000,5263.82000,358.86000,4.09000
15.78000,coast,-15.24000,44050.00000,5267.58000,358.71000,4.09000
15.79000,coast,-15.50000,44027.00000,5271.34000,358.56000,4.09000
15.80000,coast,-15.76000,44009.00000,5274.28000,358.40000,4.09000
15.81000,coast,-16.02000,43977.00000,5279.52000,358.24000,4.11000
15.82000,coast,-16.28000,43957.00000,5282.79000,358.08000,4.09000
15.83000,coast,-16.53000,43937.00000,5286.06000,357.91000,4.09000
15.84000,coast,-16.78000,43915.00000,5289.67000,357.74000,4.12000
15.85000,coast,-17.02000,43915.00000,5289.67000,357.57000,4.11000
15.86000,coast,-17.27000,43875.00000,5296.22000,357.40000,4.09000
15.87000,coast,-17.51000,43850.00000,5300.32000,357.22000,4.09000
15.88000,coast,-17.75000,43825.00000,5304.42000,357.04000,4.09000
15.89000,coast,-17.99000,43802.00000,5308.20000,356.86000,4.09000
15.90000,coast,-18.23000,43779.00000,5311.97000,356.67000,4.09000
15.91000,coast,-18.46000,43759.00000,5315.26000,356.48000,4.09000
15.92000,coast,-18.69000,43737.00000,5318.88000,356.29000,4.09000
15.93000,coast,-18.92000,43720.00000,5321.67000,356.10000,4.09000
15.94000,coast,-19.15000,43695.00000,5325.78000,355.90000,4.09000
15.95000,coast,-19.38000,43662.00000,5331.21000,355.70000,4.12000
15.96000,coast,-19.61000,43662.00000,5331.21000,355.50000,4.11000
15.97000,coast,-19.83000,43638.00000,5335.16000,355.30000,4.09000
15.98000,coast,-20.05000,43608.00000,5340.10000,355.09000,4.09000
15.99000,coast,-20.28000,43580.00000,5344.72000,354.88000,4.09000
16.00000,coast,-20.50000,43555.00000,5348.84000,354.68000,4.09000
16.01000,coast,-20.71000,43533.00000,5352.47000,354.47000,4.09000
16.02000,coast,-20.93000,43515.00000,5355.44000,354.26000,4.09000
16.03000,coast,-21.15000,43493.00000,5359.07000,354.06000,4.09000
16.04000,coast,-21.36000,43477.00000,5361.71000,353.84000,4.09000
16.05000,coast,-21.58000,43453.00000,5365.68000,353.63000,4.09000
16.06000,coast,-21.79000,43431.00000,5369.31000,353.42000,4.11000
16.07000,coast,-22.01000,43431.00000,5369.31000,353.20000,4.11000
16.08000,coast,-22.22000,43398.00000,5374.77000,352.99000,4.09000
16.09000,coast,-22.43000,43361.00000,5380.89000,352.77000,4.09000
16.10000,coast,-22.64000,43349.00000,5382.88000,352.55000,4.09000
16.11000,coast,-22.85000,43326.00000,5386.68000,352.32000,4.09000
16.12000,coast,-23.06000,43295.00000,5391.82000,352.10000,4.09000
16.13000,coast,-23.27000,43274.00000,5395.30000,351.87000,4.09000
16.14000,coast,-23.48000,43262.00000,5397.29000,351.64000,4.09000
16.15000,coast,-23.69000,43234.00000,5401.93000,351.41000,4.09000
16.16000,coast,-23.90000,43212.00000,5405.59000,351.18000,4.09000
16.17000,coast,-24.10000,43196.00000,5408.24000,350.94000,4.12000
16.18000,coast,-24.31000,43196.00000,5408.24000,350.70000,4.11000
16.19000,coast,-24.52000,43174.00000,5411.89000,350.46000,4.09000
16.20000,coast,-24.73000,43138.00000,5417.88000,350.21000,4.09000
16.21000,coast,-24.93000,43123.00000,5420.37000,349.96000,4.09000
16.22000,coast,-25.14000,43096.00000,5424.86000,349.71000,4.09000
16.23000,coast,-25.35000,43067.00000,5429.68000,349.46000,4.09000
16.24000,coast,-25.55000,43055.00000,5431.68000,349.20000,4.09000
16.25000,coast,-25.76000,43034.00000,5435.18000,348.95000,4.09000
16.26000,coast,-25.97000,43006.00000,5439.84000,348.69000,4.09000
16.27000,coast,-26.17000,42992.00000,5442.17000,348.43000,4.09000
16.28000,coast,-26.38000,42970.00000,5445.84000,348.17000,4.12000
16.29000,coast,-26.58000,42970.00000,5445.84000,347.90000,4.11000
16.30000,coast,-26.79000,42944.00000,5450.18000,347.64000,4.09000
16.31000,coast,-26.99000,42898.00000,5457.85000,347.37000,4.09000
16.32000,coast,-27.20000,42875.00000,5461.70000,347.10000,4.09000
16.33000,coast,-27.40000,42849.00000,5466.04000,346.82000,4.09000
16.34000,coast,-27.61000,42838.00000,5467.88000,346.55000,4.09000
16.35000,coast,-27.81000,42817.00000,5471.39000,346.27000,4.09000
16.36000,coast,-28.02000,42803.00000,5473.73000,345.99000,4.09000
16.37000,coast,-28.22000,42772.00000,5478.92000,345.70000,4.09000
16.38000,coast,-28.43000,42752.00000,5482.26000,345.42000,4.09000
16.39000,coast,-28.63000,42734.00000,5485.28000,345.13000,4.11000
16.40000,coast,-28.84000,42734.00000,5485.28000,344.84000,4.11000
16.41000,coast,-29.04000,42702.00000,5490.64000,344.55000,4.11000
16.42000,coast,-29.25000,42664.00000,5497.01000,344.26000,4.09000
16.43000,coast,-29.45000,42646.00000,5500.03000,343.96000,4.09000
16.44000,coast,-29.65000,42620.00000,5504.39000,343.67000,4.09000
16.45000,coast,-29.86000,42597.00000,5508.25000,343.37000,4.09000
16.46000,coast,-30.06000,42579.00000,5511.27000,343.07000,4.09000
16.47000,coast,-30.26000,42554.00000,5515.48000,342.78000,4.09000
16.48000,coast,-30.47000,42527.00000,5520.01000,342.47000,4.09000
16.49000,coast,-30.67000,42508.00000,5523.21000,342.17000,4.09000
16.50000,coast,-30.87000,42480.00000,5527.92000,341.87000,4.11000
16.51000,coast,-31.07000,42480.00000,5527.92000,341.56000,4.11000
16.52000,coast,-31.28000,42458.00000,5531.62000,341.25000,4.09000
16.53000,coast,-31.48000,42425.00000,5537.18000,340.94000,4.09000
16.54000,coast,-31.68000,42406.00000,5540.38000,340.62000,4.09000
16.55000,coast,-31.88000,42379.00000,5544.93000,340.31000,4.09000
16.56000,coast,-32.07000,42359.00000,5548.31000,339.99000,4.09000
16.57000,coast,-32.27000,42343.00000,5551.00000,339.67000,4.09000
16.58000,coast,-32.47000,42326.00000,5553.87000,339.35000,4.09000
16.59000,coast,-32.67000,42310.00000,5556.57000,339.03000,4.09000
16.60000,coast,-32.86000,42283.00000,5561.13000,338.70000,4.09000
16.61000,coast,-33.06000,42274.00000,5562.65000,338.37000,4.11000
16.62000,coast,-33.25000,42274.00000,5562.65000,338.04000,4.11000
16.63000,coast,-33.44000,42239.00000,5568.57000,337.71000,4.09000
16.64000,coast,-33.63000,42210.00000,5573.47000,337.37000,4.09000
16.65000,coast,-33.82000,42191.00000,5576.69000,337.03000,4.09000
16.66000,coast,-34.01000,42172.00000,5579.90000,336.70000,4.09000
16.67000,coast,-34.20000,42149.00000,5583.80000,336.35000,4.09000
16.68000,coast,-34.39000,42128.00000,5587.36000,336.01000,4.09000
16.69000,coast,-34.57000,42111.00000,5590.24000,335.67000,4.09000
16.70000,coast,-34.75000,42097.00000,5592.61000,335.32000,4.09000
16.71000,coast,-34.93000,42081.00000,5595.32000,334.97000,4.09000
16.72000,coast,-35.11000,42063.00000,5598.37000,334.62000,4.11000
16.73000,coast,-35.29000,42063.00000,5598.37000,334.27000,4.11000
16.74000,coast,-35.46000,42036.00000,5602.96000,333.91000,4.09000
16.75000,coast,-35.63000,41994.00000,5610.09000,333.55000,4.09000
16.76000,coast,-35.80000,41976.00000,5613.15000,333.19000,4.09000
16.77000,coast,-35.96000,41964.00000,5615.18000,332.83000,4.09000
16.78000,coast,-36.13000,41940.00000,5619.26000,332.47000,4.09000
16.79000,coast,-36.29000,41924.00000,5621.99000,332.10000,4.09000
16.80000,coast,-36.44000,41897.00000,5626.58000,331.73000,4.09000
16.81000,coast,-36.60000,41881.00000,5629.30000,331.36000,4.09000
16.82000,coast,-36.74000,41859.00000,5633.05000,330.99000,4.09000
16.83000,coast,-36.89000,41834.00000,5637.31000,330.61000,4.12000
16.84000,coast,-37.03000,41834.00000,5637.31000,330.23000,4.11000
16.85000,coast,-37.17000,41815.00000,5640.54000,329.86000,4.09000
16.86000,coast,-37.30000,41785.00000,5645.66000,329.48000,4.09000
16.87000,coast,-37.43000,41759.00000,5650.10000,329.09000,4.09000
16.88000,coast,-37.56000,41732.00000,5654.70000,328.71000,4.09000
16.89000,coast,-37.68000,41713.00000,5657.95000,328.33000,4.09000
16.90000,coast,-37.80000,41699.00000,5660.34000,327.94000,4.09000
16.91000,coast,-37.91000,41686.00000,5662.56000,327.55000,4.09000
16.92000,coast,-38.02000,41660.00000,5667.00000,327.17000,4.09000
16.93000,coast,-38.12000,41636.00000,5671.11000,326.77000,4.09000
16.94000,coast,-38.22000,41629.00000,5672.31000,326.38000,4.11000
16.95000,coast,-38.31000,41629.00000,5672.31000,325.99000,4.11000
16.96000,coast,-38.40000,41598.00000,5677.61000,325.60000,4.09000
16.97000,coast,-38.48000,41567.00000,5682.92000,325.21000,4.09000
16.98000,coast,-38.55000,41543.00000,5687.03000,324.81000,4.09000
16.99000,coast,-38.62000,41530.00000,5689.26000,324.42000,4.09000
17.00000,coast,-38.69000,41505.00000,5693.54000,324.02000,4.09000
17.01000,coast,-38.75000,41487.00000,5696.63000,323.63000,4.09000
17.02000,coast,-38.80000,41468.00000,5699.89000,323.23000,4.09000
17.03000,coast,-38.85000,41447.00000,5703.49000,322.83000,4.09000
17.04000,coast,-38.89000,41436.00000,5705.38000,322.44000,4.09000
17.05000,coast,-38.93000,41412.00000,5709.51000,322.04000,4.11000
17.06000,coast,-38.96000,41412.00000,5709.51000,321.64000,4.11000
17.07000,coast,-38.99000,41372.00000,5716.38000,321.24000,4.09000
17.08000,coast,-39.01000,41346.00000,5720.85000,320.84000,4.09000
17.09000,coast,-39.02000,41313.00000,5726.53000,320.43000,4.09000
17.10000,coast,-39.03000,41297.00000,5729.28000,320.03000,4.09000
17.11000,coast,-39.03000,41277.00000,5732.73000,319.63000,4.09000
17.12000,coast,-39.03000,41264.00000,5734.97000,319.23000,4.09000
17.13000,coast,-39.02000,41249.00000,5737.55000,318.83000,4.09000
17.14000,coast,-39.00000,41235.00000,5739.96000,318.43000,4.09000
17.15000,coast,-38.98000,41219.00000,5742.72000,318.03000,4.09000
17.16000,coast,-38.95000,41210.00000,5744.28000,317.63000,4.11000
17.17000,coast,-38.91000,41210.00000,5744.28000,317.23000,4.11000
17.18000,coast,-38.87000,41182.00000,5749.11000,316.83000,4.11000
17.19000,coast,-38.82000,41150.00000,5754.63000,316.43000,4.09000
17.20000,coast,-38.77000,41136.00000,5757.05000,316.03000,4.11000
17.21000,coast,-38.71000,41121.00000,5759.64000,315.64000,4.09000
17.22000,coast,-38.64000,41113.00000,5761.02000,315.24000,4.09000
17.23000,coast,-38.57000,41097.00000,5763.79000,314.85000,4.09000
17.24000,coast,-38.49000,41083.00000,5766.21000,314.45000,4.09000
17.25000,coast,-38.41000,41068.00000,5768.80000,314.06000,4.09000
17.26000,coast,-38.31000,41056.00000,5770.88000,313.67000,4.09000
17.27000,coast,-38.21000,41045.00000,5772.78000,313.28000,4.12000
17.28000,coast,-38.11000,41045.00000,5772.78000,312.88000,4.11000
17.29000,coast,-37.99000,41034.00000,5774.68000,312.49000,4.09000
17.30000,coast,-37.88000,41001.00000,5780.40000,312.10000,4.09000
17.31000,coast,-37.75000,40985.00000,5783.17000,311.71000,4.11000
17.32000,coast,-37.61000,40973.00000,5785.25000,311.33000,4.09000
17.33000,coast,-37.47000,40950.00000,5789.23000,310.94000,4.09000
17.34000,coast,-37.33000,40942.00000,5790.62000,310.56000,4.09000
17.35000,coast,-37.17000,40921.00000,5794.26000,310.17000,4.09000
17.36000,coast,-37.01000,40909.00000,5796.34000,309.79000,4.09000
17.37000,coast,-36.84000,40902.00000,5797.56000,309.41000,4.09000
17.38000,coast,-36.66000,40888.00000,5799.99000,309.03000,4.11000
17.39000,coast,-36.47000,40888.00000,5799.99000,308.65000,4.11000
17.40000,coast,-36.28000,40872.00000,5802.77000,308.27000,4.09000
17.41000,coast,-36.08000,40852.00000,5806.24000,307.90000,4.09000
17.42000,coast,-35.87000,40844.00000,5807.63000,307.52000,4.09000
17.43000,coast,-35.65000,40822.00000,5811.45000,307.15000,4.09000
17.44000,coast,-35.42000,40809.00000,5813.71000,306.78000,4.09000
17.45000,coast,-35.19000,40799.00000,5815.45000,306.42000,4.09000
17.46000,coast,-34.94000,40785.00000,5817.88000,306.05000,4.09000
17.47000,coast,-34.69000,40752.00000,5823.63000,305.69000,4.09000
17.48000,coast,-34.43000,40737.00000,5826.24000,305.33000,4.09000
17.49000,coast,-34.16000,40718.00000,5829.55000,304.97000,4.11000
17.50000,coast,-33.88000,40718.00000,5829.55000,304.62000,4.11000
17.51000,coast,-33.60000,40700.00000,5832.68000,304.27000,4.11000
17.52000,coast,-33.30000,40654.00000,5840.70000,303.91000,4.09000
17.53000,coast,-32.99000,40640.00000,5843.14000,303.56000,4.09000
17.54000,coast,-32.68000,40629.00000,5845.06000,303.22000,4.09000
17.55000,coast,-32.35000,40605.00000,5849.25000,302.88000,4.09000
17.56000,coast,-32.02000,40578.00000,5853.96000,302.53000,4.09000
17.57000,coast,-31.68000,40558.00000,5857.45000,302.19000,4.09000
17.58000,coast,-31.32000,40535.00000,5861.47000,301.86000,4.09000
17.59000,coast,-30.96000,40514.00000,5865.15000,301.53000,4.09000
17.60000,coast,-30.59000,40500.00000,5867.59000,301.20000,4.11000
17.61000,coast,-30.20000,40500.00000,5867.59000,300.87000,4.09000
17.62000,coast,-29.81000,40478.00000,5871.44000,300.55000,4.09000
17.63000,coast,-29.41000,40438.00000,5878.45000,300.23000,4.09000
17.64000,coast,-28.99000,40415.00000,5882.47000,299.92000,4.09000
17.65000,coast,-28.57000,40389.00000,5887.03000,299.61000,4.09000
17.66000,coast,-28.14000,40378.00000,5888.96000,299.30000,4.09000
17.67000,coast,-27.70000,40353.00000,5893.34000,299.01000,4.09000
17.68000,coast,-27.24000,40330.00000,5897.38000,298.71000,4.09000
17.69000,coast,-26.78000,40314.00000,5900.19000,298.42000,4.09000
17.70000,coast,-26.31000,40288.00000,5904.76000,298.14000,4.09000
17.71000,coast,-25.82000,40267.00000,5908.44000,297.86000,4.11000
17.72000,coast,-25.33000,40267.00000,5908.44000,297.58000,4.11000
17.73000,coast,-24.83000,40235.00000,5914.07000,297.31000,4.09000
17.74000,coast,-24.32000,40197.00000,5920.75000,297.05000,4.09000
17.75000,coast,-23.80000,40173.00000,5924.98000,296.79000,4.09000
17.76000,coast,-23.26000,40146.00000,5929.73000,296.53000,4.09000
17.77000,coast,-22.72000,40128.00000,5932.91000,296.29000,4.09000
17.78000,coast,-22.17000,40101.00000,5937.67000,296.04000,4.09000
17.79000,coast,-21.61000,40078.00000,5941.72000,295.81000,4.09000
17.80000,coast,-21.04000,40055.00000,5945.78000,295.58000,4.09000
17.81000,coast,-20.46000,40023.00000,5951.43000,295.35000,4.09000
17.82000,coast,-19.87000,40004.00000,5954.79000,295.13000,4.11000
17.83000,coast,-19.28000,40004.00000,5954.79000,294.92000,4.11000
17.84000,coast,-18.67000,39974.00000,5960.09000,294.71000,4.09000
17.85000,coast,-18.06000,39929.00000,5968.05000,294.51000,4.09000
17.86000,coast,-17.43000,39906.00000,5972.12000,294.31000,4.09000
17.87000,coast,-16.80000,39890.00000,5974.95000,294.12000,4.09000
17.88000,coast,-16.16000,39870.00000,5978.49000,293.94000,4.09000
17.89000,coast,-15.51000,39845.00000,5982.92000,293.76000,4.09000
17.90000,coast,-14.86000,39832.00000,5985.23000,293.60000,4.11000
17.91000,coast,-14.19000,39816.00000,5988.06000,293.43000,4.09000
17.92000,coast,-13.52000,39795.00000,5991.79000,293.28000,4.09000
17.93000,coast,-12.84000,39765.00000,5997.11000,293.13000,4.11000
17.94000,coast,-12.15000,39765.00000,5997.11000,292.98000,4.11000
17.95000,coast,-11.46000,39740.00000,6001.55000,292.85000,4.09000
17.96000,coast,-10.76000,39714.00000,6006.17000,292.72000,4.09000
17.97000,coast,-10.05000,39687.00000,6010.97000,292.60000,4.09000
17.98000,coast,-9.33000,39665.00000,6014.88000,292.49000,4.09000
17.99000,coast,-8.61000,39634.00000,6020.40000,292.39000,4.09000
18.00000,coast,-7.88000,39621.00000,6022.71000,292.30000,4.09000
18.01000,coast,-7.15000,39592.00000,6027.88000,292.21000,4.09000
18.02000,coast,-6.41000,39573.00000,6031.27000,292.13000,4.09000
18.03000,coast,-5.66000,39556.00000,6034.30000,292.06000,4.09000
18.04000,coast,-4.91000,39538.00000,6037.51000,291.99000,4.12000
18.05000,coast,-4.15000,39538.00000,6037.51000,291.93000,4.11000
18.06000,coast,-3.38000,39508.00000,6042.86000,291.88000,4.09000
18.07000,coast,-2.62000,39476.00000,6048.57000,291.84000,4.09000
18.08000,coast,-1.84000,39461.00000,6051.25000,291.80000,4.09000
18.09000,coast,-1.06000,39440.00000,6055.00000,291.78000,4.09000
18.10000,coast,-0.28000,39426.00000,6057.50000,291.76000,4.09000
18.11000,coast,0.51000,39407.00000,6060.90000,291.75000,4.09000
18.12000,coast,1.30000,39394.00000,6063.23000,291.75000,4.09000
18.13000,coast,2.09000,39378.00000,6066.09000,291.76000,4.09000
18.14000,coast,2.89000,39373.00000,6066.98000,291.77000,4.09000
18.15000,coast,3.69000,39369.00000,6067.70000,291.79000,4.11000
18.16000,coast,4.50000,39369.00000,6067.70000,291.83000,4.11000
18.17000,coast,5.30000,39347.00000,6071.64000,291.87000,4.09000
18.18000,coast,6.11000,39335.00000,6073.79000,291.91000,4.09000
18.19000,coast,6.93000,39331.00000,6074.50000,291.96000,4.09000
18.20000,coast,7.74000,39332.00000,6074.32000,292.03000,4.09000
18.21000,coast,8.56000,39322.00000,6076.12000,292.10000,4.09000
18.22000,coast,9.38000,39322.00000,6076.12000,292.18000,4.09000
18.23000,coast,10.19000,39313.00000,6077.73000,292.27000,4.09000
18.24000,coast,11.01000,39296.00000,6080.77000,292.37000,4.09000
18.25000,coast,11.84000,39299.00000,6080.24000,292.48000,4.09000
18.26000,coast,12.66000,39296.00000,6080.77000,292.59000,4.12000
18.27000,coast,13.48000,39296.00000,6080.77000,292.72000,4.09000
18.28000,coast,14.30000,39285.00000,6082.75000,292.85000,4.09000
18.29000,coast,15.12000,39274.00000,6084.72000,292.99000,4.09000
18.30000,coast,15.94000,39267.00000,6085.97000,293.14000,4.09000
18.31000,coast,16.76000,39260.00000,6087.23000,293.30000,4.09000
18.32000,coast,17.58000,39261.00000,6087.05000,293.47000,4.09000
18.33000,coast,18.39000,39261.00000,6087.05000,293.66000,4.09000
18.34000,coast,19.21000,39249.00000,6089.20000,293.84000,4.09000
18.35000,coast,20.02000,39250.00000,6089.02000,294.04000,4.09000
18.36000,coast,20.83000,39238.00000,6091.18000,294.24000,4.09000
18.37000,coast,21.63000,39230.00000,6092.61000,294.45000,4.12000
18.38000,coast,22.44000,39230.00000,6092.61000,294.68000,4.11000
18.39000,coast,23.24000,39220.00000,6094.41000,294.91000,4.09000
18.40000,coast,24.03000,39192.00000,6099.44000,295.14000,4.09000
18.41000,coast,24.82000,39181.00000,6101.41000,295.39000,4.09000
18.42000,coast,25.60000,39173.00000,6102.85000,295.65000,4.09000
18.43000,coast,26.38000,39167.00000,6103.93000,295.91000,4.09000
18.44000,coast,27.15000,39162.00000,6104.83000,296.18000,4.09000
18.45000,coast,27.92000,39149.00000,6107.16000,296.47000,4.11000
18.46000,coast,28.68000,39141.00000,6108.60000,296.76000,4.09000
18.47000,coast,29.43000,39135.00000,6109.68000,297.05000,4.09000
18.48000,coast,30.17000,39129.00000,6110.76000,297.36000,4.12000
18.49000,coast,30.91000,39129.00000,6110.76000,297.67000,4.11000
18.50000,coast,31.64000,39116.00000,6113.10000,298.00000,4.09000
18.51000,coast,32.36000,39107.00000,6114.72000,298.33000,4.11000
18.52000,coast,33.07000,39096.00000,6116.70000,298.66000,4.09000
18.53000,coast,33.76000,39088.00000,6118.14000,299.01000,4.09000
18.54000,coast,34.45000,39072.00000,6121.02000,299.36000,4.09000
18.55000,coast,35.13000,39064.00000,6122.46000,299.73000,4.09000
18.56000,coast,35.80000,39055.00000,6124.08000,300.10000,4.09000
18.57000,coast,36.45000,39039.00000,6126.96000,300.47000,4.09000
18.58000,coast,37.09000,39021.00000,6130.21000,300.85000,4.09000
18.59000,coast,37.72000,39007.00000,6132.73000,301.24000,4.12000
18.60000,coast,38.34000,39007.00000,6132.73000,301.64000,4.11000
18.61000,coast,38.94000,38991.00000,6135.62000,302.04000,4.09000
18.62000,coast,39.53000,38966.00000,6140.13000,302.45000,4.09000
18.63000,coast,40.10000,38953.00000,6142.47000,302.87000,4.09000
18.64000,coast,40.66000,38947.00000,6143.56000,303.29000,4.09000
18.65000,coast,41.20000,38931.00000,6146.45000,303.72000,4.09000
18.66000,coast,41.73000,38916.00000,6149.16000,304.16000,4.09000
18.67000,coast,42.24000,38908.00000,6150.60000,304.60000,4.09000
18.68000,coast,42.74000,38888.00000,6154.22000,305.05000,4.09000
18.69000,coast,43.22000,38883.00000,6155.12000,305.51000,4.09000
18.70000,coast,43.68000,38862.00000,6158.92000,305.97000,4.11000
18.71000,coast,44.12000,38862.00000,6158.92000,306.43000,4.11000
18.72000,coast,44.55000,38847.00000,6161.63000,306.91000,4.09000
18.73000,coast,44.96000,38815.00000,6167.42000,307.38000,4.09000
18.74000,coast,45.35000,38800.00000,6170.14000,307.86000,4.09000
18.75000,coast,45.72000,38794.00000,6171.22000,308.35000,4.09000
18.76000,coast,46.08000,38775.00000,6174.67000,308.85000,4.09000
18.77000,coast,46.41000,38763.00000,6176.84000,309.35000,4.09000
18.78000,coast,46.73000,38745.00000,6180.10000,309.85000,4.09000
18.79000,coast,47.03000,38729.00000,6183.00000,310.36000,4.09000
18.80000,coast,47.31000,38721.00000,6184.46000,310.87000,4.09000
18.81000,coast,47.56000,38696.00000,6188.99000,311.38000,4.12000
18.82000,coast,47.80000,38696.00000,6188.99000,311.90000,4.11000
18.83000,coast,48.02000,38674.00000,6192.99000,312.42000,4.09000
18.84000,coast,48.22000,38645.00000,6198.25000,312.94000,4.09000
18.85000,coast,48.40000,38620.00000,6202.80000,313.46000,4.09000
18.86000,coast,48.56000,38610.00000,6204.61000,313.99000,4.09000
18.87000,coast,48.70000,38589.00000,6208.43000,314.51000,4.09000
18.88000,coast,48.81000,38572.00000,6211.53000,315.04000,4.09000
18.89000,coast,48.91000,38551.00000,6215.35000,315.56000,4.09000
18.90000,coast,48.99000,38534.00000,6218.44000,316.09000,4.09000
18.91000,coast,49.04000,38515.00000,6221.90000,316.61000,4.09000
18.92000,coast,49.08000,38498.00000,6225.00000,317.14000,4.12000
18.93000,coast,49.09000,38498.00000,6225.00000,317.66000,4.11000
18.94000,coast,49.08000,38476.00000,6229.01000,318.19000,4.09000
18.95000,coast,49.06000,38438.00000,6235.94000,318.71000,4.09000
18.96000,coast,49.01000,38430.00000,6237.40000,319.23000,4.09000
18.97000,coast,48.94000,38408.00000,6241.42000,319.75000,4.09000
18.98000,coast,48.85000,38390.00000,6244.71000,320.27000,4.09000
18.99000,coast,48.73000,38373.00000,6247.81000,320.78000,4.09000
19.00000,coast,48.60000,38349.00000,6252.20000,321.30000,4.09000
19.01000,coast,48.45000,38334.00000,6254.94000,321.81000,4.09000
19.02000,coast,48.27000,38310.00000,6259.33000,322.32000,4.09000
19.03000,coast,48.07000,38289.00000,6263.18000,322.83000,4.12000
19.04000,coast,47.85000,38289.00000,6263.18000,323.34000,4.11000
19.05000,coast,47.61000,38264.00000,6267.75000,323.84000,4.09000
19.06000,coast,47.35000,38239.00000,6272.33000,324.34000,4.09000
19.07000,coast,47.07000,38214.00000,6276.91000,324.84000,4.09000
19.08000,coast,46.77000,38201.00000,6279.30000,325.34000,4.09000
19.09000,coast,46.44000,38175.00000,6284.07000,325.84000,4.09000
19.10000,coast,46.09000,38164.00000,6286.09000,326.33000,4.09000
19.11000,coast,45.72000,38138.00000,6290.86000,326.82000,4.09000
19.12000,coast,45.33000,38114.00000,6295.27000,327.31000,4.09000
19.13000,coast,44.92000,38097.00000,6298.39000,327.80000,4.09000
19.14000,coast,44.49000,38071.00000,6303.17000,328.28000,4.12000
19.15000,coast,44.03000,38071.00000,6303.17000,328.76000,4.11000
19.16000,coast,43.55000,38047.00000,6307.59000,329.24000,4.09000
19.17000,coast,43.05000,38010.00000,6314.40000,329.72000,4.09000
19.18000,coast,42.52000,37986.00000,6318.82000,330.19000,4.09000
19.19000,coast,41.98000,37965.00000,6322.69000,330.66000,4.09000
19.20000,coast,41.41000,37941.00000,6327.11000,331.13000,4.09000
19.21000,coast,40.82000,37920.00000,6330.99000,331.59000,4.09000
19.22000,coast,40.21000,37900.00000,6334.68000,332.04000,4.09000
19.23000,coast,39.57000,37871.00000,6340.03000,332.48000,4.09000
19.24000,coast,38.91000,37862.00000,6341.69000,332.92000,4.09000
19.25000,coast,38.23000,37832.00000,6347.24000,333.35000,4.11000
19.26000,coast,37.52000,37832.00000,6347.24000,333.78000,4.11000
19.27000,coast,36.80000,37810.00000,6351.30000,334.20000,4.09000
19.28000,coast,36.05000,37778.00000,6357.22000,334.60000,4.09000
19.29000,coast,35.27000,37750.00000,6362.41000,335.01000,4.09000
19.30000,coast,34.48000,37730.00000,6366.11000,335.40000,4.09000
19.31000,coast,33.66000,37709.00000,6370.00000,335.78000,4.09000
19.32000,coast,32.82000,37691.00000,6373.34000,336.16000,4.09000
19.33000,coast,31.95000,37665.00000,6378.16000,336.53000,4.09000
19.34000,coast,31.07000,37651.00000,6380.76000,336.88000,4.09000
19.35000,coast,30.16000,37639.00000,6382.98000,337.23000,4.09000
19.36000,coast,29.23000,37613.00000,6387.81000,337.57000,4.11000
19.37000,coast,28.28000,37613.00000,6387.81000,337.90000,4.11000
19.38000,coast,27.30000,37584.00000,6393.20000,338.22000,4.09000
19.39000,coast,26.31000,37551.00000,6399.33000,338.52000,4.09000
19.40000,coast,25.29000,37533.00000,6402.68000,338.82000,4.09000
19.41000,coast,24.25000,37517.00000,6405.66000,339.10000,4.09000
19.42000,coast,23.19000,37493.00000,6410.13000,339.38000,4.09000
19.43000,coast,22.11000,37473.00000,6413.85000,339.64000,4.09000
19.44000,coast,21.01000,37449.00000,6418.32000,339.90000,4.09000
19.45000,coast,19.89000,37435.00000,6420.93000,340.14000,4.09000
19.46000,coast,18.75000,37416.00000,6424.47000,340.37000,4.09000
19.47000,coast,17.60000,37400.00000,6427.46000,340.59000,4.12000
19.48000,coast,16.42000,37400.00000,6427.46000,340.80000,4.11000
19.49000,coast,15.23000,37370.00000,6433.06000,341.00000,4.09000
19.50000,coast,14.02000,37337.00000,6439.22000,341.19000,4.09000
19.51000,coast,12.79000,37311.00000,6444.08000,341.36000,4.09000
19.52000,coast,11.55000,37294.00000,6447.26000,341.53000,4.09000
19.53000,coast,10.29000,37277.00000,6450.44000,341.69000,4.09000
19.54000,coast,9.02000,37256.00000,6454.37000,341.83000,4.09000
19.55000,coast,7.73000,37235.00000,6458.30000,341.96000,4.09000
19.56000,coast,6.43000,37219.00000,6461.29000,342.07000,4.09000
19.57000,coast,5.11000,37199.00000,6465.04000,342.17000,4.09000
19.58000,coast,3.78000,37172.00000,6470.10000,342.26000,4.11000
19.59000,coast,2.45000,37172.00000,6470.10000,342.32000,4.11000
19.60000,coast,1.10000,37142.00000,6475.73000,342.37000,4.09000
19.61000,coast,-0.26000,37106.00000,6482.49000,342.40000,4.09000
19.62000,coast,-1.63000,37086.00000,6486.24000,342.41000,4.09000
19.63000,coast,-3.01000,37065.00000,6490.19000,342.41000,4.09000
19.64000,coast,-4.40000,37026.00000,6497.52000,342.39000,4.09000
19.65000,coast,-5.79000,37005.00000,6501.47000,342.35000,4.09000
19.66000,coast,-7.20000,36988.00000,6504.67000,342.30000,4.09000
19.67000,coast,-8.60000,36957.00000,6510.51000,342.23000,4.09000
19.68000,coast,-10.02000,36927.00000,6516.16000,342.15000,4.09000
19.69000,coast,-11.43000,36912.00000,6518.99000,342.05000,4.11000
19.70000,coast,-12.86000,36912.00000,6518.99000,341.93000,4.11000
19.71000,coast,-14.28000,36883.00000,6524.46000,341.80000,4.09000
19.72000,coast,-15.71000,36841.00000,6532.39000,341.65000,4.09000
19.73000,coast,-17.14000,36822.00000,6535.98000,341.49000,4.09000
19.74000,coast,-18.57000,36801.00000,6539.94000,341.31000,4.09000
19.75000,coast,-20.00000,36786.00000,6542.78000,341.12000,4.09000
19.76000,coast,-21.44000,36765.00000,6546.75000,340.92000,4.09000
19.77000,coast,-22.87000,36739.00000,6551.67000,340.69000,4.09000
19.78000,coast,-24.30000,36716.00000,6556.03000,340.46000,4.09000
19.79000,coast,-25.73000,36698.00000,6559.44000,340.21000,4.09000
19.80000,coast,-27.16000,36679.00000,6563.04000,339.94000,4.12000
19.81000,coast,-28.59000,36679.00000,6563.04000,339.66000,4.11000
19.82000,coast,-30.01000,36654.00000,6567.78000,339.36000,4.11000
19.83000,coast,-31.43000,36622.00000,6573.85000,339.05000,4.09000
19.84000,coast,-32.84000,36598.00000,6578.40000,338.73000,4.09000
19.85000,coast,-34.25000,36578.00000,6582.20000,338.39000,4.09000
19.86000,coast,-35.66000,36552.00000,6587.14000,338.04000,4.09000
19.87000,coast,-37.06000,36538.00000,6589.80000,337.67000,4.11000
19.88000,coast,-38.45000,36516.00000,6593.99000,337.29000,4.09000
19.89000,coast,-39.84000,36493.00000,6598.36000,336.90000,4.09000
19.90000,coast,-41.22000,36473.00000,6602.17000,336.48000,4.09000
19.91000,coast,-42.59000,36451.00000,6606.36000,336.06000,4.12000
19.92000,coast,-43.95000,36451.00000,6606.36000,335.62000,4.09000
19.93000,coast,-45.31000,36423.00000,6611.69000,335.16000,4.11000
19.94000,coast,-46.65000,36387.00000,6618.56000,334.70000,4.09000
19.95000,coast,-47.99000,36361.00000,6623.52000,334.21000,4.09000
19.96000,coast,-49.31000,36335.00000,6628.48000,333.72000,4.09000
19.97000,coast,-50.63000,36321.00000,6631.16000,333.21000,4.09000
19.98000,coast,-51.93000,36287.00000,6637.66000,332.69000,4.09000
19.99000,coast,-53.23000,36268.00000,6641.29000,332.15000,4.09000
20.00000,coast,-54.51000,36250.00000,6644.73000,331.61000,4.11000
20.01000,coast,-55.78000,36228.00000,6648.94000,331.04000,4.09000
20.02000,coast,-57.04000,36204.00000,6653.54000,330.47000,4.11000
20.03000,coast,-58.28000,36204.00000,6653.54000,329.88000,4.11000
20.04000,coast,-59.51000,36182.00000,6657.75000,329.28000,4.09000
20.05000,coast,-60.73000,36148.00000,6664.27000,328.67000,4.09000
20.06000,coast,-61.93000,36125.00000,6668.68000,328.04000,4.09000
20.07000,coast,-63.12000,36107.00000,6672.14000,327.40000,4.09000
20.08000,coast,-64.29000,36087.00000,6675.98000,326.75000,4.09000
20.09000,coast,-65.45000,36069.00000,6679.44000,326.09000,4.09000
20.10000,coast,-66.59000,36048.00000,6683.47000,325.41000,4.09000
20.11000,coast,-67.72000,36030.00000,6686.93000,324.72000,4.09000
20.12000,coast,-68.82000,36012.00000,6690.39000,324.02000,4.09000
20.13000,coast,-69.91000,36000.00000,6692.70000,323.31000,4.11000
20.14000,coast,-70.99000,36000.00000,6692.70000,322.59000,4.09000
20.15000,coast,-72.04000,35969.00000,6698.67000,321.85000,4.09000
20.16000,coast,-73.07000,35942.00000,6703.87000,321.10000,4.09000
20.17000,coast,-74.09000,35920.00000,6708.11000,320.34000,4.09000
20.18000,coast,-75.09000,35909.00000,6710.23000,319.57000,4.09000
20.19000,coast,-76.06000,35883.00000,6715.25000,318.79000,4.09000
20.20000,coast,-77.01000,35867.00000,6718.33000,317.99000,4.09000
20.21000,coast,-77.95000,35838.00000,6723.93000,317.19000,4.09000
20.22000,coast,-78.86000,35825.00000,6726.44000,316.37000,4.09000
20.23000,coast,-79.74000,35802.00000,6730.89000,315.54000,4.09000
20.24000,coast,-80.61000,35782.00000,6734.75000,314.70000,4.11000
20.25000,coast,-81.45000,35782.00000,6734.75000,313.86000,4.11000
20.26000,coast,-82.27000,35759.00000,6739.20000,313.00000,4.09000
20.27000,coast,-83.06000,35719.00000,6746.94000,312.13000,4.09000
20.28000,coast,-83.83000,35686.00000,6753.34000,311.26000,4.09000
20.29000,coast,-84.57000,35675.00000,6755.47000,310.38000,4.09000
20.30000,coast,-85.29000,35662.00000,6757.99000,309.48000,4.09000
20.31000,coast,-85.98000,35638.00000,6762.64000,308.58000,4.09000
20.32000,coast,-86.64000,35618.00000,6766.53000,307.68000,4.09000
20.33000,coast,-87.28000,35593.00000,6771.38000,306.76000,4.09000
20.34000,coast,-87.89000,35580.00000,6773.90000,305.84000,4.09000
20.35000,coast,-88.47000,35557.00000,6778.37000,304.91000,4.12000
20.36000,coast,-89.03000,35557.00000,6778.37000,303.97000,4.11000
20.37000,coast,-89.55000,35535.00000,6782.65000,303.03000,4.09000
20.38000,coast,-90.05000,35494.00000,6790.63000,302.08000,4.09000
20.39000,coast,-90.52000,35485.00000,6792.38000,301.13000,4.09000
20.40000,coast,-90.96000,35467.00000,6795.88000,300.18000,4.09000
20.41000,coast,-91.37000,35444.00000,6800.36000,299.22000,4.09000
20.42000,coast,-91.75000,35430.00000,6803.09000,298.25000,4.09000
20.43000,coast,-92.10000,35410.00000,6806.99000,297.29000,4.09000
20.44000,coast,-92.42000,35391.00000,6810.70000,296.31000,4.09000
20.45000,coast,-92.71000,35376.00000,6813.62000,295.34000,4.09000
20.46000,coast,-92.97000,35355.00000,6817.72000,294.36000,4.12000
20.47000,coast,-93.20000,35355.00000,6817.72000,293.38000,4.11000
20.48000,coast,-93.40000,35331.00000,6822.41000,292.39000,4.09000
20.49000,coast,-93.57000,35308.00000,6826.91000,291.40000,4.09000
20.50000,coast,-93.71000,35287.00000,6831.01000,290.42000,4.09000
20.51000,coast,-93.82000,35263.00000,6835.71000,289.43000,4.09000
20.52000,coast,-93.89000,35251.00000,6838.05000,288.44000,4.09000
20.53000,coast,-93.94000,35235.00000,6841.19000,287.44000,4.09000
20.54000,coast,-93.96000,35213.00000,6845.50000,286.45000,4.09000
20.55000,coast,-93.94000,35199.00000,6848.24000,285.46000,4.09000
20.56000,coast,-93.90000,35183.00000,6851.37000,284.47000,4.09000
20.57000,coast,-93.82000,35163.00000,6855.30000,283.48000,4.11000
20.58000,coast,-93.71000,35163.00000,6855.30000,282.49000,4.11000
20.59000,coast,-93.58000,35145.00000,6858.83000,281.50000,4.09000
20.60000,coast,-93.41000,35120.00000,6863.73000,280.52000,4.09000
20.61000,coast,-93.22000,35095.00000,6868.64000,279.53000,4.09000
20.62000,coast,-92.99000,35080.00000,6871.59000,278.55000,4.09000
20.63000,coast,-92.74000,35062.00000,6875.13000,277.57000,4.09000
20.64000,coast,-92.45000,35049.00000,6877.68000,276.60000,4.09000
20.65000,coast,-92.14000,35032.00000,6881.03000,275.62000,4.09000
20.66000,coast,-91.80000,35013.00000,6884.77000,274.66000,4.09000
20.67000,coast,-91.42000,34999.00000,6887.52000,273.69000,4.09000
20.68000,coast,-91.03000,34982.00000,6890.87000,272.73000,4.12000
20.69000,coast,-90.60000,34982.00000,6890.87000,271.77000,4.11000
20.70000,coast,-90.14000,34964.00000,6894.41000,270.82000,4.09000
20.71000,coast,-89.66000,34925.00000,6902.10000,269.87000,4.09000
20.72000,coast,-89.15000,34916.00000,6903.88000,268.93000,4.09000
20.73000,coast,-88.61000,34895.00000,6908.02000,267.99000,4.11000
20.74000,coast,-88.05000,34880.00000,6910.98000,267.06000,4.09000
20.75000,coast,-87.46000,34864.00000,6914.14000,266.14000,4.09000
20.76000,coast,-86.84000,34854.00000,6916.11000,265.22000,4.09000
20.77000,coast,-86.20000,34842.00000,6918.48000,264.31000,4.11000
20.78000,coast,-85.54000,34828.00000,6921.25000,263.40000,4.09000
20.79000,coast,-84.85000,34817.00000,6923.43000,262.51000,4.12000
20.80000,coast,-84.13000,34817.00000,6923.43000,261.62000,4.11000
20.81000,coast,-83.39000,34808.00000,6925.21000,260.74000,4.09000
20.82000,coast,-82.63000,34793.00000,6928.17000,259.86000,4.11000
20.83000,coast,-81.84000,34800.00000,6926.79000,258.99000,4.09000
20.84000,coast,-81.03000,34792.00000,6928.37000,258.14000,4.09000
20.85000,coast,-80.20000,34798.00000,6927.18000,257.29000,4.09000
20.86000,coast,-79.34000,34802.00000,6926.39000,256.45000,4.09000
20.87000,coast,-78.47000,34817.00000,6923.43000,255.63000,4.11000
20.88000,coast,-77.57000,34819.00000,6923.03000,254.81000,4.09000
20.89000,coast,-76.65000,34818.00000,6923.23000,254.00000,4.09000
20.90000,coast,-75.71000,34815.00000,6923.82000,253.19000,4.11000
20.91000,coast,-74.75000,34815.00000,6923.82000,252.41000,4.11000
20.92000,coast,-73.78000,34810.00000,6924.81000,251.63000,4.09000
20.93000,coast,-72.78000,34807.00000,6925.40000,250.86000,4.09000
20.94000,coast,-71.76000,34812.00000,6924.41000,250.10000,4.09000
20.95000,coast,-70.73000,34801.00000,6926.59000,249.35000,4.09000
20.96000,coast,-69.68000,34808.00000,6925.21000,248.61000,4.09000
20.97000,coast,-68.61000,34801.00000,6926.59000,247.89000,4.09000
20.98000,coast,-67.53000,34804.00000,6926.00000,247.18000,4.09000
20.99000,coast,-66.43000,34797.00000,6927.38000,246.47000,4.09000
21.00000,coast,-65.32000,34789.00000,6928.96000,245.78000,4.09000
21.01000,coast,-64.19000,34787.00000,6929.36000,245.10000,4.11000
21.02000,coast,-63.04000,34787.00000,6929.36000,244.44000,4.11000
21.03000,coast,-61.88000,34784.00000,6929.95000,243.79000,4.09000
21.04000,coast,-60.71000,34763.00000,6934.11000,243.14000,4.09000
21.05000,coast,-59.53000,34748.00000,6937.08000,242.51000,4.09000
21.06000,coast,-58.33000,34745.00000,6937.67000,241.90000,4.09000
21.07000,coast,-57.12000,34726.00000,6941.44000,241.30000,4.09000
21.08000,coast,-55.90000,34710.00000,6944.61000,240.71000,4.09000
21.09000,coast,-54.67000,34689.00000,6948.77000,240.13000,4.09000
21.10000,coast,-53.43000,34666.00000,6953.33000,239.57000,4.09000
21.11000,coast,-52.18000,34645.00000,6957.50000,239.02000,4.09000
21.12000,coast,-50.92000,34612.00000,6964.05000,238.48000,4.11000
21.13000,coast,-49.65000,34612.00000,6964.05000,237.95000,4.11000
21.14000,coast,-48.37000,34579.00000,6970.61000,237.45000,4.09000
21.15000,coast,-47.09000,34524.00000,6981.55000,236.95000,4.09000
21.16000,coast,-45.80000,34497.00000,6986.93000,236.47000,4.09000
21.17000,coast,-44.50000,34459.00000,6994.50000,236.00000,4.09000
21.18000,coast,-43.20000,34447.00000,6996.89000,235.55000,4.09000
21.19000,coast,-41.89000,34438.00000,6998.69000,235.11000,4.09000
21.20000,coast,-40.57000,34435.00000,6999.28000,234.68000,4.09000
21.21000,coast,-39.25000,34426.00000,7001.08000,234.27000,4.09000
21.22000,coast,-37.93000,34414.00000,7003.47000,233.87000,4.09000
21.23000,coast,-36.60000,34415.00000,7003.27000,233.49000,4.12000
21.24000,coast,-35.27000,34415.00000,7003.27000,233.12000,4.09000
21.25000,coast,-33.94000,34400.00000,7006.27000,232.77000,4.09000
21.26000,coast,-32.61000,34390.00000,7008.26000,232.42000,4.09000
21.27000,coast,-31.27000,34377.00000,7010.86000,232.09000,4.09000
21.28000,coast,-29.93000,34371.00000,7012.06000,231.78000,4.09000
21.29000,coast,-28.60000,34366.00000,7013.06000,231.48000,4.09000
21.30000,coast,-27.26000,34373.00000,7011.66000,231.20000,4.09000
21.31000,coast,-25.92000,34372.00000,7011.86000,230.93000,4.09000
21.32000,coast,-24.59000,34367.00000,7012.86000,230.67000,4.09000
21.33000,coast,-23.25000,34370.00000,7012.26000,230.43000,4.09000
21.34000,coast,-21.92000,34368.00000,7012.66000,230.20000,4.12000
21.35000,coast,-20.59000,34368.00000,7012.66000,229.99000,4.11000
21.36000,coast,-19.26000,34366.00000,7013.06000,229.79000,4.11000
21.37000,coast,-17.94000,34350.00000,7016.26000,229.60000,4.09000
21.38000,coast,-16.62000,34348.00000,7016.66000,229.42000,4.09000
21.39000,coast,-15.30000,34343.00000,7017.66000,229.26000,4.09000
21.40000,coast,-13.99000,34355.00000,7015.26000,229.12000,4.09000
21.41000,coast,-12.69000,34348.00000,7016.66000,228.99000,4.09000
21.42000,coast,-11.39000,34343.00000,7017.66000,228.87000,4.09000
21.43000,coast,-10.09000,34336.00000,7019.05000,228.77000,4.09000
21.44000,coast,-8.80000,34324.00000,7021.45000,228.68000,4.09000
21.45000,coast,-7.52000,34316.00000,7023.05000,228.60000,4.11000
21.46000,coast,-6.25000,34316.00000,7023.05000,228.54000,4.11000
21.47000,coast,-4.98000,34305.00000,7025.25000,228.49000,4.09000
21.48000,coast,-3.72000,34295.00000,7027.26000,228.45000,4.09000
21.49000,coast,-2.48000,34281.00000,7030.06000,228.42000,4.09000
21.50000,coast,-1.23000,34270.00000,7032.26000,228.41000,4.09000
21.51000,coast,-0.00000,34262.00000,7033.86000,228.42000,4.09000
21.52000,coast,1.22000,34252.00000,7035.87000,228.43000,4.09000
21.53000,coast,2.43000,34248.00000,7036.67000,228.46000,4.09000
21.54000,coast,3.63000,34247.00000,7036.87000,228.50000,4.09000
21.55000,coast,4.82000,34248.00000,7036.67000,228.56000,4.09000
21.56000,coast,6.00000,34250.00000,7036.27000,228.62000,4.11000
21.57000,coast,7.17000,34250.00000,7036.27000,228.70000,4.11000
21.58000,coast,8.32000,34284.00000,7029.46000,228.79000,4.11000
21.59000,coast,9.46000,34333.00000,7019.65000,228.90000,4.09000
21.60000,coast,10.59000,34346.00000,7017.06000,229.01000,4.09000
21.61000,coast,11.71000,34366.00000,7013.06000,229.14000,4.09000
21.62000,coast,12.82000,34382.00000,7009.86000,229.28000,4.09000
21.63000,coast,13.91000,34391.00000,7008.07000,229.43000,4.09000
21.64000,coast,14.98000,34402.00000,7005.87000,229.60000,4.09000
21.65000,coast,16.04000,34409.00000,7004.47000,229.77000,4.09000
21.66000,coast,17.09000,34412.00000,7003.87000,229.96000,4.09000
21.67000,coast,18.12000,34413.00000,7003.67000,230.15000,4.11000
21.68000,coast,19.14000,34413.00000,7003.67000,230.36000,4.11000
21.69000,coast,20.14000,34412.00000,7003.87000,230.58000,4.11000
21.70000,coast,21.12000,34399.00000,7006.47000,230.81000,4.09000
21.71000,coast,22.09000,34396.00000,7007.07000,231.05000,4.09000
21.72000,coast,23.05000,34382.00000,7009.86000,231.30000,4.09000
21.73000,coast,23.98000,34373.00000,7011.66000,231.56000,4.09000
21.74000,coast,24.90000,34346.00000,7017.06000,231.83000,4.09000
21.75000,coast,25.80000,34330.00000,7020.25000,232.11000,4.09000
21.76000,coast,26.69000,34321.00000,7022.05000,232.40000,4.09000
21.77000,coast,27.55000,34299.00000,7026.46000,232.69000,4.09000
21.78000,coast,28.40000,34280.00000,7030.26000,233.00000,4.12000
21.79000,coast,29.23000,34280.00000,7030.26000,233.31000,4.11000
21.80000,coast,30.04000,34255.00000,7035.26000,233.64000,4.09000
21.81000,coast,30.84000,34222.00000,7041.88000,233.97000,4.09000
21.82000,coast,31.61000,34202.00000,7045.89000,234.31000,4.09000
21.83000,coast,32.37000,34176.00000,7051.10000,234.65000,4.09000
21.84000,coast,33.11000,34160.00000,7054.32000,235.01000,4.09000
21.85000,coast,33.83000,34137.00000,7058.94000,235.37000,4.09000
21.86000,coast,34.53000,34117.00000,7062.95000,235.74000,4.09000
21.87000,coast,35.21000,34098.00000,7066.77000,236.12000,4.09000
21.88000,coast,35.87000,34075.00000,7071.40000,236.50000,4.09000
21.89000,coast,36.51000,34049.00000,7076.63000,236.89000,4.12000
21.90000,coast,37.13000,34049.00000,7076.63000,237.29000,4.11000
21.91000,coast,37.73000,34026.00000,7081.26000,237.69000,4.09000
21.92000,coast,38.32000,33988.00000,7088.92000,238.10000,4.09000
21.93000,coast,38.88000,33963.00000,7093.96000,238.52000,4.09000
21.94000,coast,39.42000,33940.00000,7098.60000,238.94000,4.09000
21.95000,coast,39.95000,33924.00000,7101.83000,239.37000,4.09000
21.96000,coast,40.45000,33907.00000,7105.26000,239.81000,4.09000
21.97000,coast,40.93000,33884.00000,7109.91000,240.25000,4.09000
21.98000,coast,41.40000,33858.00000,7115.17000,240.69000,4.09000
21.99000,coast,41.84000,33843.00000,7118.20000,241.14000,4.09000
22.00000,coast,42.27000,33820.00000,7122.86000,241.59000,4.11000
22.01000,coast,42.67000,33820.00000,7122.86000,242.05000,4.11000
22.02000,coast,43.05000,33794.00000,7128.12000,242.51000,4.11000
22.03000,coast,43.42000,33767.00000,7133.59000,242.97000,4.09000
22.04000,coast,43.76000,33741.00000,7138.86000,243.44000,4.09000
22.05000,coast,44.09000,33724.00000,7142.31000,243.91000,4.09000
22.06000,coast,44.39000,33710.00000,7145.15000,244.39000,4.09000
22.07000,coast,44.68000,33694.00000,7148.40000,244.87000,4.09000
22.08000,coast,44.95000,33673.00000,7152.66000,245.35000,4.09000
22.09000,coast,45.19000,33654.00000,7156.52000,245.83000,4.09000
22.10000,coast,45.42000,33644.00000,7158.55000,246.31000,4.09000
22.11000,coast,45.63000,33622.00000,7163.03000,246.80000,4.11000
22.12000,coast,45.82000,33622.00000,7163.03000,247.29000,4.11000
22.13000,coast,45.99000,33597.00000,7168.11000,247.78000,4.09000
22.14000,coast,46.14000,33572.00000,7173.20000,248.26000,4.09000
22.15000,coast,46.28000,33558.00000,7176.05000,248.75000,4.09000
22.16000,coast,46.39000,33545.00000,7178.70000,249.25000,4.09000
22.17000,coast,46.49000,33528.00000,7182.16000,249.74000,4.09000
22.18000,coast,46.56000,33511.00000,7185.63000,250.23000,4.09000
22.19000,coast,46.62000,33500.00000,7187.87000,250.73000,4.09000
22.20000,coast,46.67000,33490.00000,7189.91000,251.22000,4.09000
22.21000,coast,46.69000,33478.00000,7192.36000,251.72000,4.09000
22.22000,coast,46.70000,33464.00000,7195.22000,252.21000,4.11000
22.23000,coast,46.69000,33464.00000,7195.22000,252.71000,4.11000
22.24000,coast,46.66000,33448.00000,7198.49000,253.20000,4.09000
22.25000,coast,46.61000,33423.00000,7203.59000,253.70000,4.09000
22.26000,coast,46.55000,33409.00000,7206.46000,254.19000,4.09000
22.27000,coast,46.47000,33398.00000,7208.70000,254.68000,4.09000
22.28000,coast,46.38000,33388.00000,7210.75000,255.18000,4.09000
22.29000,coast,46.27000,33374.00000,7213.61000,255.67000,4.09000
22.30000,coast,46.14000,33364.00000,7215.66000,256.16000,4.09000
22.31000,coast,46.00000,33353.00000,7217.91000,256.65000,4.09000
22.32000,coast,45.84000,33337.00000,7221.19000,257.14000,4.09000
22.33000,coast,45.66000,33321.00000,7224.46000,257.62000,4.11000
22.34000,coast,45.47000,33321.00000,7224.46000,258.10000,4.11000
22.35000,coast,45.27000,33303.00000,7228.15000,258.58000,4.09000
22.36000,coast,45.05000,33278.00000,7233.28000,259.06000,4.09000
22.37000,coast,44.82000,33264.00000,7236.15000,259.54000,4.09000
22.38000,coast,44.57000,33250.00000,7239.02000,260.01000,4.09000
22.39000,coast,44.31000,33235.00000,7242.10000,260.48000,4.09000
22.40000,coast,44.04000,33230.00000,7243.13000,260.95000,4.09000
22.41000,coast,43.75000,33212.00000,7246.82000,261.41000,4.09000
22.42000,coast,43.45000,33205.00000,7248.26000,261.87000,4.09000
22.43000,coast,43.13000,33185.00000,7252.37000,262.32000,4.09000
22.44000,coast,42.80000,33180.00000,7253.40000,262.77000,4.11000
22.45000,coast,42.46000,33180.00000,7253.40000,263.22000,4.11000
22.46000,coast,42.11000,33156.00000,7258.33000,263.67000,4.09000
22.47000,coast,41.74000,33145.00000,7260.60000,264.11000,4.09000
22.48000,coast,41.37000,33133.00000,7263.06000,264.54000,4.09000
22.49000,coast,40.98000,33118.00000,7266.15000,264.97000,4.09000
22.50000,coast,40.58000,33101.00000,7269.65000,265.40000,4.09000
22.51000,coast,40.17000,33091.00000,7271.71000,265.82000,4.09000
22.52000,coast,39.75000,33075.00000,7275.01000,266.24000,4.09000
22.53000,coast,39.31000,33058.00000,7278.51000,266.66000,4.09000
22.54000,coast,38.87000,33053.00000,7279.54000,267.06000,4.09000
22.55000,coast,38.42000,33031.00000,7284.08000,267.47000,4.11000
22.56000,coast,37.95000,33031.00000,7284.08000,267.87000,4.11000
22.57000,coast,37.48000,33024.00000,7285.53000,268.26000,4.09000
22.58000,coast,37.00000,32998.00000,7290.89000,268.65000,4.09000
22.59000,coast,36.51000,32988.00000,7292.96000,269.03000,4.09000
22.60000,coast,36.01000,32974.00000,7295.85000,269.41000,4.09000
22.61000,coast,35.50000,32961.00000,7298.54000,269.78000,4.09000
22.62000,coast,34.99000,32944.00000,7302.05000,270.15000,4.09000
22.63000,coast,34.46000,32927.00000,7305.57000,270.52000,4.09000
22.64000,coast,33.93000,32920.00000,7307.01000,270.87000,4.09000
22.65000,coast,33.40000,32905.00000,7310.12000,271.22000,4.09000
22.66000,coast,32.85000,32891.00000,7313.01000,271.57000,4.11000
22.67000,coast,32.30000,32891.00000,7313.01000,271.91000,4.09000
22.68000,coast,31.75000,32876.00000,7316.12000,272.24000,4.09000
22.69000,coast,31.19000,32850.00000,7321.51000,272.57000,4.09000
22.70000,coast,30.62000,32842.00000,7323.16000,272.89000,4.09000
22.71000,coast,30.06000,32821.00000,7327.52000,273.21000,4.09000
22.72000,coast,29.48000,32807.00000,7330.42000,273.52000,4.09000
22.73000,coast,28.91000,32797.00000,7332.50000,273.83000,4.09000
22.74000,coast,28.33000,32781.00000,7335.82000,274.13000,4.09000
22.75000,coast,27.75000,32776.00000,7336.86000,274.42000,4.09000
22.76000,coast,27.16000,32754.00000,7341.42000,274.71000,4.09000
22.77000,coast,26.57000,32738.00000,7344.75000,274.99000,4.11000
22.78000,coast,25.99000,32738.00000,7344.75000,275.26000,4.11000
22.79000,coast,25.40000,32720.00000,7348.49000,275.53000,4.09000
22.80000,coast,24.81000,32691.00000,7354.52000,275.79000,4.09000
22.81000,coast,24.22000,32682.00000,7356.39000,276.04000,4.09000
22.82000,coast,23.63000,32667.00000,7359.52000,276.29000,4.09000
22.83000,coast,23.04000,32655.00000,7362.01000,276.53000,4.11000
22.84000,coast,22.45000,32638.00000,7365.55000,276.76000,4.09000
22.85000,coast,21.87000,32630.00000,7367.22000,276.99000,4.09000
22.86000,coast,21.28000,32611.00000,7371.18000,277.20000,4.09000
22.87000,coast,20.70000,32594.00000,7374.73000,277.41000,4.09000
22.88000,coast,20.12000,32587.00000,7376.19000,277.60000,4.11000
22.89000,coast,19.54000,32587.00000,7376.19000,277.79000,4.11000
22.90000,coast,18.97000,32568.00000,7380.15000,277.98000,4.09000
22.91000,coast,18.40000,32540.00000,7385.99000,278.16000,4.09000
22.92000,coast,17.83000,32527.00000,7388.71000,278.33000,4.09000
22.93000,coast,17.26000,32507.00000,7392.89000,278.49000,4.09000
22.94000,coast,16.70000,32501.00000,7394.14000,278.65000,4.09000
22.95000,coast,16.14000,32485.00000,7397.49000,278.80000,4.09000
22.96000,coast,15.59000,32466.00000,7401.46000,278.95000,4.09000
22.97000,coast,15.04000,32457.00000,7403.35000,279.09000,4.09000
22.98000,coast,14.50000,32441.00000,7406.69000,279.22000,4.09000
22.99000,coast,13.96000,32423.00000,7410.46000,279.34000,4.12000
23.00000,coast,13.43000,32423.00000,7410.46000,279.47000,4.11000
23.01000,coast,12.90000,32406.00000,7414.02000,279.58000,4.09000
23.02000,coast,12.38000,32379.00000,7419.68000,279.69000,4.09000
23.03000,coast,11.86000,32365.00000,7422.62000,279.80000,4.09000
23.04000,coast,11.35000,32354.00000,7424.93000,279.90000,4.09000
23.05000,coast,10.84000,32334.00000,7429.12000,279.99000,4.09000
23.06000,coast,10.34000,32318.00000,7432.48000,280.08000,4.09000
23.07000,coast,9.85000,32307.00000,7434.79000,280.17000,4.09000
23.08000,coast,9.36000,32295.00000,7437.31000,280.25000,4.09000
23.09000,coast,8.88000,32275.00000,7441.52000,280.33000,4.09000
23.10000,coast,8.40000,32262.00000,7444.25000,280.41000,4.11000
23.11000,coast,7.93000,32262.00000,7444.25000,280.48000,4.09000
23.12000,coast,7.46000,32243.00000,7448.25000,280.55000,4.09000
23.13000,coast,7.00000,32219.00000,7453.30000,280.62000,4.09000
23.14000,coast,6.54000,32206.00000,7456.03000,280.68000,4.09000
23.15000,coast,6.09000,32186.00000,7460.25000,280.75000,4.09000
23.16000,coast,5.65000,32179.00000,7461.72000,280.81000,4.09000
23.17000,coast,5.21000,32167.00000,7464.25000,280.87000,4.09000
23.18000,coast,4.78000,32150.00000,7467.84000,280.93000,4.09000
23.19000,coast,4.35000,32135.00000,7471.00000,280.98000,4.09000
23.20000,coast,3.92000,32118.00000,7474.59000,281.02000,4.09000
23.21000,coast,3.50000,32107.00000,7476.91000,281.06000,4.12000
23.22000,coast,3.09000,32107.00000,7476.91000,281.09000,4.11000
23.23000,coast,2.68000,32098.00000,7478.81000,281.12000,4.09000
23.24000,coast,2.28000,32069.00000,7484.93000,281.15000,4.09000
23.25000,coast,1.88000,32054.00000,7488.10000,281.17000,4.09000
23.26000,coast,1.49000,32044.00000,7490.22000,281.18000,4.09000
23.27000,coast,1.10000,32029.00000,7493.39000,281.19000,4.09000
23.28000,coast,0.71000,32016.00000,7496.14000,281.20000,4.09000
23.29000,coast,0.34000,32005.00000,7498.47000,281.21000,4.09000
23.30000,coast,-0.04000,31994.00000,7500.80000,281.20000,4.09000
23.31000,coast,-0.41000,31977.00000,7504.40000,281.19000,4.09000
23.32000,coast,-0.77000,31964.00000,7507.15000,281.18000,4.11000
23.33000,coast,-1.13000,31964.00000,7507.15000,281.16000,4.11000
23.34000,coast,-1.48000,31945.00000,7511.18000,281.14000,4.09000
23.35000,coast,-1.83000,31925.00000,7515.42000,281.12000,4.09000
23.36000,coast,-2.17000,31914.00000,7517.75000,281.09000,4.09000
23.37000,coast,-2.50000,31894.00000,7521.99000,281.05000,4.09000
23.38000,coast,-2.83000,31886.00000,7523.69000,281.02000,4.09000
23.39000,coast,-3.16000,31879.00000,7525.18000,280.98000,4.09000
23.40000,coast,-3.47000,31863.00000,7528.58000,280.93000,4.09000
23.41000,coast,-3.78000,31849.00000,7531.55000,280.89000,4.09000
23.42000,coast,-4.09000,31829.00000,7535.80000,280.83000,4.09000
23.43000,coast,-4.39000,31821.00000,7537.50000,280.78000,4.11000
23.44000,coast,-4.68000,31821.00000,7537.50000,280.72000,4.11000
23.45000,coast,-4.96000,31803.00000,7541.33000,280.67000,4.09000
23.46000,coast,-5.23000,31779.00000,7546.44000,280.60000,4.09000
23.47000,coast,-5.50000,31764.00000,7549.63000,280.54000,4.09000
23.48000,coast,-5.76000,31752.00000,7552.19000,280.48000,4.09000
23.49000,coast,-6.02000,31739.00000,7554.96000,280.41000,4.09000
23.50000,coast,-6.26000,31728.00000,7557.30000,280.34000,4.09000
23.51000,coast,-6.50000,31708.00000,7561.57000,280.27000,4.09000
23.52000,coast,-6.72000,31698.00000,7563.70000,280.20000,4.09000
23.53000,coast,-6.94000,31688.00000,7565.83000,280.12000,4.09000
23.54000,coast,-7.15000,31670.00000,7569.67000,280.05000,4.11000
23.55000,coast,-7.35000,31670.00000,7569.67000,279.97000,4.09000
23.56000,coast,-7.55000,31660.00000,7571.81000,279.88000,4.09000
23.57000,coast,-7.73000,31635.00000,7577.15000,279.80000,4.09000
23.58000,coast,-7.90000,31618.00000,7580.78000,279.71000,4.09000
23.59000,coast,-8.07000,31611.00000,7582.28000,279.61000,4.09000
23.60000,coast,-8.22000,31599.00000,7584.84000,279.51000,4.09000
23.61000,coast,-8.37000,31584.00000,7588.05000,279.40000,4.09000
23.62000,coast,-8.50000,31574.00000,7590.19000,279.30000,4.09000
23.63000,coast,-8.63000,31562.00000,7592.76000,279.19000,4.09000
23.64000,coast,-8.75000,31547.00000,7595.97000,279.07000,4.09000
23.65000,coast,-8.86000,31541.00000,7597.25000,278.96000,4.11000
23.66000,coast,-8.96000,31541.00000,7597.25000,278.84000,4.11000
23.67000,coast,-9.05000,31523.00000,7601.11000,278.73000,4.09000
23.68000,coast,-9.13000,31503.00000,7605.40000,278.61000,4.09000
23.69000,coast,-9.20000,31490.00000,7608.18000,278.49000,4.09000
23.70000,coast,-9.26000,31483.00000,7609.69000,278.38000,4.09000
23.71000,coast,-9.32000,31462.00000,7614.19000,278.26000,4.09000
23.72000,coast,-9.37000,31454.00000,7615.91000,278.14000,4.09000
23.73000,coast,-9.41000,31444.00000,7618.05000,278.03000,4.09000
23.74000,coast,-9.44000,31428.00000,7621.49000,277.92000,4.09000
23.75000,coast,-9.47000,31417.00000,7623.85000,277.80000,4.09000
23.76000,coast,-9.49000,31411.00000,7625.14000,277.69000,4.11000
23.77000,coast,-9.50000,31411.00000,7625.14000,277.58000,4.11000
23.78000,coast,-9.50000,31387.00000,7630.30000,277.47000,4.09000
23.79000,coast,-9.50000,31365.00000,7635.03000,277.36000,4.09000
23.80000,coast,-9.50000,31356.00000,7636.97000,277.25000,4.09000
23.81000,coast,-9.49000,31336.00000,7641.27000,277.15000,4.09000
23.82000,coast,-9.47000,31326.00000,7643.43000,277.05000,4.09000
23.83000,coast,-9.45000,31317.00000,7645.37000,276.95000,4.09000
23.84000,coast,-9.43000,31302.00000,7648.60000,276.85000,4.09000
23.85000,coast,-9.40000,31290.00000,7651.18000,276.75000,4.09000
23.86000,coast,-9.37000,31276.00000,7654.20000,276.66000,4.09000
23.87000,coast,-9.34000,31263.00000,7657.01000,276.56000,4.11000
23.88000,coast,-9.30000,31263.00000,7657.01000,276.47000,4.11000
23.89000,coast,-9.26000,31247.00000,7660.46000,276.37000,4.09000
23.90000,coast,-9.22000,31228.00000,7664.56000,276.28000,4.09000
23.91000,coast,-9.18000,31212.00000,7668.01000,276.19000,4.09000
23.92000,coast,-9.13000,31198.00000,7671.04000,276.10000,4.09000
23.93000,coast,-9.09000,31180.00000,7674.93000,276.02000,4.09000
23.94000,coast,-9.04000,31166.00000,7677.96000,275.93000,4.09000
23.95000,coast,-9.00000,31157.00000,7679.90000,275.85000,4.11000
23.96000,coast,-8.96000,31147.00000,7682.07000,275.77000,4.09000
23.97000,coast,-8.91000,31135.00000,7684.66000,275.68000,4.09000
23.98000,coast,-8.87000,31126.00000,7686.61000,275.60000,4.11000
23.99000,coast,-8.83000,31126.00000,7686.61000,275.52000,4.11000
24.00000,coast,-8.78000,31113.00000,7689.43000,275.44000,4.09000
24.01000,coast,-8.74000,31082.00000,7696.14000,275.36000,4.09000
24.02000,coast,-8.71000,31069.00000,7698.96000,275.28000,4.09000
24.03000,coast,-8.67000,31059.00000,7701.13000,275.20000,4.09000
24.04000,coast,-8.64000,31039.00000,7705.47000,275.12000,4.09000
24.05000,coast,-8.61000,31037.00000,7705.90000,275.04000,4.09000
24.06000,coast,-8.58000,31020.00000,7709.59000,274.97000,4.09000
24.07000,coast,-8.55000,31013.00000,7711.11000,274.89000,4.09000
24.08000,coast,-8.53000,30999.00000,7714.15000,274.81000,4.09000
24.09000,coast,-8.51000,30992.00000,7715.67000,274.73000,4.11000
24.10000,coast,-8.49000,30992.00000,7715.67000,274.66000,4.11000
24.11000,coast,-8.47000,30975.00000,7719.36000,274.58000,4.09000
24.12000,coast,-8.46000,30954.00000,7723.93000,274.50000,4.09000
24.13000,coast,-8.45000,30942.00000,7726.54000,274.42000,4.11000
24.14000,coast,-8.45000,30935.00000,7728.06000,274.35000,4.09000
24.15000,coast,-8.44000,30922.00000,7730.89000,274.27000,4.09000
24.16000,coast,-8.44000,30906.00000,7734.37000,274.19000,4.09000
24.17000,coast,-8.45000,30887.00000,7738.51000,274.11000,4.09000
24.18000,coast,-8.45000,30880.00000,7740.04000,274.04000,4.09000
24.19000,coast,-8.46000,30865.00000,7743.30000,273.96000,4.09000
24.20000,coast,-8.47000,30850.00000,7746.57000,273.87000,4.11000
24.21000,coast,-8.49000,30850.00000,7746.57000,273.79000,4.11000
24.22000,coast,-8.50000,30837.00000,7749.41000,273.71000,4.09000
24.23000,coast,-8.52000,30819.00000,7753.34000,273.63000,4.09000
24.24000,coast,-8.54000,30801.00000,7757.26000,273.54000,4.09000
24.25000,coast,-8.57000,30787.00000,7760.32000,273.46000,4.09000
24.26000,coast,-8.59000,30772.00000,7763.60000,273.38000,4.09000
24.27000,coast,-8.62000,30762.00000,7765.78000,273.30000,4.09000
24.28000,coast,-8.65000,30744.00000,7769.72000,273.21000,4.09000
24.29000,coast,-8.68000,30735.00000,7771.69000,273.13000,4.11000
24.30000,coast,-8.71000,30719.00000,7775.19000,273.04000,4.09000
24.31000,coast,-8.75000,30704.00000,7778.47000,272.95000,4.11000
24.32000,coast,-8.79000,30704.00000,7778.47000,272.86000,4.11000
24.33000,coast,-8.82000,30693.00000,7780.88000,272.78000,4.09000
24.34000,coast,-8.86000,30671.00000,7785.70000,272.69000,4.09000
24.35000,coast,-8.90000,30655.00000,7789.20000,272.60000,4.09000
24.36000,coast,-8.94000,30649.00000,7790.52000,272.51000,4.09000
24.37000,coast,-8.98000,30631.00000,7794.46000,272.42000,4.09000
24.38000,coast,-9.03000,30630.00000,7794.68000,272.34000,4.09000
24.39000,coast,-9.07000,30607.00000,7799.73000,272.25000,4.09000
24.40000,coast,-9.11000,30599.00000,7801.48000,272.16000,4.11000
24.41000,coast,-9.16000,30585.00000,7804.56000,272.07000,4.09000
24.42000,coast,-9.20000,30578.00000,7806.09000,271.98000,4.12000
24.43000,coast,-9.25000,30578.00000,7806.09000,271.89000,4.11000
24.44000,coast,-9.30000,30560.00000,7810.05000,271.79000,4.09000
24.45000,coast,-9.34000,30541.00000,7814.22000,271.70000,4.09000
24.46000,coast,-9.39000,30527.00000,7817.30000,271.61000,4.09000
24.47000,coast,-9.44000,30515.00000,7819.94000,271.51000,4.09000
24.48000,coast,-9.49000,30507.00000,7821.70000,271.42000,4.09000
24.49000,coast,-9.53000,30494.00000,7824.56000,271.32000,4.09000
24.50000,coast,-9.58000,30474.00000,7828.97000,271.23000,4.09000
24.51000,coast,-9.63000,30467.00000,7830.51000,271.13000,4.09000
24.52000,coast,-9.68000,30452.00000,7833.81000,271.03000,4.09000
24.53000,coast,-9.73000,30437.00000,7837.12000,270.94000,4.11000
24.54000,coast,-9.78000,30437.00000,7837.12000,270.84000,4.11000
24.55000,coast,-9.82000,30419.00000,7841.09000,270.74000,4.09000
24.56000,coast,-9.87000,30402.00000,7844.84000,270.64000,4.09000
24.57000,coast,-9.92000,30386.00000,7848.37000,270.55000,4.09000
24.58000,coast,-9.97000,30378.00000,7850.13000,270.45000,4.09000
24.59000,coast,-10.02000,30363.00000,7853.45000,270.35000,4.09000
24.60000,coast,-10.07000,30348.00000,7856.76000,270.25000,4.09000
24.61000,coast,-10.12000,30330.00000,7860.74000,270.15000,4.09000
24.62000,coast,-10.17000,30328.00000,7861.18000,270.05000,4.09000
24.63000,coast,-10.21000,30312.00000,7864.72000,269.94000,4.09000
24.64000,coast,-10.26000,30297.00000,7868.04000,269.84000,4.12000
24.65000,coast,-10.31000,30297.00000,7868.04000,269.74000,4.11000
24.66000,coast,-10.36000,30279.00000,7872.02000,269.64000,4.09000
24.67000,coast,-10.41000,30256.00000,7877.11000,269.53000,4.09000
24.68000,coast,-10.46000,30249.00000,7878.66000,269.42000,4.09000
24.69000,coast,-10.51000,30234.00000,7881.99000,269.32000,4.09000
24.70000,coast,-10.56000,30218.00000,7885.53000,269.21000,4.09000
24.71000,coast,-10.61000,30208.00000,7887.75000,269.11000,4.09000
24.72000,coast,-10.66000,30193.00000,7891.08000,269.00000,4.09000
24.73000,coast,-10.71000,30182.00000,7893.52000,268.90000,4.09000
24.74000,coast,-10.75000,30167.00000,7896.85000,268.79000,4.09000
24.75000,coast,-10.80000,30155.00000,7899.51000,268.68000,4.11000
24.76000,coast,-10.85000,30155.00000,7899.51000,268.57000,4.11000
24.77000,coast,-10.90000,30144.00000,7901.96000,268.46000,4.09000
24.78000,coast,-10.96000,30126.00000,7905.96000,268.35000,4.09000
24.79000,coast,-11.01000,30110.00000,7909.52000,268.25000,4.09000
24.80000,coast,-11.06000,30100.00000,7911.74000,268.14000,4.09000
24.81000,coast,-11.11000,30084.00000,7915.30000,268.03000,4.09000
24.82000,coast,-11.16000,30080.00000,7916.19000,267.92000,4.09000
24.83000,coast,-11.21000,30059.00000,7920.86000,267.81000,4.09000
24.84000,coast,-11.26000,30052.00000,7922.42000,267.70000,4.09000
24.85000,coast,-11.32000,30041.00000,7924.87000,267.58000,4.09000
24.86000,coast,-11.37000,30029.00000,7927.55000,267.47000,4.11000
24.87000,coast,-11.42000,30029.00000,7927.55000,267.36000,4.11000
24.88000,coast,-11.48000,30012.00000,7931.34000,267.24000,4.09000
24.89000,coast,-11.53000,29996.00000,7934.90000,267.13000,4.09000
24.90000,coast,-11.59000,29981.00000,7938.25000,267.01000,4.09000
24.91000,coast,-11.64000,29969.00000,7940.93000,266.90000,4.09000
24.92000,coast,-11.70000,29956.00000,7943.83000,266.78000,4.09000
24.93000,coast,-11.75000,29943.00000,7946.74000,266.67000,4.09000
24.94000,coast,-11.81000,29938.00000,7947.85000,266.55000,4.09000
24.95000,coast,-11.87000,29917.00000,7952.55000,266.44000,4.09000
24.96000,coast,-11.93000,29906.00000,7955.00000,266.32000,4.09000
24.97000,coast,-11.99000,29897.00000,7957.02000,266.20000,4.12000
24.98000,coast,-12.04000,29897.00000,7957.02000,266.08000,4.11000
24.99000,coast,-12.10000,29881.00000,7960.60000,265.96000,4.09000
25.00000,coast,-12.16000,29859.00000,7965.52000,265.84000,4.09000
25.01000,coast,-12.23000,29846.00000,7968.43000,265.72000,4.09000
25.02000,coast,-12.29000,29834.00000,7971.12000,265.60000,4.09000
25.03000,coast,-12.35000,29819.00000,7974.48000,265.48000,4.09000
25.04000,coast,-12.41000,29806.00000,7977.39000,265.36000,4.09000
25.05000,coast,-12.47000,29794.00000,7980.09000,265.23000,4.09000
25.06000,coast,-12.54000,29782.00000,7982.78000,265.11000,4.09000
25.07000,coast,-12.60000,29770.00000,7985.47000,264.99000,4.09000
25.08000,coast,-12.67000,29760.00000,7987.71000,264.86000,4.12000
25.09000,coast,-12.73000,29760.00000,7987.71000,264.74000,4.11000
25.10000,coast,-12.80000,29741.00000,7991.98000,264.61000,4.09000
25.11000,coast,-12.87000,29723.00000,7996.02000,264.48000,4.09000
25.12000,coast,-12.93000,29711.00000,7998.72000,264.36000,4.11000
25.13000,coast,-13.00000,29694.00000,8002.54000,264.23000,4.09000
25.14000,coast,-13.07000,29681.00000,8005.47000,264.10000,4.09000
25.15000,coast,-13.14000,29666.00000,8008.84000,263.97000,4.09000
25.16000,coast,-13.20000,29661.00000,8009.97000,263.84000,4.09000
25.17000,coast,-13.27000,29647.00000,8013.12000,263.71000,4.09000
25.18000,coast,-13.34000,29639.00000,8014.92000,263.58000,4.09000
25.19000,coast,-13.41000,29624.00000,8018.30000,263.45000,4.12000
25.20000,coast,-13.48000,29624.00000,8018.30000,263.32000,4.09000
25.21000,coast,-13.55000,29607.00000,8022.13000,263.18000,4.09000
25.22000,coast,-13.63000,29593.00000,8025.29000,263.05000,4.09000
25.23000,coast,-13.70000,29582.00000,8027.77000,262.91000,4.09000
25.24000,coast,-13.77000,29562.00000,8032.28000,262.77000,4.09000
25.25000,coast,-13.84000,29553.00000,8034.31000,262.64000,4.09000
25.26000,coast,-13.91000,29547.00000,8035.67000,262.50000,4.09000
25.27000,coast,-13.98000,29534.00000,8038.61000,262.36000,4.09000
25.28000,coast,-14.06000,29522.00000,8041.32000,262.22000,4.09000
25.29000,coast,-14.13000,29507.00000,8044.71000,262.08000,4.09000
25.30000,coast,-14.20000,29502.00000,8045.84000,261.93000,4.11000
25.31000,coast,-14.27000,29502.00000,8045.84000,261.79000,4.09000
25.32000,coast,-14.35000,29486.00000,8049.45000,261.65000,4.09000
25.33000,coast,-14.42000,29461.00000,8055.11000,261.50000,4.09000
25.34000,coast,-14.49000,29457.00000,8056.02000,261.36000,4.09000
25.35000,coast,-14.57000,29442.00000,8059.41000,261.21000,4.09000
25.36000,coast,-14.64000,29431.00000,8061.90000,261.07000,4.09000
25.37000,coast,-14.71000,29424.00000,8063.49000,260.92000,4.09000
25.38000,coast,-14.78000,29407.00000,8067.34000,260.77000,4.09000
25.39000,coast,-14.86000,29399.00000,8069.16000,260.62000,4.09000
25.40000,coast,-14.93000,29389.00000,8071.42000,260.47000,4.09000
25.41000,coast,-15.00000,29377.00000,8074.14000,260.32000,4.12000
25.42000,coast,-15.07000,29377.00000,8074.14000,260.17000,4.09000
25.43000,coast,-15.15000,29358.00000,8078.46000,260.02000,4.09000
25.44000,coast,-15.22000,29341.00000,8082.32000,259.87000,4.09000
25.45000,coast,-15.29000,29328.00000,8085.27000,259.72000,4.09000
25.46000,coast,-15.36000,29317.00000,8087.77000,259.56000,4.09000
25.47000,coast,-15.43000,29308.00000,8089.81000,259.41000,4.09000
25.48000,coast,-15.51000,29293.00000,8093.22000,259.26000,4.09000
25.49000,coast,-15.58000,29281.00000,8095.95000,259.10000,4.09000
25.50000,coast,-15.65000,29268.00000,8098.91000,258.95000,4.09000
25.51000,coast,-15.72000,29251.00000,8102.78000,258.79000,4.09000
25.52000,coast,-15.79000,29248.00000,8103.46000,258.63000,4.11000
25.53000,coast,-15.86000,29248.00000,8103.46000,258.48000,4.11000
25.54000,coast,-15.93000,29229.00000,8107.79000,258.32000,4.09000
25.55000,coast,-16.00000,29212.00000,8111.66000,258.16000,4.09000
25.56000,coast,-16.07000,29195.00000,8115.54000,258.00000,4.09000
25.57000,coast,-16.13000,29185.00000,8117.82000,257.84000,4.09000
25.58000,coast,-16.20000,29170.00000,8121.24000,257.68000,4.09000
25.59000,coast,-16.27000,29161.00000,8123.29000,257.51000,4.09000
25.60000,coast,-16.34000,29153.00000,8125.12000,257.35000,4.09000
25.61000,coast,-16.40000,29138.00000,8128.54000,257.19000,4.09000
25.62000,coast,-16.47000,29125.00000,8131.51000,257.02000,4.09000
25.63000,coast,-16.54000,29115.00000,8133.80000,256.86000,4.11000
25.64000,coast,-16.60000,29115.00000,8133.80000,256.69000,4.11000
25.65000,coast,-16.67000,29100.00000,8137.22000,256.53000,4.09000
25.66000,coast,-16.73000,29077.00000,8142.48000,256.36000,4.09000
25.67000,coast,-16.80000,29071.00000,8143.86000,256.19000,4.09000
25.68000,coast,-16.86000,29058.00000,8146.83000,256.02000,4.09000
25.69000,coast,-16.92000,29048.00000,8149.12000,255.85000,4.09000
25.70000,coast,-16.99000,29038.00000,8151.41000,255.68000,4.09000
25.71000,coast,-17.05000,29029.00000,8153.47000,255.51000,4.09000
25.72000,coast,-17.11000,29016.00000,8156.45000,255.34000,4.09000
25.73000,coast,-17.17000,29009.00000,8158.05000,255.16000,4.09000
25.74000,coast,-17.23000,28998.00000,8160.57000,254.99000,4.11000
25.75000,coast,-17.29000,28998.00000,8160.57000,254.82000,4.11000
25.76000,coast,-17.35000,28985.00000,8163.56000,254.64000,4.09000
25.77000,coast,-17.41000,28970.00000,8167.00000,254.47000,4.09000
25.78000,coast,-17.46000,28961.00000,8169.06000,254.29000,4.09000
25.79000,coast,-17.52000,28952.00000,8171.13000,254.11000,4.09000
25.80000,coast,-17.58000,28945.00000,8172.73000,253.94000,4.09000
25.81000,coast,-17.63000,28929.00000,8176.41000,253.76000,4.09000
25.82000,coast,-17.69000,28916.00000,8179.39000,253.58000,4.09000
25.83000,coast,-17.74000,28901.00000,8182.84000,253.41000,4.09000
25.84000,coast,-17.80000,28898.00000,8183.53000,253.23000,4.09000
25.85000,coast,-17.85000,28877.00000,8188.36000,253.05000,4.12000
25.86000,coast,-17.90000,28877.00000,8188.36000,252.87000,4.11000
25.87000,coast,-17.96000,28873.00000,8189.28000,252.69000,4.11000
25.88000,coast,-18.01000,28852.00000,8194.11000,252.51000,4.09000
25.89000,coast,-18.06000,28837.00000,8197.57000,252.32000,4.09000
25.90000,coast,-18.11000,28821.00000,8201.25000,252.14000,4.09000
25.91000,coast,-18.15000,28814.00000,8202.87000,251.96000,4.09000
25.92000,coast,-18.20000,28806.00000,8204.71000,251.78000,4.09000
25.93000,coast,-18.25000,28784.00000,8209.78000,251.60000,4.09000
25.94000,coast,-18.30000,28784.00000,8209.78000,251.42000,4.09000
25.95000,coast,-18.34000,28767.00000,8213.70000,251.23000,4.09000
25.96000,coast,-18.39000,28763.00000,8214.63000,251.05000,4.11000
25.97000,coast,-18.43000,28763.00000,8214.63000,250.86000,4.11000
25.98000,coast,-18.47000,28738.00000,8220.40000,250.68000,4.09000
25.99000,coast,-18.51000,28732.00000,8221.78000,250.49000,4.09000
26.00000,coast,-18.56000,28711.00000,8226.64000,250.30000,4.09000
26.01000,coast,-18.60000,28704.00000,8228.25000,250.12000,4.09000
26.02000,coast,-18.64000,28691.00000,8231.26000,249.93000,4.09000
26.03000,coast,-18.68000,28679.00000,8234.03000,249.74000,4.09000
26.04000,coast,-18.71000,28663.00000,8237.74000,249.56000,4.09000
26.05000,coast,-18.75000,28663.00000,8237.74000,249.37000,4.09000
26.06000,coast,-18.79000,28652.00000,8240.28000,249.18000,4.09000
26.07000,coast,-18.82000,28633.00000,8244.68000,248.99000,4.11000
26.08000,coast,-18.86000,28633.00000,8244.68000,248.80000,4.11000
26.09000,coast,-18.89000,28631.00000,8245.14000,248.61000,4.09000
26.10000,coast,-18.93000,28609.00000,8250.24000,248.42000,4.09000
26.11000,coast,-18.96000,28593.00000,8253.95000,248.23000,4.09000
26.12000,coast,-18.99000,28588.00000,8255.11000,248.03000,4.09000
26.13000,coast,-19.02000,28573.00000,8258.59000,247.84000,4.09000
26.14000,coast,-19.05000,28566.00000,8260.21000,247.65000,4.09000
26.15000,coast,-19.08000,28558.00000,8262.07000,247.46000,4.09000
26.16000,coast,-19.10000,28543.00000,8265.55000,247.26000,4.09000
26.17000,coast,-19.13000,28536.00000,8267.18000,247.07000,4.09000
26.18000,coast,-19.16000,28527.00000,8269.27000,246.88000,4.12000
26.19000,coast,-19.18000,28527.00000,8269.27000,246.69000,4.11000
26.20000,coast,-19.21000,28510.00000,8273.22000,246.49000,4.09000
26.21000,coast,-19.23000,28500.00000,8275.54000,246.30000,4.09000
26.22000,coast,-19.25000,28485.00000,8279.03000,246.10000,4.09000
26.23000,coast,-19.27000,28472.00000,8282.06000,245.91000,4.09000
26.24000,coast,-19.29000,28468.00000,8282.99000,245.72000,4.09000
26.25000,coast,-19.31000,28457.00000,8285.55000,245.52000,4.09000
26.26000,coast,-19.33000,28440.00000,8289.51000,245.33000,4.09000
26.27000,coast,-19.34000,28433.00000,8291.14000,245.13000,4.09000
26.28000,coast,-19.36000,28424.00000,8293.23000,244.94000,4.09000
26.29000,coast,-19.37000,28411.00000,8296.26000,244.74000,4.11000
26.30000,coast,-19.39000,28411.00000,8296.26000,244.55000,4.11000
26.31000,coast,-19.40000,28400.00000,8298.83000,244.36000,4.09000
26.32000,coast,-19.41000,28383.00000,8302.79000,244.16000,4.09000
26.33000,coast,-19.42000,28368.00000,8306.29000,243.96000,4.09000
26.34000,coast,-19.43000,28357.00000,8308.86000,243.77000,4.09000
26.35000,coast,-19.44000,28349.00000,8310.73000,243.57000,4.09000
26.36000,coast,-19.45000,28335.00000,8314.00000,243.38000,4.09000
26.37000,coast,-19.45000,28328.00000,8315.63000,243.18000,4.11000
26.38000,coast,-19.46000,28310.00000,8319.84000,242.98000,4.09000
26.39000,coast,-19.46000,28303.00000,8321.47000,242.79000,4.09000
26.40000,coast,-19.46000,28284.00000,8325.92000,242.59000,4.11000
26.41000,coast,-19.46000,28284.00000,8325.92000,242.39000,4.11000
26.42000,coast,-19.47000,28279.00000,8327.09000,242.20000,4.09000
26.43000,coast,-19.47000,28260.00000,8331.53000,242.00000,4.09000
26.44000,coast,-19.46000,28254.00000,8332.94000,241.80000,4.09000
26.45000,coast,-19.46000,28235.00000,8337.39000,241.60000,4.09000
26.46000,coast,-19.46000,28228.00000,8339.03000,241.41000,4.09000
26.47000,coast,-19.45000,28219.00000,8341.14000,241.21000,4.09000
26.48000,coast,-19.45000,28205.00000,8344.42000,241.02000,4.09000
26.49000,coast,-19.44000,28198.00000,8346.06000,240.82000,4.09000
26.50000,coast,-19.44000,28186.00000,8348.87000,240.62000,4.09000
26.51000,coast,-19.43000,28185.00000,8349.11000,240.42000,4.11000
26.52000,coast,-19.42000,28185.00000,8349.11000,240.23000,4.11000
26.53000,coast,-19.41000,28162.00000,8354.51000,240.03000,4.09000
26.54000,coast,-19.40000,28145.00000,8358.50000,239.83000,4.09000
26.55000,coast,-19.39000,28134.00000,8361.08000,239.64000,4.09000
26.56000,coast,-19.37000,28123.00000,8363.67000,239.44000,4.09000
26.57000,coast,-19.36000,28110.00000,8366.72000,239.25000,4.09000
26.58000,coast,-19.35000,28109.00000,8366.96000,239.05000,4.09000
26.59000,coast,-19.33000,28091.00000,8371.19000,238.86000,4.09000
26.60000,coast,-19.32000,28084.00000,8372.84000,238.67000,4.09000
26.61000,coast,-19.30000,28075.00000,8374.95000,238.47000,4.09000
26.62000,coast,-19.28000,28062.00000,8378.01000,238.28000,4.11000
26.63000,coast,-19.26000,28062.00000,8378.01000,238.09000,4.11000
26.64000,coast,-19.24000,28046.00000,8381.78000,237.89000,4.09000
26.65000,coast,-19.22000,28035.00000,8384.37000,237.70000,4.09000
26.66000,coast,-19.20000,28024.00000,8386.97000,237.50000,4.09000
26.67000,coast,-19.18000,28015.00000,8389.09000,237.31000,4.09000
26.68000,coast,-19.16000,28006.00000,8391.21000,237.12000,4.11000
26.69000,coast,-19.14000,27994.00000,8394.04000,236.93000,4.09000
26.70000,coast,-19.11000,27985.00000,8396.16000,236.74000,4.09000
26.71000,coast,-19.09000,27972.00000,8399.23000,236.55000,4.09000
26.72000,coast,-19.06000,27961.00000,8401.83000,236.35000,4.09000
26.73000,coast,-19.03000,27952.00000,8403.95000,236.16000,4.11000
26.74000,coast,-19.01000,27952.00000,8403.95000,235.97000,4.11000
26.75000,coast,-18.98000,27942.00000,8406.31000,235.78000,4.09000
26.76000,coast,-18.95000,27925.00000,8410.33000,235.59000,4.09000
26.77000,coast,-18.92000,27904.00000,8415.30000,235.40000,4.09000
26.78000,coast,-18.89000,27896.00000,8417.19000,235.21000,4.09000
26.79000,coast,-18.86000,27887.00000,8419.32000,235.02000,4.09000
26.80000,coast,-18.82000,27874.00000,8422.39000,234.83000,4.09000
26.81000,coast,-18.79000,27866.00000,8424.29000,234.64000,4.09000
26.82000,coast,-18.76000,27858.00000,8426.18000,234.45000,4.09000
26.83000,coast,-18.72000,27849.00000,8428.31000,234.26000,4.09000
26.84000,coast,-18.68000,27837.00000,8431.16000,234.07000,4.11000
26.85000,coast,-18.65000,27837.00000,8431.16000,233.89000,4.11000
26.86000,coast,-18.61000,27827.00000,8433.53000,233.70000,4.09000
26.87000,coast,-18.57000,27806.00000,8438.51000,233.51000,4.09000
26.88000,coast,-18.53000,27797.00000,8440.64000,233.32000,4.09000
26.89000,coast,-18.49000,27788.00000,8442.78000,233.13000,4.09000
26.90000,coast,-18.45000,27778.00000,8445.15000,232.95000,4.09000
26.91000,coast,-18.40000,27766.00000,8448.00000,232.76000,4.09000
26.92000,coast,-18.36000,27754.00000,8450.85000,232.57000,4.11000
26.93000,coast,-18.32000,27747.00000,8452.51000,232.39000,4.09000
26.94000,coast,-18.27000,27734.00000,8455.60000,232.20000,4.09000
26.95000,coast,-18.22000,27722.00000,8458.45000,232.01000,4.11000
26.96000,coast,-18.18000,27722.00000,8458.45000,231.83000,4.11000
26.97000,coast,-18.13000,27712.00000,8460.83000,231.65000,4.09000
26.98000,coast,-18.08000,27694.00000,8465.11000,231.46000,4.09000
26.99000,coast,-18.03000,27691.00000,8465.83000,231.28000,4.09000
27.00000,coast,-17.98000,27676.00000,8469.40000,231.09000,4.09000
27.01000,coast,-17.93000,27665.00000,8472.02000,230.91000,4.09000
27.02000,coast,-17.88000,27660.00000,8473.21000,230.73000,4.09000
27.03000,coast,-17.83000,27649.00000,8475.83000,230.55000,4.09000
27.04000,coast,-17.77000,27645.00000,8476.78000,230.37000,4.09000
27.05000,coast,-17.72000,27630.00000,8480.36000,230.20000,4.09000
27.06000,coast,-17.66000,27619.00000,8482.98000,230.02000,4.12000
27.07000,coast,-17.61000,27619.00000,8482.98000,229.84000,4.11000
27.08000,coast,-17.55000,27608.00000,8485.60000,229.66000,4.09000
27.09000,coast,-17.50000,27597.00000,8488.23000,229.48000,4.09000
27.10000,coast,-17.44000,27583.00000,8491.57000,229.31000,4.09000
27.11000,coast,-17.38000,27572.00000,8494.20000,229.13000,4.09000
27.12000,coast,-17.32000,27564.00000,8496.11000,228.96000,4.09000
27.13000,coast,-17.26000,27554.00000,8498.50000,228.79000,4.11000
27.14000,coast,-17.20000,27545.00000,8500.65000,228.61000,4.09000
27.15000,coast,-17.14000,27536.00000,8502.80000,228.44000,4.09000
27.16000,coast,-17.08000,27525.00000,8505.43000,228.27000,4.09000
27.17000,coast,-17.02000,27513.00000,8508.30000,228.10000,4.11000
27.18000,coast,-16.96000,27513.00000,8508.30000,227.93000,4.11000
27.19000,coast,-16.90000,27505.00000,8510.21000,227.76000,4.09000
27.20000,coast,-16.84000,27487.00000,8514.52000,227.59000,4.09000
27.21000,coast,-16.78000,27482.00000,8515.72000,227.42000,4.09000
27.22000,coast,-16.72000,27470.00000,8518.59000,227.26000,4.09000
27.23000,coast,-16.66000,27462.00000,8520.51000,227.09000,4.09000
27.24000,coast,-16.59000,27449.00000,8523.62000,226.92000,4.09000
27.25000,coast,-16.53000,27442.00000,8525.30000,226.76000,4.09000
27.26000,coast,-16.47000,27437.00000,8526.50000,226.59000,4.09000
27.27000,coast,-16.41000,27428.00000,8528.66000,226.43000,4.09000
27.28000,coast,-16.34000,27420.00000,8530.58000,226.26000,4.12000
27.29000,coast,-16.28000,27420.00000,8530.58000,226.10000,4.11000
27.30000,coast,-16.22000,27403.00000,8534.66000,225.94000,4.09000
27.31000,coast,-16.15000,27391.00000,8537.54000,225.77000,4.09000
27.32000,coast,-16.09000,27381.00000,8539.94000,225.61000,4.09000
27.33000,coast,-16.03000,27373.00000,8541.86000,225.45000,4.09000
27.34000,coast,-15.97000,27355.00000,8546.18000,225.29000,4.09000
27.35000,coast,-15.90000,27351.00000,8547.14000,225.13000,4.09000
27.36000,coast,-15.84000,27345.00000,8548.59000,224.97000,4.09000
27.37000,coast,-15.78000,27329.00000,8552.43000,224.82000,4.09000
27.38000,coast,-15.71000,27322.00000,8554.12000,224.66000,4.09000
27.39000,coast,-15.65000,27314.00000,8556.04000,224.50000,4.11000
27.40000,coast,-15.59000,27314.00000,8556.04000,224.34000,4.11000
27.41000,coast,-15.53000,27302.00000,8558.93000,224.19000,4.09000
27.42000,coast,-15.47000,27282.00000,8563.75000,224.03000,4.09000
27.43000,coast,-15.40000,27276.00000,8565.19000,223.88000,4.09000
27.44000,coast,-15.34000,27263.00000,8568.32000,223.72000,4.09000
27.45000,coast,-15.28000,27257.00000,8569.77000,223.57000,4.09000
27.46000,coast,-15.22000,27250.00000,8571.46000,223.42000,4.09000
27.47000,coast,-15.16000,27239.00000,8574.11000,223.26000,4.09000
27.48000,coast,-15.10000,27231.00000,8576.04000,223.11000,4.09000
27.49000,coast,-15.04000,27218.00000,8579.18000,222.96000,4.09000
27.50000,coast,-14.98000,27214.00000,8580.14000,222.81000,4.11000
27.51000,coast,-14.92000,27214.00000,8580.14000,222.66000,4.11000
27.52000,coast,-14.86000,27199.00000,8583.76000,222.51000,4.09000
27.53000,coast,-14.80000,27189.00000,8586.18000,222.36000,4.09000
27.54000,coast,-14.74000,27179.00000,8588.59000,222.22000,4.09000
27.55000,coast,-14.68000,27166.00000,8591.74000,222.07000,4.09000
27.56000,coast,-14.62000,27160.00000,8593.19000,221.92000,4.09000
27.57000,coast,-14.56000,27152.00000,8595.12000,221.78000,4.09000
27.58000,coast,-14.50000,27138.00000,8598.51000,221.63000,4.09000
27.59000,coast,-14.45000,27136.00000,8598.99000,221.49000,4.09000
27.60000,coast,-14.39000,27127.00000,8601.17000,221.35000,4.09000
27.61000,coast,-14.33000,27112.00000,8604.80000,221.20000,4.11000
27.62000,coast,-14.28000,27112.00000,8604.80000,221.06000,4.09000
27.63000,coast,-14.22000,27105.00000,8606.49000,220.92000,4.09000
27.64000,coast,-14.17000,27091.00000,8609.88000,220.78000,4.09000
27.65000,coast,-14.11000,27082.00000,8612.06000,220.64000,4.09000
27.66000,coast,-14.06000,27080.00000,8612.55000,220.50000,4.09000
27.67000,coast,-14.01000,27067.00000,8615.70000,220.36000,4.09000
27.68000,coast,-13.95000,27051.00000,8619.58000,220.22000,4.09000
27.69000,coast,-13.90000,27048.00000,8620.31000,220.08000,4.09000
27.70000,coast,-13.85000,27039.00000,8622.49000,219.95000,4.09000
27.71000,coast,-13.80000,27030.00000,8624.67000,219.81000,4.09000
27.72000,coast,-13.75000,27024.00000,8626.13000,219.67000,4.12000
27.73000,coast,-13.70000,27024.00000,8626.13000,219.54000,4.11000
27.74000,coast,-13.65000,27012.00000,8629.04000,219.40000,4.09000
27.75000,coast,-13.60000,27004.00000,8630.98000,219.26000,4.09000
27.76000,coast,-13.55000,26990.00000,8634.38000,219.13000,4.11000
27.77000,coast,-13.50000,26980.00000,8636.82000,218.99000,4.09000
27.78000,coast,-13.46000,26974.00000,8638.27000,218.86000,4.09000
27.79000,coast,-13.41000,26964.00000,8640.70000,218.72000,4.09000
27.80000,coast,-13.37000,26958.00000,8642.16000,218.59000,4.09000
27.81000,coast,-13.32000,26947.00000,8644.84000,218.46000,4.09000
27.82000,coast,-13.28000,26935.00000,8647.76000,218.32000,4.09000
27.83000,coast,-13.24000,26932.00000,8648.49000,218.19000,4.11000
27.84000,coast,-13.20000,26932.00000,8648.49000,218.06000,4.11000
27.85000,coast,-13.16000,26919.00000,8651.65000,217.93000,4.09000
27.86000,coast,-13.12000,26902.00000,8655.79000,217.80000,4.09000
27.87000,coast,-13.08000,26894.00000,8657.74000,217.67000,4.09000
27.88000,coast,-13.04000,26885.00000,8659.94000,217.54000,4.09000
27.89000,coast,-13.01000,26880.00000,8661.16000,217.41000,4.09000
27.90000,coast,-12.97000,26871.00000,8663.35000,217.29000,4.09000
27.91000,coast,-12.94000,26859.00000,8666.28000,217.16000,4.09000
27.92000,coast,-12.90000,26850.00000,8668.47000,217.03000,4.09000
27.93000,coast,-12.87000,26839.00000,8671.16000,216.91000,4.09000
27.94000,coast,-12.84000,26832.00000,8672.87000,216.78000,4.11000
27.95000,coast,-12.81000,26832.00000,8672.87000,216.65000,4.11000
27.96000,coast,-12.78000,26823.00000,8675.06000,216.53000,4.09000
27.97000,coast,-12.75000,26803.00000,8679.95000,216.40000,4.09000
27.98000,coast,-12.72000,26805.00000,8679.46000,216.27000,4.09000
27.99000,coast,-12.69000,26790.00000,8683.12000,216.15000,4.09000
28.00000,coast,-12.67000,26779.00000,8685.81000,216.02000,4.09000
28.01000,coast,-12.64000,26772.00000,8687.53000,215.90000,4.09000
28.02000,coast,-12.62000,26759.00000,8690.71000,215.77000,4.09000
28.03000,coast,-12.60000,26759.00000,8690.71000,215.65000,4.09000
28.04000,coast,-12.57000,26750.00000,8692.91000,215.53000,4.09000
28.05000,coast,-12.55000,26736.00000,8696.34000,215.40000,4.11000
28.06000,coast,-12.53000,26736.00000,8696.34000,215.28000,4.11000
28.07000,coast,-12.51000,26727.00000,8698.54000,215.15000,4.09000
28.08000,coast,-12.50000,26708.00000,8703.19000,215.03000,4.11000
28.09000,coast,-12.48000,26704.00000,8704.17000,214.91000,4.09000
28.10000,coast,-12.46000,26697.00000,8705.89000,214.78000,4.09000
28.11000,coast,-12.45000,26686.00000,8708.59000,214.66000,4.09000
28.12000,coast,-12.43000,26682.00000,8709.57000,214.54000,4.09000
28.13000,coast,-12.42000,26671.00000,8712.27000,214.42000,4.09000
28.14000,coast,-12.41000,26658.00000,8715.45000,214.30000,4.09000
28.15000,coast,-12.40000,26650.00000,8717.42000,214.17000,4.09000
28.16000,coast,-12.39000,26637.00000,8720.61000,214.05000,4.11000
28.17000,coast,-12.38000,26637.00000,8720.61000,213.93000,4.11000
28.18000,coast,-12.37000,26627.00000,8723.07000,213.81000,4.09000
28.19000,coast,-12.36000,26610.00000,8727.24000,213.68000,4.09000
28.20000,coast,-12.36000,26607.00000,8727.98000,213.56000,4.09000
28.21000,coast,-12.35000,26595.00000,8730.93000,213.44000,4.09000
28.22000,coast,-12.35000,26585.00000,8733.39000,213.32000,4.09000
28.23000,coast,-12.35000,26578.00000,8735.11000,213.19000,4.09000
28.24000,coast,-12.34000,26570.00000,8737.08000,213.07000,4.09000
28.25000,coast,-12.34000,26556.00000,8740.53000,212.95000,4.09000
28.26000,coast,-12.34000,26558.00000,8740.03000,212.83000,4.09000
28.27000,coast,-12.34000,26544.00000,8743.48000,212.70000,4.11000
28.28000,coast,-12.34000,26544.00000,8743.48000,212.58000,4.11000
28.29000,coast,-12.34000,26528.00000,8747.42000,212.46000,4.09000
28.30000,coast,-12.35000,26523.00000,8748.65000,212.34000,4.09000
28.31000,coast,-12.35000,26504.00000,8753.34000,212.21000,4.09000
28.32000,coast,-12.35000,26504.00000,8753.34000,212.09000,4.09000
28.33000,coast,-12.36000,26489.00000,8757.04000,211.97000,4.09000
28.34000,coast,-12.36000,26482.00000,8758.76000,211.85000,4.09000
28.35000,coast,-12.37000,26472.00000,8761.23000,211.73000,4.09000
28.36000,coast,-12.38000,26463.00000,8763.45000,211.60000,4.09000
28.37000,coast,-12.39000,26458.00000,8764.69000,211.48000,4.09000
28.38000,coast,-12.40000,26444.00000,8768.15000,211.36000,4.12000
28.39000,coast,-12.41000,26444.00000,8768.15000,211.24000,4.09000
28.40000,coast,-12.42000,26434.00000,8770.62000,211.11000,4.09000
28.41000,coast,-12.43000,26419.00000,8774.32000,210.99000,4.09000
28.42000,coast,-12.44000,26405.00000,8777.78000,210.87000,4.09000
28.43000,coast,-12.45000,26403.00000,8778.28000,210.74000,4.09000
28.44000,coast,-12.46000,26394.00000,8780.51000,210.62000,4.09000
28.45000,coast,-12.48000,26379.00000,8784.22000,210.50000,4.09000
28.46000,coast,-12.49000,26371.00000,8786.20000,210.37000,4.09000
28.47000,coast,-12.51000,26363.00000,8788.18000,210.25000,4.09000
28.48000,coast,-12.52000,26356.00000,8789.91000,210.13000,4.09000
28.49000,coast,-12.54000,26345.00000,8792.64000,210.00000,4.11000
28.50000,coast,-12.56000,26345.00000,8792.64000,209.88000,4.11000
28.51000,coast,-12.57000,26334.00000,8795.36000,209.75000,4.09000
28.52000,coast,-12.59000,26321.00000,8798.59000,209.63000,4.09000
28.53000,coast,-12.61000,26310.00000,8801.31000,209.50000,4.09000
28.54000,coast,-12.63000,26305.00000,8802.55000,209.38000,4.09000
28.55000,coast,-12.65000,26291.00000,8806.03000,209.25000,4.09000
28.56000,coast,-12.67000,26282.00000,8808.26000,209.13000,4.09000
28.57000,coast,-12.69000,26275.00000,8810.00000,209.00000,4.09000
28.58000,coast,-12.71000,26263.00000,8812.98000,208.88000,4.09000
28.59000,coast,-12.73000,26255.00000,8814.97000,208.75000,4.09000
28.60000,coast,-12.75000,26236.00000,8819.69000,208.62000,4.11000
28.61000,coast,-12.77000,26236.00000,8819.69000,208.50000,4.11000
28.62000,coast,-12.79000,26233.00000,8820.44000,208.37000,4.09000
28.63000,coast,-12.81000,26216.00000,8824.66000,208.24000,4.09000
28.64000,coast,-12.84000,26210.00000,8826.16000,208.11000,4.09000
28.65000,coast,-12.86000,26204.00000,8827.65000,207.99000,4.09000
28.66000,coast,-12.88000,26198.00000,8829.14000,207.86000,4.09000
28.67000,coast,-12.90000,26187.00000,8831.88000,207.73000,4.09000
28.68000,coast,-12.93000,26173.00000,8835.37000,207.60000,4.09000
28.69000,coast,-12.95000,26176.00000,8834.62000,207.47000,4.09000
28.70000,coast,-12.97000,26162.00000,8838.11000,207.34000,4.09000
28.71000,coast,-13.00000,26151.00000,8840.85000,207.21000,4.11000
28.72000,coast,-13.02000,26151.00000,8840.85000,207.08000,4.11000
28.73000,coast,-13.05000,26138.00000,8844.09000,206.95000,4.11000
28.74000,coast,-13.07000,26126.00000,8847.08000,206.82000,4.09000
28.75000,coast,-13.09000,26123.00000,8847.83000,206.69000,4.09000
28.76000,coast,-13.12000,26109.00000,8851.33000,206.55000,4.09000
28.77000,coast,-13.14000,26105.00000,8852.32000,206.43000,4.09000
28.78000,coast,-13.17000,26098.00000,8854.07000,206.29000,4.09000
28.79000,coast,-13.19000,26091.00000,8855.82000,206.16000,4.09000
28.80000,coast,-13.21000,26077.00000,8859.32000,206.03000,4.09000
28.81000,coast,-13.24000,26073.00000,8860.32000,205.90000,4.09000
28.82000,coast,-13.26000,26063.00000,8862.81000,205.77000,4.11000
28.83000,coast,-13.28000,26063.00000,8862.81000,205.63000,4.09000
28.84000,coast,-13.31000,26048.00000,8866.56000,205.50000,4.09000
28.85000,coast,-13.33000,26039.00000,8868.82000,205.37000,4.09000
28.86000,coast,-13.35000,26034.00000,8870.07000,205.23000,4.09000
28.87000,coast,-13.38000,26022.00000,8873.07000,205.10000,4.11000
28.88000,coast,-13.40000,26014.00000,8875.07000,204.97000,4.09000
28.89000,coast,-13.42000,26010.00000,8876.07000,204.83000,4.09000
28.90000,coast,-13.44000,26004.00000,8877.57000,204.70000,4.11000
28.91000,coast,-13.46000,25993.00000,8880.33000,204.56000,4.09000
28.92000,coast,-13.48000,25989.00000,8881.33000,204.43000,4.09000
28.93000,coast,-13.50000,25979.00000,8883.84000,204.29000,4.11000
28.94000,coast,-13.52000,25979.00000,8883.84000,204.16000,4.11000
28.95000,coast,-13.54000,25966.00000,8887.10000,204.02000,4.09000
28.96000,coast,-13.56000,25953.00000,8890.36000,203.89000,4.09000
28.97000,coast,-13.58000,25943.00000,8892.86000,203.75000,4.09000
28.98000,coast,-13.60000,25933.00000,8895.37000,203.61000,4.11000
28.99000,coast,-13.62000,25931.00000,8895.87000,203.48000,4.09000
29.00000,coast,-13.63000,25918.00000,8899.14000,203.34000,4.09000
29.01000,coast,-13.65000,25912.00000,8900.64000,203.20000,4.09000
29.02000,coast,-13.67000,25896.00000,8904.66000,203.07000,4.09000
29.03000,coast,-13.68000,25891.00000,8905.92000,202.93000,4.09000
29.04000,coast,-13.70000,25879.00000,8908.94000,202.79000,4.11000
29.05000,coast,-13.71000,25879.00000,8908.94000,202.65000,4.11000
29.06000,coast,-13.72000,25868.00000,8911.70000,202.51000,4.09000
29.07000,coast,-13.74000,25856.00000,8914.72000,202.37000,4.09000
29.08000,coast,-13.75000,25852.00000,8915.73000,202.23000,4.09000
29.09000,coast,-13.76000,25842.00000,8918.24000,202.09000,4.09000
29.10000,coast,-13.77000,25831.00000,8921.01000,201.95000,4.11000
29.11000,coast,-13.78000,25825.00000,8922.52000,201.82000,4.09000
29.12000,coast,-13.79000,25816.00000,8924.79000,201.68000,4.09000
29.13000,coast,-13.80000,25807.00000,8927.06000,201.54000,4.09000
29.14000,coast,-13.80000,25804.00000,8927.81000,201.40000,4.09000
29.15000,coast,-13.81000,25791.00000,8931.09000,201.26000,4.11000
29.16000,coast,-13.82000,25791.00000,8931.09000,201.12000,4.11000
29.17000,coast,-13.82000,25775.00000,8935.12000,200.98000,4.09000
29.18000,coast,-13.83000,25762.00000,8938.40000,200.84000,4.09000
29.19000,coast,-13.83000,25755.00000,8940.17000,200.70000,4.09000
29.20000,coast,-13.83000,25749.00000,8941.68000,200.56000,4.09000
29.21000,coast,-13.83000,25736.00000,8944.96000,200.42000,4.09000
29.22000,coast,-13.83000,25731.00000,8946.23000,200.28000,4.09000
29.23000,coast,-13.84000,25726.00000,8947.49000,200.14000,4.09000
29.24000,coast,-13.83000,25719.00000,8949.26000,200.00000,4.09000
29.25000,coast,-13.83000,25705.00000,8952.80000,199.86000,4.09000
29.26000,coast,-13.83000,25705.00000,8952.80000,199.72000,4.11000
29.27000,coast,-13.83000,25705.00000,8952.80000,199.58000,4.11000
29.28000,coast,-13.83000,25691.00000,8956.33000,199.44000,4.09000
29.29000,coast,-13.82000,25678.00000,8959.62000,199.30000,4.09000
29.30000,coast,-13.82000,25672.00000,8961.14000,199.16000,4.09000
29.31000,coast,-13.81000,25664.00000,8963.17000,199.02000,4.09000
29.32000,coast,-13.81000,25653.00000,8965.95000,198.88000,4.09000
29.33000,coast,-13.80000,25648.00000,8967.22000,198.74000,4.11000
29.34000,coast,-13.79000,25647.00000,8967.47000,198.60000,4.09000
29.35000,coast,-13.78000,25633.00000,8971.01000,198.46000,4.09000
29.36000,coast,-13.78000,25630.00000,8971.77000,198.32000,4.09000
29.37000,coast,-13.77000,25621.00000,8974.06000,198.19000,4.11000
29.38000,coast,-13.76000,25621.00000,8974.06000,198.05000,4.11000
29.39000,coast,-13.75000,25611.00000,8976.59000,197.91000,4.09000
29.40000,coast,-13.73000,25596.00000,8980.39000,197.77000,4.09000
29.41000,coast,-13.72000,25594.00000,8980.90000,197.63000,4.09000
29.42000,coast,-13.71000,25589.00000,8982.17000,197.50000,4.11000
29.43000,coast,-13.70000,25578.00000,8984.96000,197.36000,4.09000
29.44000,coast,-13.68000,25570.00000,8986.99000,197.22000,4.09000
29.45000,coast,-13.67000,25560.00000,8989.53000,197.09000,4.09000
29.46000,coast,-13.65000,25560.00000,8989.53000,196.95000,4.09000
29.47000,coast,-13.64000,25548.00000,8992.58000,196.81000,4.09000
29.48000,coast,-13.62000,25542.00000,8994.10000,196.67000,4.12000
29.49000,coast,-13.61000,25542.00000,8994.10000,196.54000,4.11000
29.50000,coast,-13.59000,25531.00000,8996.90000,196.40000,4.09000
29.51000,coast,-13.57000,25518.00000,9000.20000,196.27000,4.09000
29.52000,coast,-13.55000,25513.00000,9001.47000,196.13000,4.09000
29.53000,coast,-13.54000,25508.00000,9002.74000,195.99000,4.09000
29.54000,coast,-13.52000,25497.00000,9005.54000,195.86000,4.09000
29.55000,coast,-13.50000,25494.00000,9006.31000,195.72000,4.09000
29.56000,coast,-13.48000,25485.00000,9008.60000,195.58000,4.09000
29.57000,coast,-13.46000,25479.00000,9010.12000,195.45000,4.09000
29.58000,coast,-13.43000,25467.00000,9013.18000,195.31000,4.09000
29.59000,coast,-13.41000,25462.00000,9014.45000,195.18000,4.11000
29.60000,coast,-13.39000,25462.00000,9014.45000,195.04000,4.11000
29.61000,coast,-13.37000,25452.00000,9017.00000,194.91000,4.09000
29.62000,coast,-13.34000,25436.00000,9021.08000,194.77000,4.09000
29.63000,coast,-13.32000,25425.00000,9023.88000,194.64000,4.09000
29.64000,coast,-13.29000,25418.00000,9025.67000,194.51000,4.09000
29.65000,coast,-13.27000,25414.00000,9026.69000,194.37000,4.09000
29.66000,coast,-13.24000,25405.00000,9028.98000,194.24000,4.09000
29.67000,coast,-13.22000,25394.00000,9031.79000,194.10000,4.09000
29.68000,coast,-13.19000,25387.00000,9033.58000,193.97000,4.09000
29.69000,coast,-13.16000,25385.00000,9034.09000,193.84000,4.09000
29.70000,coast,-13.14000,25373.00000,9037.15000,193.70000,4.11000
29.71000,coast,-13.11000,25373.00000,9037.15000,193.57000,4.11000
29.72000,coast,-13.08000,25364.00000,9039.45000,193.44000,4.11000
29.73000,coast,-13.05000,25357.00000,9041.24000,193.31000,4.09000
29.74000,coast,-13.02000,25344.00000,9044.56000,193.17000,4.09000
29.75000,coast,-12.99000,25335.00000,9046.87000,193.04000,4.09000
29.76000,coast,-12.96000,25334.00000,9047.12000,192.91000,4.11000
29.77000,coast,-12.93000,25327.00000,9048.91000,192.78000,4.09000
29.78000,coast,-12.90000,25314.00000,9052.24000,192.65000,4.09000
29.79000,coast,-12.86000,25305.00000,9054.54000,192.52000,4.09000
29.80000,coast,-12.83000,25298.00000,9056.33000,192.39000,4.09000
29.81000,coast,-12.80000,25288.00000,9058.89000,192.26000,4.11000
29.82000,coast,-12.77000,25288.00000,9058.89000,192.13000,4.11000
29.83000,coast,-12.73000,25275.00000,9062.22000,192.00000,4.09000
29.84000,coast,-12.70000,25268.00000,9064.02000,191.87000,4.09000
29.85000,coast,-12.67000,25255.00000,9067.35000,191.75000,4.09000
29.86000,coast,-12.63000,25250.00000,9068.63000,191.62000,4.11000
29.87000,coast,-12.60000,25242.00000,9070.68000,191.49000,4.09000
29.88000,coast,-12.56000,25244.00000,9070.17000,191.37000,4.09000
29.89000,coast,-12.53000,25230.00000,9073.76000,191.24000,4.09000
29.90000,coast,-12.50000,25225.00000,9075.05000,191.12000,4.09000
29.91000,coast,-12.46000,25215.00000,9077.61000,190.99000,4.09000
29.92000,coast,-12.43000,25210.00000,9078.90000,190.87000,4.11000
29.93000,coast,-12.39000,25210.00000,9078.90000,190.74000,4.11000
29.94000,coast,-12.36000,25197.00000,9082.24000,190.62000,4.09000
29.95000,coast,-12.32000,25190.00000,9084.03000,190.50000,4.09000
29.96000,coast,-12.29000,25185.00000,9085.32000,190.37000,4.09000
29.97000,coast,-12.26000,25177.00000,9087.37000,190.25000,4.09000
29.98000,coast,-12.22000,25174.00000,9088.15000,190.13000,4.09000
29.99000,coast,-12.19000,25162.00000,9091.23000,190.01000,4.09000
30.00000,coast,-12.16000,25155.00000,9093.03000,189.89000,4.11000
30.01000,coast,-12.12000,25148.00000,9094.83000,189.77000,4.09000
30.02000,coast,-12.09000,25137.00000,9097.66000,189.65000,4.09000
30.03000,coast,-12.06000,25133.00000,9098.69000,189.53000,4.12000
30.04000,coast,-12.03000,25133.00000,9098.69000,189.41000,4.11000
30.05000,coast,-11.99000,25128.00000,9099.98000,189.29000,4.09000
30.06000,coast,-11.96000,25108.00000,9105.13000,189.17000,4.09000
30.07000,coast,-11.93000,25103.00000,9106.42000,189.05000,4.09000
30.08000,coast,-11.90000,25096.00000,9108.22000,188.93000,4.09000
30.09000,coast,-11.87000,25087.00000,9110.54000,188.81000,4.09000
30.10000,coast,-11.84000,25081.00000,9112.09000,188.69000,4.09000
30.11000,coast,-11.81000,25067.00000,9115.70000,188.58000,4.09000
30.12000,coast,-11.79000,25065.00000,9116.22000,188.46000,4.09000
30.13000,coast,-11.76000,25059.00000,9117.76000,188.34000,4.09000
30.14000,coast,-11.73000,25050.00000,9120.09000,188.23000,4.11000
30.15000,coast,-11.70000,25050.00000,9120.09000,188.11000,4.11000
30.16000,coast,-11.68000,25040.00000,9122.67000,187.99000,4.09000
30.17000,coast,-11.65000,25021.00000,9127.57000,187.88000,4.09000
30.18000,coast,-11.63000,25016.00000,9128.87000,187.76000,4.09000
30.19000,coast,-11.60000,25011.00000,9130.16000,187.65000,4.09000
30.20000,coast,-11.58000,25011.00000,9130.16000,187.53000,4.09000
30.21000,coast,-11.56000,25002.00000,9132.48000,187.42000,4.09000
30.22000,coast,-11.54000,24994.00000,9134.55000,187.31000,4.09000
30.23000,coast,-11.52000,24987.00000,9136.36000,187.19000,4.09000
30.24000,coast,-11.50000,24981.00000,9137.91000,187.08000,4.09000
30.25000,coast,-11.48000,24977.00000,9138.95000,186.96000,4.12000
30.26000,coast,-11.46000,24977.00000,9138.95000,186.85000,4.09000
30.27000,coast,-11.44000,24963.00000,9142.57000,186.74000,4.11000
30.28000,coast,-11.42000,24949.00000,9146.20000,186.62000,4.11000
30.29000,coast,-11.40000,24944.00000,9147.49000,186.51000,4.09000
30.30000,coast,-11.39000,24930.00000,9151.12000,186.40000,4.09000
30.31000,coast,-11.37000,24932.00000,9150.60000,186.28000,4.09000
30.32000,coast,-11.36000,24922.00000,9153.19000,186.17000,4.09000
30.33000,coast,-11.34000,24908.00000,9156.82000,186.06000,4.09000
30.34000,coast,-11.33000,24903.00000,9158.12000,185.95000,4.09000
30.35000,coast,-11.32000,24896.00000,9159.93000,185.84000,4.09000
30.36000,coast,-11.31000,24891.00000,9161.23000,185.72000,4.11000
30.37000,coast,-11.30000,24891.00000,9161.23000,185.61000,4.11000
30.38000,coast,-11.29000,24882.00000,9163.56000,185.50000,4.09000
30.39000,coast,-11.28000,24868.00000,9167.20000,185.39000,4.09000
30.40000,coast,-11.27000,24870.00000,9166.68000,185.28000,4.09000
30.41000,coast,-11.26000,24859.00000,9169.53000,185.17000,4.11000
30.42000,coast,-11.25000,24854.00000,9170.83000,185.06000,4.09000
30.43000,coast,-11.25000,24839.00000,9174.73000,184.94000,4.09000
30.44000,coast,-11.24000,24837.00000,9175.25000,184.83000,4.09000
30.45000,coast,-11.23000,24828.00000,9177.59000,184.72000,4.09000
30.46000,coast,-11.23000,24821.00000,9179.41000,184.61000,4.09000
30.47000,coast,-11.23000,24809.00000,9182.53000,184.50000,4.11000
30.48000,coast,-11.22000,24809.00000,9182.53000,184.39000,4.11000
30.49000,coast,-11.22000,24799.00000,9185.13000,184.28000,4.09000
30.50000,coast,-11.22000,24794.00000,9186.43000,184.16000,4.11000
30.51000,coast,-11.22000,24786.00000,9188.52000,184.05000,4.09000
30.52000,coast,-11.22000,24779.00000,9190.34000,183.94000,4.09000
30.53000,coast,-11.22000,24763.00000,9194.51000,183.83000,4.09000
30.54000,coast,-11.22000,24760.00000,9195.29000,183.72000,4.09000
30.55000,coast,-11.23000,24759.00000,9195.55000,183.61000,4.11000
30.56000,coast,-11.23000,24745.00000,9199.20000,183.50000,4.09000
30.57000,coast,-11.23000,24741.00000,9200.24000,183.38000,4.09000
30.58000,coast,-11.24000,24733.00000,9202.32000,183.27000,4.12000
30.59000,coast,-11.24000,24733.00000,9202.32000,183.16000,4.11000
30.60000,coast,-11.25000,24728.00000,9203.63000,183.05000,4.09000
30.61000,coast,-11.25000,24712.00000,9207.80000,182.94000,4.09000
30.62000,coast,-11.26000,24706.00000,9209.37000,182.83000,4.09000
30.63000,coast,-11.27000,24700.00000,9210.93000,182.72000,4.09000
30.64000,coast,-11.28000,24694.00000,9212.50000,182.61000,4.09000
30.65000,coast,-11.28000,24683.00000,9215.37000,182.50000,4.09000
30.66000,coast,-11.29000,24680.00000,9216.16000,182.39000,4.09000
30.67000,coast,-11.30000,24668.00000,9219.29000,182.27000,4.09000
30.68000,coast,-11.31000,24666.00000,9219.82000,182.16000,4.09000
30.69000,coast,-11.32000,24660.00000,9221.38000,182.05000,4.11000
30.70000,coast,-11.34000,24660.00000,9221.38000,181.94000,4.09000
30.71000,coast,-11.35000,24650.00000,9224.00000,181.83000,4.09000
30.72000,coast,-11.36000,24634.00000,9228.18000,181.71000,4.09000
30.73000,coast,-11.37000,24626.00000,9230.28000,181.60000,4.09000
30.74000,coast,-11.39000,24622.00000,9231.32000,181.49000,4.09000
30.75000,coast,-11.40000,24616.00000,9232.89000,181.37000,4.11000
30.76000,coast,-11.41000,24608.00000,9234.99000,181.26000,4.09000
30.77000,coast,-11.43000,24597.00000,9237.87000,181.15000,4.09000
30.78000,coast,-11.44000,24592.00000,9239.18000,181.03000,4.11000
30.79000,coast,-11.46000,24586.00000,9240.75000,180.92000,4.09000
30.80000,coast,-11.48000,24581.00000,9242.06000,180.81000,4.11000
30.81000,coast,-11.49000,24581.00000,9242.06000,180.69000,4.11000
30.82000,coast,-11.51000,24573.00000,9244.16000,180.58000,4.09000
30.83000,coast,-11.53000,24555.00000,9248.88000,180.46000,4.09000
30.84000,coast,-11.54000,24550.00000,9250.19000,180.35000,4.09000
30.85000,coast,-11.56000,24547.00000,9250.98000,180.23000,4.09000
30.86000,coast,-11.58000,24539.00000,9253.08000,180.12000,4.09000
30.87000,coast,-11.60000,24526.00000,9256.49000,180.00000,4.09000
30.88000,coast,-11.62000,24519.00000,9258.33000,179.89000,4.09000
30.89000,coast,-11.63000,24520.00000,9258.06000,179.77000,4.09000
30.90000,coast,-11.65000,24513.00000,9259.90000,179.65000,4.09000
30.91000,coast,-11.67000,24496.00000,9264.37000,179.54000,4.11000
30.92000,coast,-11.69000,24496.00000,9264.37000,179.42000,4.11000
30.93000,coast,-11.71000,24495.00000,9264.63000,179.30000,4.09000
30.94000,coast,-11.73000,24480.00000,9268.57000,179.18000,4.09000
30.95000,coast,-11.76000,24473.00000,9270.42000,179.07000,4.09000
30.96000,coast,-11.78000,24464.00000,9272.78000,178.95000,4.09000
30.97000,coast,-11.80000,24465.00000,9272.52000,178.83000,4.09000
30.98000,coast,-11.82000,24460.00000,9273.83000,178.71000,4.09000
30.99000,coast,-11.84000,24447.00000,9277.26000,178.60000,4.09000
31.00000,coast,-11.87000,24447.00000,9277.26000,178.48000,4.09000
31.01000,coast,-11.89000,24433.00000,9280.94000,178.36000,4.09000
31.02000,coast,-11.91000,24425.00000,9283.05000,178.24000,4.12000
31.03000,coast,-11.94000,24425.00000,9283.05000,178.12000,4.11000
31.04000,coast,-11.96000,24425.00000,9283.05000,178.01000,4.09000
31.05000,coast,-11.99000,24410.00000,9287.00000,177.89000,4.09000
31.06000,coast,-12.01000,24402.00000,9289.11000,177.77000,4.09000
31.07000,coast,-12.04000,24393.00000,9291.48000,177.65000,4.09000
31.08000,coast,-12.06000,24392.00000,9291.75000,177.53000,4.09000
31.09000,coast,-12.09000,24380.00000,9294.91000,177.41000,4.09000
31.10000,coast,-12.11000,24371.00000,9297.29000,177.29000,4.09000
31.11000,coast,-12.14000,24365.00000,9298.87000,177.17000,4.09000
31.12000,coast,-12.17000,24357.00000,9300.98000,177.05000,4.09000
31.13000,coast,-12.19000,24351.00000,9302.57000,176.93000,4.11000
31.14000,coast,-12.22000,24351.00000,9302.57000,176.81000,4.11000
31.15000,coast,-12.25000,24343.00000,9304.68000,176.69000,4.09000
31.16000,coast,-12.27000,24332.00000,9307.59000,176.56000,4.09000
31.17000,coast,-12.30000,24321.00000,9310.49000,176.44000,4.09000
31.18000,coast,-12.33000,24320.00000,9310.76000,176.32000,4.09000
31.19000,coast,-12.36000,24307.00000,9314.20000,176.20000,4.09000
31.20000,coast,-12.39000,24299.00000,9316.31000,176.07000,4.09000
31.21000,coast,-12.42000,24295.00000,9317.37000,175.95000,4.09000
31.22000,coast,-12.45000,24290.00000,9318.69000,175.83000,4.09000
31.23000,coast,-12.47000,24282.00000,9320.81000,175.71000,4.09000
31.24000,coast,-12.50000,24279.00000,9321.60000,175.58000,4.12000
31.25000,coast,-12.53000,24279.00000,9321.60000,175.46000,4.11000
31.26000,coast,-12.56000,24264.00000,9325.58000,175.33000,4.09000
31.27000,coast,-12.59000,24250.00000,9329.28000,175.21000,4.09000
31.28000,coast,-12.62000,24250.00000,9329.28000,175.08000,4.11000
31.29000,coast,-12.65000,24240.00000,9331.93000,174.96000,4.09000
31.30000,coast,-12.68000,24238.00000,9332.46000,174.83000,4.09000
31.31000,coast,-12.71000,24232.00000,9334.06000,174.70000,4.09000
31.32000,coast,-12.74000,24217.00000,9338.03000,174.58000,4.09000
31.33000,coast,-12.77000,24215.00000,9338.56000,174.45000,4.11000
31.34000,coast,-12.80000,24201.00000,9342.28000,174.32000,4.09000
31.35000,coast,-12.83000,24200.00000,9342.54000,174.19000,4.11000
31.36000,coast,-12.86000,24200.00000,9342.54000,174.06000,4.11000
31.37000,coast,-12.88000,24194.00000,9344.14000,173.93000,4.09000
31.38000,coast,-12.91000,24181.00000,9347.59000,173.80000,4.09000
31.39000,coast,-12.94000,24170.00000,9350.51000,173.67000,4.09000
31.40000,coast,-12.97000,24169.00000,9350.78000,173.54000,4.09000
31.41000,coast,-13.00000,24163.00000,9352.37000,173.41000,4.09000
31.42000,coast,-13.02000,24154.00000,9354.76000,173.28000,4.09000
31.43000,coast,-13.05000,24145.00000,9357.15000,173.15000,4.09000
31.44000,coast,-13.08000,24145.00000,9357.15000,173.02000,4.09000
31.45000,coast,-13.11000,24137.00000,9359.28000,172.89000,4.09000
31.46000,coast,-13.13000,24136.00000,9359.55000,172.75000,4.11000
31.47000,coast,-13.16000,24136.00000,9359.55000,172.62000,4.09000
31.48000,coast,-13.18000,24118.00000,9364.34000,172.49000,4.09000
31.49000,coast,-13.21000,24112.00000,9365.93000,172.36000,4.09000
31.50000,coast,-13.23000,24104.00000,9368.06000,172.22000,4.09000
31.51000,coast,-13.26000,24099.00000,9369.40000,172.09000,4.09000
31.52000,coast,-13.28000,24096.00000,9370.19000,171.96000,4.09000
31.53000,coast,-13.31000,24090.00000,9371.79000,171.82000,4.09000
31.54000,coast,-13.33000,24083.00000,9373.66000,171.69000,4.09000
31.55000,coast,-13.35000,24083.00000,9373.66000,171.55000,4.09000
31.56000,coast,-13.37000,24077.00000,9375.26000,171.42000,4.09000
31.57000,coast,-13.40000,24067.00000,9377.92000,171.28000,4.12000
31.58000,coast,-13.42000,24067.00000,9377.92000,171.15000,4.11000
31.59000,coast,-13.44000,24054.00000,9381.39000,171.01000,4.09000
31.60000,coast,-13.46000,24045.00000,9383.79000,170.88000,4.09000
31.61000,coast,-13.48000,24045.00000,9383.79000,170.74000,4.09000
31.62000,coast,-13.50000,24029.00000,9388.06000,170.61000,4.09000
31.63000,coast,-13.53000,24028.00000,9388.33000,170.47000,4.09000
31.64000,coast,-13.55000,24022.00000,9389.93000,170.34000,4.09000
31.65000,coast,-13.57000,24017.00000,9391.26000,170.20000,4.09000
31.66000,coast,-13.59000,24012.00000,9392.60000,170.07000,4.09000
31.67000,coast,-13.61000,24005.00000,9394.47000,169.93000,4.09000
31.68000,coast,-13.63000,24000.00000,9395.80000,169.79000,4.11000
31.69000,coast,-13.64000,24000.00000,9395.80000,169.66000,4.11000
31.70000,coast,-13.66000,23988.00000,9399.01000,169.52000,4.09000
31.71000,coast,-13.68000,23977.00000,9401.95000,169.38000,4.09000
31.72000,coast,-13.70000,23964.00000,9405.43000,169.25000,4.09000
31.73000,coast,-13.72000,23968.00000,9404.36000,169.11000,4.09000
31.74000,coast,-13.74000,23962.00000,9405.96000,168.97000,4.09000
31.75000,coast,-13.76000,23953.00000,9408.37000,168.84000,4.09000
31.76000,coast,-13.78000,23946.00000,9410.25000,168.70000,4.09000
31.77000,coast,-13.79000,23946.00000,9410.25000,168.56000,4.09000
31.78000,coast,-13.81000,23933.00000,9413.73000,168.42000,4.09000
31.79000,coast,-13.83000,23926.00000,9415.60000,168.28000,4.12000
31.80000,coast,-13.85000,23926.00000,9415.60000,168.15000,4.11000
31.81000,coast,-13.87000,23917.00000,9418.01000,168.01000,4.09000
31.82000,coast,-13.88000,23906.00000,9420.96000,167.87000,4.11000
31.83000,coast,-13.90000,23901.00000,9422.30000,167.73000,4.09000
31.84000,coast,-13.92000,23890.00000,9425.25000,167.59000,4.09000
31.85000,coast,-13.94000,23886.00000,9426.32000,167.46000,4.09000
31.86000,coast,-13.96000,23881.00000,9427.67000,167.32000,4.09000
31.87000,coast,-13.97000,23875.00000,9429.28000,167.18000,4.09000
31.88000,coast,-13.99000,23869.00000,9430.89000,167.04000,4.09000
31.89000,coast,-14.01000,23858.00000,9433.84000,166.90000,4.09000
31.90000,coast,-14.03000,23851.00000,9435.72000,166.76000,4.12000
31.91000,coast,-14.04000,23851.00000,9435.72000,166.62000,4.11000
31.92000,coast,-14.06000,23848.00000,9436.52000,166.48000,4.09000
31.93000,coast,-14.08000,23831.00000,9441.09000,166.34000,4.09000
31.94000,coast,-14.10000,23831.00000,9441.09000,166.20000,4.09000
31.95000,coast,-14.11000,23818.00000,9444.59000,166.05000,4.09000
31.96000,coast,-14.13000,23816.00000,9445.12000,165.91000,4.09000
31.97000,coast,-14.15000,23814.00000,9445.66000,165.77000,4.09000
31.98000,coast,-14.17000,23805.00000,9448.08000,165.63000,4.11000
31.99000,coast,-14.18000,23797.00000,9450.23000,165.49000,4.09000
32.00000,coast,-14.20000,23791.00000,9451.85000,165.34000,4.09000
32.01000,coast,-14.22000,23782.00000,9454.27000,165.20000,4.12000
32.02000,coast,-14.23000,23782.00000,9454.27000,165.06000,4.11000
32.03000,coast,-14.25000,23775.00000,9456.15000,164.92000,4.09000
32.04000,coast,-14.27000,23770.00000,9457.50000,164.77000,4.09000
32.05000,coast,-14.28000,23759.00000,9460.46000,164.63000,4.09000
32.06000,coast,-14.30000,23753.00000,9462.08000,164.49000,4.09000
32.07000,coast,-14.31000,23749.00000,9463.16000,164.34000,4.09000
32.08000,coast,-14.33000,23743.00000,9464.77000,164.20000,4.09000
32.09000,coast,-14.34000,23736.00000,9466.66000,164.06000,4.09000
32.10000,coast,-14.36000,23733.00000,9467.47000,163.91000,4.09000
32.11000,coast,-14.37000,23720.00000,9470.98000,163.77000,4.09000
32.12000,coast,-14.39000,23719.00000,9471.25000,163.62000,4.12000
32.13000,coast,-14.40000,23719.00000,9471.25000,163.48000,4.11000
32.14000,coast,-14.42000,23718.00000,9471.52000,163.34000,4.09000
32.15000,coast,-14.43000,23706.00000,9474.75000,163.19000,4.09000
32.16000,coast,-14.44000,23698.00000,9476.91000,163.05000,4.09000
32.17000,coast,-14.46000,23685.00000,9480.42000,162.90000,4.09000
32.18000,coast,-14.47000,23680.00000,9481.77000,162.76000,4.09000
32.19000,coast,-14.48000,23676.00000,9482.85000,162.62000,4.09000
32.20000,coast,-14.50000,23672.00000,9483.94000,162.47000,4.09000
32.21000,coast,-14.51000,23669.00000,9484.75000,162.32000,4.09000
32.22000,coast,-14.52000,23660.00000,9487.18000,162.18000,4.09000
32.23000,coast,-14.53000,23651.00000,9489.61000,162.03000,4.11000
32.24000,coast,-14.54000,23651.00000,9489.61000,161.88000,4.11000
32.25000,coast,-14.55000,23649.00000,9490.15000,161.74000,4.09000
32.26000,coast,-14.56000,23637.00000,9493.40000,161.59000,4.09000
32.27000,coast,-14.57000,23632.00000,9494.75000,161.44000,4.09000
32.28000,coast,-14.58000,23628.00000,9495.83000,161.30000,4.09000
32.29000,coast,-14.59000,23623.00000,9497.19000,161.15000,4.09000
32.30000,coast,-14.60000,23608.00000,9501.25000,161.01000,4.09000
32.31000,coast,-14.61000,23606.00000,9501.79000,160.86000,4.09000
32.32000,coast,-14.62000,23599.00000,9503.68000,160.71000,4.09000
32.33000,coast,-14.63000,23596.00000,9504.50000,160.57000,4.09000
32.34000,coast,-14.64000,23585.00000,9507.48000,160.42000,4.12000
32.35000,coast,-14.65000,23585.00000,9507.48000,160.27000,4.11000
32.36000,coast,-14.65000,23589.00000,9506.39000,160.13000,4.09000
32.37000,coast,-14.66000,23568.00000,9512.09000,159.98000,4.09000
32.38000,coast,-14.67000,23568.00000,9512.09000,159.83000,4.09000
32.39000,coast,-14.67000,23561.00000,9513.98000,159.69000,4.09000
32.40000,coast,-14.68000,23552.00000,9516.43000,159.54000,4.09000
32.41000,coast,-14.69000,23553.00000,9516.15000,159.39000,4.09000
32.42000,coast,-14.69000,23543.00000,9518.87000,159.24000,4.09000
32.43000,coast,-14.70000,23540.00000,9519.68000,159.09000,4.09000
32.44000,coast,-14.70000,23536.00000,9520.77000,158.94000,4.09000
32.45000,coast,-14.71000,23527.00000,9523.21000,158.80000,4.11000
32.46000,coast,-14.71000,23527.00000,9523.21000,158.65000,4.11000
32.47000,coast,-14.71000,23518.00000,9525.66000,158.50000,4.09000
32.48000,coast,-14.72000,23516.00000,9526.20000,158.36000,4.09000
32.49000,coast,-14.72000,23503.00000,9529.73000,158.21000,4.11000
32.50000,coast,-14.72000,23498.00000,9531.09000,158.06000,4.09000
32.51000,coast,-14.73000,23486.00000,9534.35000,157.91000,4.09000
32.52000,coast,-14.73000,23486.00000,9534.35000,157.77000,4.09000
32.53000,coast,-14.73000,23481.00000,9535.71000,157.62000,4.09000
32.54000,coast,-14.73000,23472.00000,9538.16000,157.47000,4.09000
32.55000,coast,-14.73000,23473.00000,9537.89000,157.32000,4.09000
32.56000,coast,-14.73000,23460.00000,9541.43000,157.18000,4.11000
32.57000,coast,-14.73000,23460.00000,9541.43000,157.03000,4.11000
32.58000,coast,-14.73000,23451.00000,9543.88000,156.88000,4.11000
32.59000,coast,-14.73000,23442.00000,9546.33000,156.73000,4.09000
32.60000,coast,-14.73000,23437.00000,9547.69000,156.58000,4.09000
32.61000,coast,-14.73000,23430.00000,9549.59000,156.44000,4.09000
32.62000,coast,-14.73000,23426.00000,9550.68000,156.29000,4.09000
32.63000,coast,-14.73000,23419.00000,9552.59000,156.14000,4.09000
32.64000,coast,-14.73000,23417.00000,9553.14000,155.99000,4.09000
32.65000,coast,-14.72000,23403.00000,9556.95000,155.85000,4.09000
32.66000,coast,-14.72000,23400.00000,9557.77000,155.70000,4.09000
32.67000,coast,-14.72000,23391.00000,9560.23000,155.55000,4.11000
32.68000,coast,-14.71000,23391.00000,9560.23000,155.40000,4.09000
32.69000,coast,-14.71000,23382.00000,9562.68000,155.25000,4.09000
32.70000,coast,-14.71000,23373.00000,9565.14000,155.10000,4.09000
32.71000,coast,-14.70000,23365.00000,9567.32000,154.95000,4.09000
32.72000,coast,-14.70000,23366.00000,9567.05000,154.81000,4.09000
32.73000,coast,-14.69000,23362.00000,9568.14000,154.66000,4.09000
32.74000,coast,-14.68000,23356.00000,9569.78000,154.51000,4.09000
32.75000,coast,-14.68000,23347.00000,9572.24000,154.37000,4.09000
32.76000,coast,-14.67000,23343.00000,9573.33000,154.22000,4.09000
32.77000,coast,-14.66000,23335.00000,9575.52000,154.07000,4.09000
32.78000,coast,-14.66000,23329.00000,9577.16000,153.92000,4.11000
32.79000,coast,-14.65000,23329.00000,9577.16000,153.78000,4.11000
32.80000,coast,-14.64000,23317.00000,9580.44000,153.63000,4.09000
32.81000,coast,-14.63000,23315.00000,9580.99000,153.48000,4.09000
32.82000,coast,-14.62000,23303.00000,9584.27000,153.33000,4.09000
32.83000,coast,-14.62000,23301.00000,9584.82000,153.19000,4.09000
32.84000,coast,-14.61000,23294.00000,9586.74000,153.04000,4.09000
32.85000,coast,-14.60000,23288.00000,9588.38000,152.90000,4.09000
32.86000,coast,-14.58000,23280.00000,9590.57000,152.75000,4.09000
32.87000,coast,-14.57000,23279.00000,9590.84000,152.60000,4.09000
32.88000,coast,-14.56000,23272.00000,9592.76000,152.46000,4.09000
32.89000,coast,-14.55000,23264.00000,9594.95000,152.31000,4.11000
32.90000,coast,-14.54000,23264.00000,9594.95000,152.16000,4.11000
32.91000,coast,-14.53000,23255.00000,9597.42000,152.02000,4.09000
32.92000,coast,-14.51000,23252.00000,9598.24000,151.87000,4.09000
32.93000,coast,-14.50000,23243.00000,9600.71000,151.73000,4.09000
32.94000,coast,-14.49000,23237.00000,9602.35000,151.58000,4.09000
32.95000,coast,-14.47000,23233.00000,9603.45000,151.44000,4.09000
32.96000,coast,-14.46000,23223.00000,9606.20000,151.29000,4.09000
32.97000,coast,-14.44000,23219.00000,9607.29000,151.15000,4.09000
32.98000,coast,-14.43000,23216.00000,9608.12000,151.00000,4.09000
32.99000,coast,-14.41000,23211.00000,9609.49000,150.86000,4.09000
33.00000,coast,-14.39000,23202.00000,9611.96000,150.71000,4.11000
33.01000,coast,-14.38000,23202.00000,9611.96000,150.57000,4.11000
33.02000,coast,-14.36000,23198.00000,9613.06000,150.42000,4.09000
33.03000,coast,-14.34000,23184.00000,9616.91000,150.28000,4.09000
33.04000,coast,-14.32000,23186.00000,9616.36000,150.13000,4.09000
33.05000,coast,-14.30000,23175.00000,9619.38000,149.99000,4.09000
33.06000,coast,-14.28000,23178.00000,9618.55000,149.84000,4.09000
33.07000,coast,-14.27000,23169.00000,9621.03000,149.70000,4.11000
33.08000,coast,-14.25000,23162.00000,9622.95000,149.56000,4.09000
33.09000,coast,-14.22000,23154.00000,9625.15000,149.41000,4.09000
33.10000,coast,-14.20000,23154.00000,9625.15000,149.27000,4.09000
33.11000,coast,-14.18000,23146.00000,9627.35000,149.13000,4.11000
33.12000,coast,-14.16000,23146.00000,9627.35000,148.99000,4.11000
33.13000,coast,-14.14000,23136.00000,9630.11000,148.84000,4.09000
33.14000,coast,-14.12000,23128.00000,9632.31000,148.70000,4.09000
33.15000,coast,-14.09000,23125.00000,9633.13000,148.56000,4.09000
33.16000,coast,-14.07000,23117.00000,9635.34000,148.42000,4.09000
33.17000,coast,-14.05000,23123.00000,9633.69000,148.27000,4.09000
33.18000,coast,-14.02000,23113.00000,9636.44000,148.13000,4.09000
33.19000,coast,-14.00000,23106.00000,9638.37000,147.99000,4.09000
33.20000,coast,-13.97000,23105.00000,9638.64000,147.85000,4.09000
33.21000,coast,-13.95000,23098.00000,9640.57000,147.71000,4.09000
33.22000,coast,-13.92000,23087.00000,9643.61000,147.57000,4.11000
33.23000,coast,-13.90000,23087.00000,9643.61000,147.43000,4.11000
33.24000,coast,-13.87000,23082.00000,9644.98000,147.29000,4.09000
33.25000,coast,-13.85000,23075.00000,9646.91000,147.15000,4.09000
33.26000,coast,-13.82000,23071.00000,9648.02000,147.01000,4.09000
33.27000,coast,-13.79000,23066.00000,9649.40000,146.87000,4.09000
33.28000,coast,-13.76000,23054.00000,9652.71000,146.74000,4.09000
33.29000,coast,-13.74000,23055.00000,9652.43000,146.60000,4.09000
33.30000,coast,-13.71000,23054.00000,9652.71000,146.46000,4.09000
33.31000,coast,-13.68000,23049.00000,9654.09000,146.32000,4.09000
33.32000,coast,-13.65000,23039.00000,9656.85000,146.19000,4.09000
33.33000,coast,-13.62000,23033.00000,9658.51000,146.05000,4.11000
33.34000,coast,-13.59000,23033.00000,9658.51000,145.91000,4.11000
33.35000,coast,-13.56000,23033.00000,9658.51000,145.78000,4.09000
33.36000,coast,-13.53000,23021.00000,9661.82000,145.64000,4.09000
33.37000,coast,-13.50000,23017.00000,9662.93000,145.51000,4.09000
33.38000,coast,-13.47000,23008.00000,9665.42000,145.37000,4.09000
33.39000,coast,-13.44000,23006.00000,9665.97000,145.24000,4.09000
33.40000,coast,-13.41000,22993.00000,9669.57000,145.10000,4.09000
33.41000,coast,-13.38000,23001.00000,9667.35000,144.97000,4.09000
33.42000,coast,-13.35000,22989.00000,9670.67000,144.84000,4.09000
33.43000,coast,-13.32000,22987.00000,9671.23000,144.70000,4.09000
33.44000,coast,-13.28000,22978.00000,9673.72000,144.57000,4.12000
33.45000,coast,-13.25000,22978.00000,9673.72000,144.44000,4.11000
33.46000,coast,-13.22000,22971.00000,9675.65000,144.30000,4.09000
33.47000,coast,-13.18000,22955.00000,9680.09000,144.17000,4.09000
33.48000,coast,-13.15000,22955.00000,9680.09000,144.04000,4.09000
33.49000,coast,-13.12000,22952.00000,9680.92000,143.90000,4.09000
33.50000,coast,-13.08000,22944.00000,9683.13000,143.77000,4.09000
33.51000,coast,-13.05000,22939.00000,9684.52000,143.64000,4.09000
33.52000,coast,-13.01000,22938.00000,9684.80000,143.51000,4.09000
33.53000,coast,-12.98000,22931.00000,9686.74000,143.38000,4.09000
33.54000,coast,-12.94000,22928.00000,9687.57000,143.25000,4.09000
33.55000,coast,-12.91000,22916.00000,9690.90000,143.12000,4.11000
33.56000,coast,-12.87000,22916.00000,9690.90000,142.98000,4.11000
33.57000,coast,-12.83000,22914.00000,9691.45000,142.86000,4.09000
33.58000,coast,-12.80000,22900.00000,9695.34000,142.73000,4.09000
33.59000,coast,-12.76000,22896.00000,9696.45000,142.60000,4.09000
33.60000,coast,-12.72000,22894.00000,9697.00000,142.47000,4.09000
33.61000,coast,-12.69000,22891.00000,9697.83000,142.34000,4.09000
33.62000,coast,-12.65000,22884.00000,9699.78000,142.21000,4.09000
33.63000,coast,-12.61000,22882.00000,9700.33000,142.09000,4.09000
33.64000,coast,-12.57000,22876.00000,9702.00000,141.96000,4.09000
33.65000,coast,-12.53000,22866.00000,9704.78000,141.83000,4.09000
33.66000,coast,-12.50000,22862.00000,9705.89000,141.71000,4.12000
33.67000,coast,-12.46000,22862.00000,9705.89000,141.58000,4.11000
33.68000,coast,-12.42000,22854.00000,9708.11000,141.46000,4.09000
33.69000,coast,-12.38000,22850.00000,9709.23000,141.33000,4.09000
33.70000,coast,-12.34000,22845.00000,9710.62000,141.21000,4.09000
33.71000,coast,-12.30000,22835.00000,9713.40000,141.09000,4.09000
33.72000,coast,-12.26000,22829.00000,9715.07000,140.96000,4.09000
33.73000,coast,-12.23000,22821.00000,9717.29000,140.84000,4.09000
33.74000,coast,-12.19000,22821.00000,9717.29000,140.72000,4.09000
33.75000,coast,-12.15000,22817.00000,9718.41000,140.60000,4.09000
33.76000,coast,-12.11000,22815.00000,9718.96000,140.47000,4.09000
33.77000,coast,-12.07000,22806.00000,9721.47000,140.35000,4.12000
33.78000,coast,-12.03000,22806.00000,9721.47000,140.23000,4.09000
33.79000,coast,-11.99000,22798.00000,9723.70000,140.11000,4.09000
33.80000,coast,-11.96000,22796.00000,9724.25000,139.99000,4.09000
33.81000,coast,-11.92000,22787.00000,9726.76000,139.87000,4.09000
33.82000,coast,-11.88000,22783.00000,9727.88000,139.75000,4.09000
33.83000,coast,-11.84000,22773.00000,9730.66000,139.64000,4.09000
33.84000,coast,-11.80000,22770.00000,9731.50000,139.52000,4.09000
33.85000,coast,-11.77000,22763.00000,9733.45000,139.40000,4.09000
33.86000,coast,-11.73000,22763.00000,9733.45000,139.29000,4.09000
33.87000,coast,-11.69000,22756.00000,9735.40000,139.17000,4.09000
33.88000,coast,-11.66000,22755.00000,9735.68000,139.05000,4.12000
33.89000,coast,-11.62000,22755.00000,9735.68000,138.94000,4.11000
33.90000,coast,-11.59000,22747.00000,9737.92000,138.82000,4.09000
33.91000,coast,-11.55000,22741.00000,9739.59000,138.71000,4.09000
33.92000,coast,-11.52000,22735.00000,9741.27000,138.59000,4.09000
33.93000,coast,-11.48000,22732.00000,9742.10000,138.48000,4.09000
33.94000,coast,-11.45000,22727.00000,9743.50000,138.36000,4.09000
33.95000,coast,-11.41000,22722.00000,9744.90000,138.25000,4.09000
33.96000,coast,-11.38000,22712.00000,9747.69000,138.14000,4.09000
33.97000,coast,-11.35000,22708.00000,9748.81000,138.02000,4.09000
33.98000,coast,-11.31000,22706.00000,9749.37000,137.91000,4.09000
33.99000,coast,-11.28000,22697.00000,9751.88000,137.80000,4.11000
34.00000,coast,-11.25000,22697.00000,9751.88000,137.69000,4.11000
34.01000,coast,-11.22000,22698.00000,9751.60000,137.58000,4.11000
34.02000,coast,-11.19000,22688.00000,9754.40000,137.47000,4.09000
34.03000,coast,-11.16000,22676.00000,9757.75000,137.35000,4.09000
34.04000,coast,-11.13000,22680.00000,9756.63000,137.24000,4.09000
34.05000,coast,-11.10000,22670.00000,9759.43000,137.13000,4.09000
34.06000,coast,-11.07000,22669.00000,9759.71000,137.02000,4.09000
34.07000,coast,-11.04000,22663.00000,9761.39000,136.91000,4.09000
34.08000,coast,-11.02000,22658.00000,9762.79000,136.80000,4.09000
34.09000,coast,-10.99000,22654.00000,9763.91000,136.70000,4.09000
34.10000,coast,-10.96000,22650.00000,9765.03000,136.59000,4.12000
34.11000,coast,-10.94000,22650.00000,9765.03000,136.48000,4.11000
34.12000,coast,-10.91000,22641.00000,9767.55000,136.37000,4.09000
34.13000,coast,-10.88000,22632.00000,9770.07000,136.26000,4.09000
34.14000,coast,-10.86000,22623.00000,9772.60000,136.15000,4.09000
34.15000,coast,-10.84000,22624.00000,9772.32000,136.04000,4.09000
34.16000,coast,-10.81000,22624.00000,9772.32000,135.93000,4.09000
34.17000,coast,-10.79000,22616.00000,9774.56000,135.83000,4.09000
34.18000,coast,-10.77000,22613.00000,9775.40000,135.72000,4.09000
34.19000,coast,-10.74000,22600.00000,9779.05000,135.61000,4.09000
34.20000,coast,-10.72000,22603.00000,9778.20000,135.51000,4.09000
34.21000,coast,-10.70000,22595.00000,9780.45000,135.40000,4.11000
34.22000,coast,-10.68000,22595.00000,9780.45000,135.29000,4.11000
34.23000,coast,-10.66000,22594.00000,9780.73000,135.19000,4.09000
34.24000,coast,-10.64000,22582.00000,9784.10000,135.08000,4.09000
34.25000,coast,-10.62000,22574.00000,9786.35000,134.98000,4.09000
34.26000,coast,-10.60000,22573.00000,9786.63000,134.87000,4.09000
34.27000,coast,-10.58000,22562.00000,9789.72000,134.76000,4.09000
34.28000,coast,-10.56000,22560.00000,9790.28000,134.66000,4.09000
34.29000,coast,-10.54000,22561.00000,9790.00000,134.55000,4.09000
34.30000,coast,-10.52000,22556.00000,9791.40000,134.45000,4.09000
34.31000,coast,-10.51000,22549.00000,9793.37000,134.35000,4.09000
34.32000,coast,-10.49000,22545.00000,9794.50000,134.24000,4.12000
34.33000,coast,-10.47000,22545.00000,9794.50000,134.14000,4.11000
34.34000,coast,-10.46000,22531.00000,9798.44000,134.04000,4.09000
34.35000,coast,-10.44000,22532.00000,9798.16000,133.93000,4.09000
34.36000,coast,-10.43000,22519.00000,9801.82000,133.83000,4.09000
34.37000,coast,-10.41000,22517.00000,9802.38000,133.72000,4.09000
34.38000,coast,-10.40000,22508.00000,9804.91000,133.62000,4.09000
34.39000,coast,-10.38000,22509.00000,9804.63000,133.52000,4.09000
34.40000,coast,-10.37000,22503.00000,9806.32000,133.41000,4.09000
34.41000,coast,-10.36000,22500.00000,9807.17000,133.31000,4.09000
34.42000,coast,-10.34000,22499.00000,9807.45000,133.21000,4.09000
34.43000,coast,-10.33000,22493.00000,9809.14000,133.10000,4.11000
34.44000,coast,-10.32000,22493.00000,9809.14000,133.00000,4.11000
34.45000,coast,-10.31000,22482.00000,9812.24000,132.90000,4.09000
34.46000,coast,-10.29000,22473.00000,9814.78000,132.80000,4.09000
34.47000,coast,-10.28000,22467.00000,9816.48000,132.69000,4.09000
34.48000,coast,-10.27000,22458.00000,9819.02000,132.59000,4.09000
34.49000,coast,-10.26000,22459.00000,9818.74000,132.49000,4.09000
34.50000,coast,-10.25000,22454.00000,9820.15000,132.39000,4.09000
34.51000,coast,-10.25000,22449.00000,9821.56000,132.28000,4.09000
34.52000,coast,-10.24000,22448.00000,9821.84000,132.18000,4.09000
34.53000,coast,-10.23000,22437.00000,9824.95000,132.08000,4.09000
34.54000,coast,-10.22000,22441.00000,9823.82000,131.98000,4.12000
34.55000,coast,-10.21000,22441.00000,9823.82000,131.88000,4.11000
34.56000,coast,-10.21000,22431.00000,9826.65000,131.77000,4.09000
34.57000,coast,-10.20000,22425.00000,9828.34000,131.67000,4.09000
34.58000,coast,-10.20000,22418.00000,9830.32000,131.57000,4.11000
34.59000,coast,-10.19000,22413.00000,9831.74000,131.47000,4.09000
34.60000,coast,-10.19000,22408.00000,9833.15000,131.37000,4.11000
34.61000,coast,-10.18000,22401.00000,9835.13000,131.27000,4.09000
34.62000,coast,-10.18000,22397.00000,9836.27000,131.17000,4.09000
34.63000,coast,-10.18000,22392.00000,9837.68000,131.07000,4.09000
34.64000,coast,-10.17000,22388.00000,9838.81000,130.97000,4.09000
34.65000,coast,-10.17000,22385.00000,9839.66000,130.87000,4.12000
34.66000,coast,-10.17000,22385.00000,9839.66000,130.77000,4.11000
34.67000,coast,-10.17000,22379.00000,9841.36000,130.67000,4.09000
34.68000,coast,-10.17000,22374.00000,9842.78000,130.57000,4.09000
34.69000,coast,-10.17000,22366.00000,9845.05000,130.47000,4.09000
34.70000,coast,-10.17000,22365.00000,9845.33000,130.37000,4.09000
34.71000,coast,-10.17000,22357.00000,9847.60000,130.27000,4.09000
34.72000,coast,-10.17000,22356.00000,9847.89000,130.17000,4.09000
34.73000,coast,-10.17000,22345.00000,9851.01000,130.06000,4.09000
34.74000,coast,-10.18000,22343.00000,9851.57000,129.96000,4.09000
34.75000,coast,-10.18000,22336.00000,9853.56000,129.86000,4.09000
34.76000,coast,-10.18000,22335.00000,9853.85000,129.76000,4.12000
34.77000,coast,-10.19000,22335.00000,9853.85000,129.66000,4.09000
34.78000,coast,-10.19000,22324.00000,9856.97000,129.56000,4.09000
34.79000,coast,-10.20000,22319.00000,9858.39000,129.46000,4.09000
34.80000,coast,-10.21000,22316.00000,9859.24000,129.35000,4.09000
34.81000,coast,-10.21000,22314.00000,9859.81000,129.25000,4.09000
34.82000,coast,-10.22000,22307.00000,9861.80000,129.15000,4.09000
34.83000,coast,-10.23000,22301.00000,9863.51000,129.05000,4.09000
34.84000,coast,-10.23000,22291.00000,9866.35000,128.95000,4.09000
34.85000,coast,-10.24000,22288.00000,9867.20000,128.85000,4.09000
34.86000,coast,-10.25000,22291.00000,9866.35000,128.75000,4.09000
34.87000,coast,-10.26000,22284.00000,9868.34000,128.64000,4.11000
34.88000,coast,-10.27000,22284.00000,9868.34000,128.54000,4.11000
34.89000,coast,-10.28000,22277.00000,9870.33000,128.44000,4.09000
34.90000,coast,-10.29000,22268.00000,9872.90000,128.34000,4.09000
34.91000,coast,-10.30000,22265.00000,9873.75000,128.24000,4.09000
34.92000,coast,-10.32000,22263.00000,9874.32000,128.14000,4.09000
34.93000,coast,-10.33000,22253.00000,9877.17000,128.03000,4.09000
34.94000,coast,-10.34000,22251.00000,9877.74000,127.93000,4.09000
34.95000,coast,-10.35000,22250.00000,9878.03000,127.83000,4.09000
34.96000,coast,-10.37000,22243.00000,9880.02000,127.73000,4.09000
34.97000,coast,-10.38000,22241.00000,9880.59000,127.62000,4.09000
34.98000,coast,-10.39000,22234.00000,9882.59000,127.52000,4.11000
34.99000,coast,-10.41000,22234.00000,9882.59000,127.42000,4.09000
35.00000,coast,-10.42000,22230.00000,9883.73000,127.31000,4.09000
35.01000,coast,-10.44000,22219.00000,9886.87000,127.21000,4.09000
35.02000,coast,-10.45000,22214.00000,9888.29000,127.10000,4.09000
35.03000,coast,-10.47000,22217.00000,9887.44000,127.00000,4.09000
35.04000,coast,-10.48000,22210.00000,9889.44000,126.90000,4.09000
35.05000,coast,-10.50000,22200.00000,9892.29000,126.79000,4.09000
35.06000,coast,-10.51000,22199.00000,9892.58000,126.69000,4.09000
35.07000,coast,-10.53000,22192.00000,9894.58000,126.58000,4.09000
35.08000,coast,-10.54000,22195.00000,9893.72000,126.48000,4.09000
35.09000,coast,-10.56000,22183.00000,9897.15000,126.37000,4.11000
35.10000,coast,-10.58000,22183.00000,9897.15000,126.27000,4.11000
35.11000,coast,-10.59000,22183.00000,9897.15000,126.16000,4.09000
35.12000,coast,-10.61000,22177.00000,9898.87000,126.05000,4.09000
35.13000,coast,-10.63000,22170.00000,9900.87000,125.95000,4.09000
35.14000,coast,-10.64000,22170.00000,9900.87000,125.84000,4.09000
35.15000,coast,-10.66000,22157.00000,9904.59000,125.74000,4.09000
35.16000,coast,-10.67000,22154.00000,9905.45000,125.63000,4.09000
35.17000,coast,-10.69000,22157.00000,9904.59000,125.52000,4.09000
35.18000,coast,-10.71000,22153.00000,9905.73000,125.42000,4.09000
35.19000,coast,-10.72000,22140.00000,9909.46000,125.31000,4.09000
35.20000,coast,-10.74000,22139.00000,9909.74000,125.20000,4.11000
35.21000,coast,-10.75000,22139.00000,9909.74000,125.09000,4.11000
35.22000,coast,-10.77000,22138.00000,9910.03000,124.98000,4.09000
35.23000,coast,-10.79000,22123.00000,9914.33000,124.88000,4.09000
35.24000,coast,-10.80000,22118.00000,9915.76000,124.77000,4.09000
35.25000,coast,-10.82000,22112.00000,9917.48000,124.66000,4.09000
35.26000,coast,-10.83000,22113.00000,9917.19000,124.55000,4.09000
35.27000,coast,-10.85000,22109.00000,9918.34000,124.44000,4.09000
35.28000,coast,-10.86000,22100.00000,9920.92000,124.34000,4.11000
35.29000,coast,-10.88000,22096.00000,9922.07000,124.23000,4.09000
35.30000,coast,-10.89000,22093.00000,9922.93000,124.11000,4.09000
35.31000,coast,-10.91000,22088.00000,9924.37000,124.01000,4.11000
35.32000,coast,-10.92000,22088.00000,9924.37000,123.90000,4.11000
35.33000,coast,-10.93000,22083.00000,9925.80000,123.79000,4.09000
35.34000,coast,-10.95000,22073.00000,9928.68000,123.68000,4.09000
35.35000,coast,-10.96000,22071.00000,9929.25000,123.57000,4.09000
35.36000,coast,-10.97000,22065.00000,9930.97000,123.46000,4.09000
35.37000,coast,-10.99000,22065.00000,9930.97000,123.35000,4.11000
35.38000,coast,-11.00000,22052.00000,9934.71000,123.24000,4.09000
35.39000,coast,-11.01000,22050.00000,9935.29000,123.13000,4.09000
35.40000,coast,-11.02000,22051.00000,9935.00000,123.02000,4.11000
35.41000,coast,-11.04000,22046.00000,9936.44000,122.90000,4.09000
35.42000,coast,-11.05000,22039.00000,9938.45000,122.79000,4.11000
35.43000,coast,-11.06000,22039.00000,9938.45000,122.68000,4.11000
35.44000,coast,-11.07000,22036.00000,9939.31000,122.57000,4.09000
35.45000,coast,-11.08000,22031.00000,9940.75000,122.46000,4.09000
35.46000,coast,-11.09000,22026.00000,9942.19000,122.35000,4.09000
35.47000,coast,-11.10000,22020.00000,9943.92000,122.24000,4.09000
35.48000,coast,-11.11000,22009.00000,9947.09000,122.13000,4.09000
35.49000,coast,-11.13000,22013.00000,9945.94000,122.02000,4.09000
35.50000,coast,-11.14000,22008.00000,9947.38000,121.90000,4.09000
35.51000,coast,-11.15000,22004.00000,9948.53000,121.79000,4.11000
35.52000,coast,-11.15000,21998.00000,9950.26000,121.68000,4.09000
35.53000,coast,-11.16000,22000.00000,9949.68000,121.57000,4.12000
35.54000,coast,-11.17000,22000.00000,9949.68000,121.45000,4.11000
35.55000,coast,-11.18000,21989.00000,9952.85000,121.34000,4.11000
35.56000,coast,-11.19000,21983.00000,9954.59000,121.23000,4.09000
35.57000,coast,-11.20000,21972.00000,9957.76000,121.12000,4.09000
35.58000,coast,-11.21000,21971.00000,9958.05000,121.01000,4.09000
35.59000,coast,-11.22000,21966.00000,9959.49000,120.90000,4.09000
35.60000,coast,-11.23000,21964.00000,9960.07000,120.78000,4.09000
35.61000,coast,-11.23000,21962.00000,9960.65000,120.67000,4.09000
35.62000,coast,-11.24000,21959.00000,9961.51000,120.56000,4.09000
35.63000,coast,-11.25000,21948.00000,9964.69000,120.44000,4.09000
35.64000,coast,-11.26000,21947.00000,9964.98000,120.33000,4.11000
35.65000,coast,-11.26000,21947.00000,9964.98000,120.22000,4.09000
35.66000,coast,-11.27000,21943.00000,9966.13000,120.11000,4.09000
35.67000,coast,-11.28000,21937.00000,9967.87000,119.99000,4.09000
35.68000,coast,-11.28000,21928.00000,9970.47000,119.88000,4.09000
35.69000,coast,-11.29000,21919.00000,9973.07000,119.77000,4.11000
35.70000,coast,-11.30000,21920.00000,9972.79000,119.65000,4.09000
35.71000,coast,-11.30000,21916.00000,9973.94000,119.54000,4.09000
35.72000,coast,-11.31000,21916.00000,9973.94000,119.43000,4.09000
35.73000,coast,-11.32000,21907.00000,9976.55000,119.32000,4.09000
35.74000,coast,-11.32000,21908.00000,9976.26000,119.20000,4.09000
35.75000,coast,-11.33000,21898.00000,9979.15000,119.09000,4.12000
35.76000,coast,-11.33000,21898.00000,9979.15000,118.98000,4.11000
35.77000,coast,-11.34000,21894.00000,9980.31000,118.86000,4.09000
35.78000,coast,-11.34000,21886.00000,9982.63000,118.75000,4.09000
35.79000,coast,-11.35000,21888.00000,9982.05000,118.64000,4.09000
35.80000,coast,-11.35000,21881.00000,9984.08000,118.52000,4.09000
35.81000,coast,-11.35000,21875.00000,9985.82000,118.41000,4.09000
35.82000,coast,-11.36000,21876.00000,9985.53000,118.29000,4.09000
35.83000,coast,-11.36000,21865.00000,9988.72000,118.18000,4.09000
35.84000,coast,-11.36000,21869.00000,9987.56000,118.07000,4.09000
35.85000,coast,-11.37000,21864.00000,9989.01000,117.95000,4.09000
35.86000,coast,-11.37000,21855.00000,9991.62000,117.84000,4.12000
35.87000,coast,-11.37000,21855.00000,9991.62000,117.72000,4.11000
35.88000,coast,-11.38000,21851.00000,9992.78000,117.61000,4.09000
35.89000,coast,-11.38000,21848.00000,9993.65000,117.49000,4.09000
35.90000,coast,-11.38000,21840.00000,9995.97000,117.38000,4.09000
35.91000,coast,-11.38000,21839.00000,9996.26000,117.27000,4.09000
35.92000,coast,-11.38000,21835.00000,9997.42000,117.15000,4.09000
35.93000,coast,-11.38000,21831.00000,9998.59000,117.03000,4.09000
35.94000,coast,-11.38000,21828.00000,9999.46000,116.92000,4.11000
35.95000,coast,-11.38000,21824.00000,10000.62000,116.81000,4.09000
35.96000,coast,-11.38000,21812.00000,10004.11000,116.69000,4.09000
35.97000,coast,-11.38000,21811.00000,10004.40000,116.58000,4.11000
35.98000,coast,-11.38000,21811.00000,10004.40000,116.46000,4.11000
35.99000,coast,-11.38000,21808.00000,10005.27000,116.35000,4.09000
36.00000,coast,-11.38000,21800.00000,10007.60000,116.23000,4.09000
36.01000,coast,-11.38000,21796.00000,10008.76000,116.12000,4.09000
36.02000,coast,-11.38000,21795.00000,10009.05000,116.00000,4.09000
36.03000,coast,-11.38000,21791.00000,10010.22000,115.89000,4.09000
36.04000,coast,-11.37000,21784.00000,10012.25000,115.78000,4.09000
36.05000,coast,-11.37000,21781.00000,10013.13000,115.66000,4.09000
36.06000,coast,-11.37000,21778.00000,10014.00000,115.55000,4.09000
36.07000,coast,-11.37000,21778.00000,10014.00000,115.44000,4.09000
36.08000,coast,-11.36000,21768.00000,10016.91000,115.32000,4.11000
36.09000,coast,-11.36000,21768.00000,10016.91000,115.21000,4.11000
36.10000,coast,-11.35000,21766.00000,10017.50000,115.09000,4.09000
36.11000,coast,-11.35000,21758.00000,10019.83000,114.98000,4.09000
36.12000,coast,-11.34000,21753.00000,10021.28000,114.86000,4.09000
36.13000,coast,-11.34000,21750.00000,10022.16000,114.75000,4.09000
36.14000,coast,-11.33000,21751.00000,10021.87000,114.64000,4.09000
36.15000,coast,-11.33000,21746.00000,10023.33000,114.52000,4.09000
36.16000,coast,-11.32000,21746.00000,10023.33000,114.41000,4.09000
36.17000,coast,-11.32000,21734.00000,10026.83000,114.30000,4.09000
36.18000,coast,-11.31000,21732.00000,10027.41000,114.18000,4.09000
36.19000,coast,-11.30000,21729.00000,10028.29000,114.07000,4.11000
36.20000,coast,-11.30000,21729.00000,10028.29000,113.96000,4.11000
36.21000,coast,-11.29000,21720.00000,10030.91000,113.84000,4.09000
36.22000,coast,-11.28000,21712.00000,10033.25000,113.73000,4.09000
36.23000,coast,-11.27000,21709.00000,10034.13000,113.62000,4.09000
36.24000,coast,-11.26000,21707.00000,10034.71000,113.50000,4.09000
36.25000,coast,-11.26000,21704.00000,10035.59000,113.39000,4.09000
36.26000,coast,-11.25000,21699.00000,10037.05000,113.28000,4.09000
36.27000,coast,-11.24000,21698.00000,10037.34000,113.16000,4.09000
36.28000,coast,-11.23000,21691.00000,10039.39000,113.05000,4.09000
36.29000,coast,-11.22000,21690.00000,10039.68000,112.94000,4.09000
36.30000,coast,-11.21000,21678.00000,10043.19000,112.82000,4.12000
36.31000,coast,-11.20000,21678.00000,10043.19000,112.71000,4.11000
36.32000,coast,-11.19000,21677.00000,10043.48000,112.60000,4.09000
36.33000,coast,-11.18000,21675.00000,10044.06000,112.49000,4.09000
36.34000,coast,-11.17000,21673.00000,10044.65000,112.37000,4.09000
36.35000,coast,-11.16000,21665.00000,10046.99000,112.26000,4.11000
36.36000,coast,-11.15000,21663.00000,10047.58000,112.15000,4.09000
36.37000,coast,-11.14000,21660.00000,10048.46000,112.04000,4.09000
36.38000,coast,-11.13000,21655.00000,10049.92000,111.93000,4.09000
36.39000,coast,-11.12000,21650.00000,10051.38000,111.82000,4.09000
36.40000,coast,-11.10000,21647.00000,10052.26000,111.71000,4.09000
36.41000,coast,-11.09000,21643.00000,10053.43000,111.59000,4.11000
36.42000,coast,-11.08000,21643.00000,10053.43000,111.48000,4.11000
36.43000,coast,-11.07000,21637.00000,10055.19000,111.37000,4.09000
36.44000,coast,-11.06000,21630.00000,10057.24000,111.26000,4.09000
36.45000,coast,-11.05000,21624.00000,10059.00000,111.15000,4.09000
36.46000,coast,-11.03000,21617.00000,10061.06000,111.04000,4.09000
36.47000,coast,-11.02000,21621.00000,10059.88000,110.93000,4.09000
36.48000,coast,-11.01000,21621.00000,10059.88000,110.82000,4.09000
36.49000,coast,-11.00000,21612.00000,10062.52000,110.71000,4.09000
36.50000,coast,-10.98000,21609.00000,10063.40000,110.60000,4.09000
36.51000,coast,-10.97000,21606.00000,10064.28000,110.49000,4.09000
36.52000,coast,-10.96000,21598.00000,10066.63000,110.38000,4.11000
36.53000,coast,-10.95000,21598.00000,10066.63000,110.27000,4.11000
36.54000,coast,-10.93000,21598.00000,10066.63000,110.16000,4.09000
36.55000,coast,-10.92000,21590.00000,10068.98000,110.05000,4.09000
36.56000,coast,-10.91000,21587.00000,10069.86000,109.94000,4.11000
36.57000,coast,-10.90000,21578.00000,10072.51000,109.83000,4.09000
36.58000,coast,-10.88000,21577.00000,10072.80000,109.72000,4.09000
36.59000,coast,-10.87000,21576.00000,10073.10000,109.61000,4.09000
36.60000,coast,-10.86000,21571.00000,10074.57000,109.51000,4.09000
36.61000,coast,-10.85000,21570.00000,10074.86000,109.40000,4.09000
36.62000,coast,-10.83000,21562.00000,10077.21000,109.29000,4.09000
36.63000,coast,-10.82000,21558.00000,10078.39000,109.18000,4.11000
36.64000,coast,-10.81000,21558.00000,10078.39000,109.07000,4.11000
36.65000,coast,-10.79000,21556.00000,10078.98000,108.96000,4.09000
36.66000,coast,-10.78000,21547.00000,10081.63000,108.86000,4.09000
36.67000,coast,-10.77000,21539.00000,10083.98000,108.75000,4.09000
36.68000,coast,-10.76000,21536.00000,10084.86000,108.64000,4.09000
36.69000,coast,-10.74000,21537.00000,10084.57000,108.53000,4.09000
36.70000,coast,-10.73000,21532.00000,10086.04000,108.43000,4.09000
36.71000,coast,-10.72000,21530.00000,10086.63000,108.32000,4.09000
36.72000,coast,-10.71000,21525.00000,10088.10000,108.21000,4.09000
36.73000,coast,-10.70000,21522.00000,10088.99000,108.10000,4.09000
36.74000,coast,-10.68000,21521.00000,10089.28000,108.00000,4.12000
36.75000,coast,-10.67000,21521.00000,10089.28000,107.89000,4.11000
36.76000,coast,-10.66000,21510.00000,10092.52000,107.79000,4.09000
36.77000,coast,-10.65000,21512.00000,10091.94000,107.68000,4.09000
36.78000,coast,-10.64000,21504.00000,10094.29000,107.57000,4.09000
36.79000,coast,-10.62000,21499.00000,10095.77000,107.47000,4.09000
36.80000,coast,-10.61000,21501.00000,10095.18000,107.36000,4.09000
36.81000,coast,-10.60000,21494.00000,10097.24000,107.25000,4.09000
36.82000,coast,-10.59000,21488.00000,10099.01000,107.15000,4.11000
36.83000,coast,-10.58000,21486.00000,10099.60000,107.04000,4.09000
36.84000,coast,-10.57000,21479.00000,10101.67000,106.94000,4.09000
36.85000,coast,-10.55000,21483.00000,10100.49000,106.83000,4.11000
36.86000,coast,-10.54000,21483.00000,10100.49000,106.73000,4.09000
36.87000,coast,-10.53000,21469.00000,10104.62000,106.62000,4.09000
36.88000,coast,-10.52000,21467.00000,10105.21000,106.52000,4.09000
36.89000,coast,-10.51000,21463.00000,10106.40000,106.41000,4.09000
36.90000,coast,-10.50000,21456.00000,10108.47000,106.31000,4.09000
36.91000,coast,-10.49000,21459.00000,10107.58000,106.20000,4.09000
36.92000,coast,-10.48000,21448.00000,10110.83000,106.10000,4.09000
36.93000,coast,-10.46000,21451.00000,10109.94000,105.99000,4.09000
36.94000,coast,-10.45000,21445.00000,10111.72000,105.89000,4.09000
36.95000,coast,-10.44000,21446.00000,10111.42000,105.78000,4.09000
36.96000,coast,-10.43000,21433.00000,10115.27000,105.68000,4.11000
36.97000,coast,-10.42000,21433.00000,10115.27000,105.57000,4.11000
36.98000,coast,-10.41000,21441.00000,10112.90000,105.47000,4.09000
36.99000,coast,-10.40000,21430.00000,10116.15000,105.37000,4.09000
37.00000,coast,-10.39000,21431.00000,10115.86000,105.26000,4.09000
37.01000,coast,-10.38000,21421.00000,10118.82000,105.16000,4.09000
37.02000,coast,-10.37000,21414.00000,10120.89000,105.05000,4.09000
37.03000,coast,-10.36000,21416.00000,10120.30000,104.95000,4.09000
37.04000,coast,-10.34000,21410.00000,10122.08000,104.85000,4.09000
37.05000,coast,-10.33000,21407.00000,10122.96000,104.74000,4.11000
37.06000,coast,-10.32000,21400.00000,10125.04000,104.64000,4.09000
37.07000,coast,-10.31000,21401.00000,10124.74000,104.54000,4.11000
37.08000,coast,-10.30000,21401.00000,10124.74000,104.43000,4.09000
37.09000,coast,-10.29000,21396.00000,10126.22000,104.33000,4.09000
37.10000,coast,-10.28000,21388.00000,10128.60000,104.23000,4.09000
37.11000,coast,-10.27000,21388.00000,10128.60000,104.12000,4.09000
37.12000,coast,-10.26000,21385.00000,10129.49000,104.02000,4.09000
37.13000,coast,-10.25000,21376.00000,10132.15000,103.92000,4.09000
37.14000,coast,-10.24000,21379.00000,10131.26000,103.81000,4.09000
37.15000,coast,-10.23000,21377.00000,10131.86000,103.71000,4.09000
37.16000,coast,-10.22000,21368.00000,10134.53000,103.61000,4.09000
37.17000,coast,-10.21000,21364.00000,10135.72000,103.51000,4.09000
37.18000,coast,-10.20000,21360.00000,10136.90000,103.41000,4.12000
37.19000,coast,-10.19000,21360.00000,10136.90000,103.30000,4.11000
37.20000,coast,-10.18000,21363.00000,10136.01000,103.20000,4.09000
37.21000,coast,-10.17000,21347.00000,10140.76000,103.10000,4.09000
37.22000,coast,-10.15000,21350.00000,10139.87000,103.00000,4.09000
37.23000,coast,-10.14000,21344.00000,10141.66000,102.90000,4.09000
37.24000,coast,-10.13000,21344.00000,10141.66000,102.80000,4.09000
37.25000,coast,-10.12000,21338.00000,10143.44000,102.70000,4.09000
37.26000,coast,-10.11000,21335.00000,10144.33000,102.59000,4.09000
37.27000,coast,-10.11000,21328.00000,10146.41000,102.49000,4.09000
37.28000,coast,-10.10000,21332.00000,10145.22000,102.39000,4.09000
37.29000,coast,-10.09000,21328.00000,10146.41000,102.29000,4.12000
37.30000,coast,-10.08000,21328.00000,10146.41000,102.19000,4.11000
37.31000,coast,-10.07000,21315.00000,10150.28000,102.09000,4.09000
37.32000,coast,-10.06000,21313.00000,10150.87000,101.99000,4.09000
37.33000,coast,-10.05000,21313.00000,10150.87000,101.89000,4.09000
37.34000,coast,-10.04000,21307.00000,10152.66000,101.79000,4.09000
37.35000,coast,-10.03000,21304.00000,10153.55000,101.69000,4.09000
37.36000,coast,-10.02000,21297.00000,10155.63000,101.59000,4.09000
37.37000,coast,-10.01000,21293.00000,10156.83000,101.49000,4.11000
37.38000,coast,-10.00000,21294.00000,10156.53000,101.39000,4.09000
37.39000,coast,-9.99000,21293.00000,10156.83000,101.29000,4.09000
37.40000,coast,-9.99000,21289.00000,10158.02000,101.19000,4.11000
37.41000,coast,-9.98000,21289.00000,10158.02000,101.09000,4.11000
37.42000,coast,-9.97000,21282.00000,10160.10000,101.00000,4.09000
37.43000,coast,-9.96000,21274.00000,10162.49000,100.90000,4.09000
37.44000,coast,-9.95000,21273.00000,10162.79000,100.79000,4.09000
37.45000,coast,-9.95000,21271.00000,10163.38000,100.69000,4.09000
37.46000,coast,-9.94000,21266.00000,10164.87000,100.59000,4.09000
37.47000,coast,-9.93000,21262.00000,10166.07000,100.49000,4.09000
37.48000,coast,-9.92000,21263.00000,10165.77000,100.40000,4.09000
37.49000,coast,-9.92000,21259.00000,10166.96000,100.30000,4.09000
37.50000,coast,-9.91000,21255.00000,10168.15000,100.20000,4.09000
37.51000,coast,-9.90000,21249.00000,10169.94000,100.10000,4.11000
37.52000,coast,-9.90000,21249.00000,10169.94000,100.00000,4.11000
37.53000,coast,-9.89000,21248.00000,10170.24000,99.90000,4.09000
37.54000,coast,-9.88000,21246.00000,10170.84000,99.80000,4.09000
37.55000,coast,-9.88000,21238.00000,10173.23000,99.70000,4.09000
37.56000,coast,-9.87000,21232.00000,10175.02000,99.60000,4.09000
37.57000,coast,-9.86000,21231.00000,10175.32000,99.51000,4.09000
37.58000,coast,-9.86000,21226.00000,10176.81000,99.41000,4.09000
37.59000,coast,-9.85000,21225.00000,10177.11000,99.31000,4.09000
37.60000,coast,-9.85000,21223.00000,10177.71000,99.21000,4.09000
37.61000,coast,-9.84000,21218.00000,10179.20000,99.11000,4.09000
37.62000,coast,-9.84000,21212.00000,10181.00000,99.01000,4.12000
37.63000,coast,-9.83000,21212.00000,10181.00000,98.92000,4.11000
37.64000,coast,-9.83000,21204.00000,10183.39000,98.82000,4.09000
37.65000,coast,-9.82000,21202.00000,10183.99000,98.72000,4.09000
37.66000,coast,-9.82000,21194.00000,10186.38000,98.62000,4.09000
37.67000,coast,-9.81000,21197.00000,10185.48000,98.52000,4.09000
37.68000,coast,-9.81000,21192.00000,10186.98000,98.43000,4.09000
37.69000,coast,-9.81000,21196.00000,10185.78000,98.33000,4.09000
37.70000,coast,-9.80000,21187.00000,10188.47000,98.23000,4.09000
37.71000,coast,-9.80000,21179.00000,10190.87000,98.14000,4.09000
37.72000,coast,-9.80000,21180.00000,10190.57000,98.04000,4.09000
37.73000,coast,-9.79000,21175.00000,10192.07000,97.94000,4.11000
37.74000,coast,-9.79000,21175.00000,10192.07000,97.84000,4.11000
37.75000,coast,-9.79000,21173.00000,10192.67000,97.75000,4.11000
37.76000,coast,-9.78000,21164.00000,10195.36000,97.65000,4.09000
37.77000,coast,-9.78000,21165.00000,10195.06000,97.55000,4.09000
37.78000,coast,-9.78000,21164.00000,10195.36000,97.45000,4.09000
37.79000,coast,-9.78000,21157.00000,10197.46000,97.35000,4.09000
37.80000,coast,-9.78000,21158.00000,10197.16000,97.26000,4.09000
37.81000,coast,-9.77000,21154.00000,10198.36000,97.16000,4.09000
37.82000,coast,-9.77000,21149.00000,10199.86000,97.06000,4.09000
37.83000,coast,-9.77000,21144.00000,10201.36000,96.97000,4.09000
37.84000,coast,-9.77000,21144.00000,10201.36000,96.87000,4.11000
37.85000,coast,-9.77000,21144.00000,10201.36000,96.77000,4.11000
37.86000,coast,-9.77000,21140.00000,10202.56000,96.67000,4.09000
37.87000,coast,-9.77000,21133.00000,10204.66000,96.58000,4.09000
37.88000,coast,-9.77000,21131.00000,10205.26000,96.48000,4.09000
37.89000,coast,-9.76000,21120.00000,10208.56000,96.38000,4.09000
37.90000,coast,-9.76000,21118.00000,10209.16000,96.28000,4.09000
37.91000,coast,-9.76000,21120.00000,10208.56000,96.19000,4.09000
37.92000,coast,-9.76000,21120.00000,10208.56000,96.09000,4.09000
37.93000,coast,-9.76000,21115.00000,10210.06000,95.99000,4.09000
37.94000,coast,-9.76000,21106.00000,10212.77000,95.89000,4.09000
37.95000,coast,-9.76000,21105.00000,10213.07000,95.79000,4.11000
37.96000,coast,-9.76000,21105.00000,10213.07000,95.70000,4.11000
37.97000,coast,-9.76000,21101.00000,10214.27000,95.60000,4.09000
37.98000,coast,-9.76000,21103.00000,10213.67000,95.50000,4.09000
37.99000,coast,-9.76000,21093.00000,10216.67000,95.41000,4.09000
38.00000,coast,-9.76000,21092.00000,10216.97000,95.31000,4.09000
38.01000,coast,-9.77000,21087.00000,10218.48000,95.21000,4.09000
38.02000,coast,-9.77000,21079.00000,10220.88000,95.11000,4.09000
38.03000,coast,-9.77000,21077.00000,10221.49000,95.02000,4.09000
38.04000,coast,-9.77000,21071.00000,10223.29000,94.92000,4.09000
38.05000,coast,-9.77000,21074.00000,10222.39000,94.82000,4.09000
38.06000,coast,-9.77000,21066.00000,10224.80000,94.72000,4.11000
38.07000,coast,-9.77000,21066.00000,10224.80000,94.62000,4.09000
38.08000,coast,-9.77000,21070.00000,10223.59000,94.53000,4.09000
38.09000,coast,-9.77000,21060.00000,10226.60000,94.43000,4.09000
38.10000,coast,-9.77000,21055.00000,10228.11000,94.33000,4.09000
38.11000,coast,-9.77000,21054.00000,10228.41000,94.23000,4.09000
38.12000,coast,-9.78000,21051.00000,10229.31000,94.13000,4.09000
38.13000,coast,-9.78000,21051.00000,10229.31000,94.04000,4.09000
38.14000,coast,-9.78000,21045.00000,10231.12000,93.94000,4.09000
38.15000,coast,-9.78000,21048.00000,10230.22000,93.84000,4.09000
38.16000,coast,-9.78000,21036.00000,10233.83000,93.74000,4.09000
38.17000,coast,-9.78000,21036.00000,10233.83000,93.65000,4.11000
38.18000,coast,-9.78000,21036.00000,10233.83000,93.55000,4.09000
38.19000,coast,-9.79000,21031.00000,10235.34000,93.45000,4.09000
38.20000,coast,-9.79000,21026.00000,10236.85000,93.35000,4.09000
38.21000,coast,-9.79000,21020.00000,10238.66000,93.26000,4.09000
38.22000,coast,-9.79000,21023.00000,10237.75000,93.16000,4.09000
38.23000,coast,-9.79000,21017.00000,10239.56000,93.06000,4.09000
38.24000,coast,-9.79000,21020.00000,10238.66000,92.96000,4.09000
38.25000,coast,-9.80000,21010.00000,10241.68000,92.87000,4.09000
38.26000,coast,-9.80000,21010.00000,10241.68000,92.77000,4.09000
38.27000,coast,-9.80000,21007.00000,10242.58000,92.67000,4.09000
38.28000,coast,-9.80000,21007.00000,10242.58000,92.57000,4.12000
38.29000,coast,-9.80000,21007.00000,10242.58000,92.47000,4.11000
38.30000,coast,-9.80000,20995.00000,10246.21000,92.38000,4.09000
38.31000,coast,-9.81000,20991.00000,10247.41000,92.28000,4.09000
38.32000,coast,-9.81000,20992.00000,10247.11000,92.18000,4.09000
38.33000,coast,-9.81000,20989.00000,10248.02000,92.08000,4.09000
38.34000,coast,-9.81000,20985.00000,10249.23000,91.98000,4.09000
38.35000,coast,-9.81000,20985.00000,10249.23000,91.89000,4.09000
38.36000,coast,-9.82000,20977.00000,10251.64000,91.79000,4.09000
38.37000,coast,-9.82000,20972.00000,10253.16000,91.69000,4.09000
38.38000,coast,-9.82000,20971.00000,10253.46000,91.59000,4.09000
38.39000,coast,-9.82000,20968.00000,10254.37000,91.49000,4.12000
38.40000,coast,-9.83000,20968.00000,10254.37000,91.39000,4.11000
38.41000,coast,-9.83000,20964.00000,10255.58000,91.30000,4.11000
38.42000,coast,-9.83000,20954.00000,10258.60000,91.20000,4.09000
38.43000,coast,-9.83000,20961.00000,10256.48000,91.10000,4.09000
38.44000,coast,-9.83000,20954.00000,10258.60000,91.00000,4.09000
38.45000,coast,-9.84000,20951.00000,10259.51000,90.90000,4.09000
38.46000,coast,-9.84000,20949.00000,10260.12000,90.81000,4.09000
38.47000,coast,-9.84000,20944.00000,10261.63000,90.71000,4.09000
38.48000,coast,-9.84000,20943.00000,10261.93000,90.61000,4.09000
38.49000,coast,-9.85000,20937.00000,10263.75000,90.51000,4.09000
38.50000,coast,-9.85000,20939.00000,10263.14000,90.41000,4.12000
38.51000,coast,-9.85000,20939.00000,10263.14000,90.31000,4.11000
38.52000,coast,-9.86000,20929.00000,10266.17000,90.21000,4.09000
38.53000,coast,-9.86000,20925.00000,10267.38000,90.12000,4.09000
38.54000,coast,-9.86000,20926.00000,10267.08000,90.02000,4.09000
38.55000,coast,-9.87000,20922.00000,10268.29000,89.92000,4.09000
38.56000,coast,-9.87000,20921.00000,10268.60000,89.82000,4.09000
38.57000,coast,-9.87000,20911.00000,10271.63000,89.72000,4.09000
38.58000,coast,-9.88000,20905.00000,10273.45000,89.62000,4.09000
38.59000,coast,-9.88000,20902.00000,10274.36000,89.52000,4.09000
38.60000,coast,-9.88000,20906.00000,10273.15000,89.43000,4.09000
38.61000,coast,-9.89000,20906.00000,10273.15000,89.33000,4.11000
38.62000,coast,-9.89000,20906.00000,10273.15000,89.23000,4.09000
38.63000,coast,-9.89000,20901.00000,10274.66000,89.13000,4.09000
38.64000,coast,-9.90000,20893.00000,10277.09000,89.03000,4.09000
38.65000,coast,-9.90000,20890.00000,10278.00000,88.93000,4.09000
38.66000,coast,-9.90000,20888.00000,10278.61000,88.83000,4.11000
38.67000,coast,-9.91000,20882.00000,10280.43000,88.73000,4.09000
38.68000,coast,-9.91000,20883.00000,10280.13000,88.64000,4.09000
38.69000,coast,-9.92000,20880.00000,10281.04000,88.54000,4.09000
38.70000,coast,-9.92000,20873.00000,10283.16000,88.44000,4.09000
38.71000,coast,-9.93000,20873.00000,10283.16000,88.34000,4.09000
38.72000,coast,-9.93000,20867.00000,10284.99000,88.24000,4.11000
38.73000,coast,-9.94000,20867.00000,10284.99000,88.14000,4.11000
38.74000,coast,-9.94000,20866.00000,10285.29000,88.04000,4.09000
38.75000,coast,-9.95000,20856.00000,10288.33000,87.94000,4.09000
38.76000,coast,-9.95000,20862.00000,10286.51000,87.85000,4.09000
38.77000,coast,-9.96000,20864.00000,10285.90000,87.74000,4.09000
38.78000,coast,-9.96000,20855.00000,10288.63000,87.64000,4.09000
38.79000,coast,-9.97000,20846.00000,10291.37000,87.55000,4.09000
38.80000,coast,-9.97000,20845.00000,10291.68000,87.45000,4.09000
38.81000,coast,-9.98000,20844.00000,10291.98000,87.35000,4.09000
38.82000,coast,-9.98000,20845.00000,10291.68000,87.25000,4.09000
38.83000,coast,-9.99000,20838.00000,10293.81000,87.15000,4.11000
38.84000,coast,-9.99000,20838.00000,10293.81000,87.05000,4.11000
38.85000,coast,-10.00000,20830.00000,10296.24000,86.95000,4.09000
38.86000,coast,-10.00000,20827.00000,10297.15000,86.85000,4.09000
38.87000,coast,-10.01000,20827.00000,10297.15000,86.75000,4.09000
38.88000,coast,-10.01000,20825.00000,10297.76000,86.65000,4.09000
38.89000,coast,-10.02000,20824.00000,10298.07000,86.55000,4.11000
38.90000,coast,-10.03000,20822.00000,10298.68000,86.45000,4.09000
38.91000,coast,-10.03000,20821.00000,10298.98000,86.35000,4.09000
38.92000,coast,-10.04000,20816.00000,10300.50000,86.25000,4.09000
38.93000,coast,-10.04000,20811.00000,10302.03000,86.15000,4.09000
38.94000,coast,-10.05000,20811.00000,10302.03000,86.05000,4.12000
38.95000,coast,-10.05000,20811.00000,10302.03000,85.95000,4.09000
38.96000,coast,-10.06000,20802.00000,10304.77000,85.85000,4.09000
38.97000,coast,-10.06000,20795.00000,10306.91000,85.75000,4.09000
38.98000,coast,-10.07000,20797.00000,10306.30000,85.64000,4.09000
38.99000,coast,-10.08000,20796.00000,10306.60000,85.54000,4.09000
39.00000,coast,-10.08000,20792.00000,10307.82000,85.44000,4.09000
39.01000,coast,-10.09000,20789.00000,10308.74000,85.34000,4.09000
39.02000,coast,-10.09000,20790.00000,10308.43000,85.24000,4.09000
39.03000,coast,-10.10000,20784.00000,10310.26000,85.14000,4.09000
39.04000,coast,-10.10000,20780.00000,10311.48000,85.04000,4.09000
39.05000,coast,-10.11000,20781.00000,10311.18000,84.94000,4.12000
39.06000,coast,-10.11000,20781.00000,10311.18000,84.84000,4.11000
39.07000,coast,-10.12000,20773.00000,10313.62000,84.74000,4.11000
39.08000,coast,-10.12000,20764.00000,10316.37000,84.63000,4.09000
39.09000,coast,-10.13000,20763.00000,10316.67000,84.53000,4.09000
39.10000,coast,-10.13000,20767.00000,10315.45000,84.43000,4.09000
39.11000,coast,-10.13000,20758.00000,10318.20000,84.33000,4.11000
39.12000,coast,-10.14000,20759.00000,10317.89000,84.23000,4.09000
39.13000,coast,-10.14000,20755.00000,10319.12000,84.13000,4.09000
39.14000,coast,-10.15000,20757.00000,10318.50000,84.02000,4.09000
39.15000,coast,-10.15000,20746.00000,10321.87000,83.92000,4.09000
39.16000,coast,-10.16000,20746.00000,10321.87000,83.82000,4.11000
39.17000,coast,-10.16000,20746.00000,10321.87000,83.72000,4.11000
39.18000,coast,-10.16000,20743.00000,10322.78000,83.62000,4.09000
39.19000,coast,-10.17000,20742.00000,10323.09000,83.51000,4.09000
39.20000,coast,-10.17000,20737.00000,10324.62000,83.41000,4.09000
39.21000,coast,-10.17000,20727.00000,10327.68000,83.31000,4.09000
39.22000,coast,-10.18000,20734.00000,10325.54000,83.21000,4.09000
39.23000,coast,-10.18000,20727.00000,10327.68000,83.11000,4.09000
39.24000,coast,-10.18000,20724.00000,10328.59000,83.00000,4.09000
39.25000,coast,-10.19000,20721.00000,10329.51000,82.90000,4.09000
39.26000,coast,-10.19000,20721.00000,10329.51000,82.80000,4.09000
39.27000,coast,-10.19000,20715.00000,10331.35000,82.70000,4.12000
39.28000,coast,-10.19000,20715.00000,10331.35000,82.60000,4.11000
39.29000,coast,-10.20000,20714.00000,10331.66000,82.49000,4.09000
39.30000,coast,-10.20000,20712.00000,10332.27000,82.39000,4.09000
39.31000,coast,-10.20000,20710.00000,10332.88000,82.29000,4.09000
39.32000,coast,-10.20000,20700.00000,10335.94000,82.19000,4.09000
39.33000,coast,-10.21000,20700.00000,10335.94000,82.09000,4.09000
39.34000,coast,-10.21000,20696.00000,10337.17000,81.98000,4.09000
39.35000,coast,-10.21000,20695.00000,10337.48000,81.88000,4.09000
39.36000,coast,-10.21000,20699.00000,10336.25000,81.78000,4.09000
39.37000,coast,-10.21000,20683.00000,10341.15000,81.68000,4.09000
39.38000,coast,-10.22000,20683.00000,10341.15000,81.58000,4.12000
39.39000,coast,-10.22000,20683.00000,10341.15000,81.47000,4.11000
39.40000,coast,-10.22000,20685.00000,10340.54000,81.37000,4.09000
39.41000,coast,-10.22000,20678.00000,10342.69000,81.27000,4.09000
39.42000,coast,-10.22000,20676.00000,10343.30000,81.17000,4.09000
39.43000,coast,-10.22000,20679.00000,10342.38000,81.06000,4.09000
39.44000,coast,-10.22000,20676.00000,10343.30000,80.96000,4.09000
39.45000,coast,-10.23000,20673.00000,10344.22000,80.86000,4.09000
39.46000,coast,-10.23000,20670.00000,10345.14000,80.76000,4.09000
39.47000,coast,-10.23000,20660.00000,10348.21000,80.65000,4.09000
39.48000,coast,-10.23000,20659.00000,10348.52000,80.55000,4.09000
39.49000,coast,-10.23000,20660.00000,10348.21000,80.45000,4.11000
39.50000,coast,-10.23000,20660.00000,10348.21000,80.35000,4.09000
39.51000,coast,-10.23000,20649.00000,10351.59000,80.24000,4.09000
39.52000,coast,-10.23000,20648.00000,10351.89000,80.14000,4.09000
39.53000,coast,-10.23000,20647.00000,10352.20000,80.04000,4.09000
39.54000,coast,-10.23000,20643.00000,10353.43000,79.93000,4.09000
39.55000,coast,-10.23000,20644.00000,10353.12000,79.83000,4.09000
39.56000,coast,-10.23000,20642.00000,10353.74000,79.73000,4.09000
39.57000,coast,-10.23000,20631.00000,10357.12000,79.63000,4.09000
39.58000,coast,-10.23000,20634.00000,10356.20000,79.53000,4.09000
39.59000,coast,-10.23000,20633.00000,10356.50000,79.42000,4.09000
39.60000,coast,-10.23000,20631.00000,10357.12000,79.32000,4.11000
39.61000,coast,-10.23000,20631.00000,10357.12000,79.22000,4.11000
39.62000,coast,-10.23000,20624.00000,10359.27000,79.12000,4.09000
39.63000,coast,-10.23000,20621.00000,10360.19000,79.01000,4.09000
39.64000,coast,-10.23000,20614.00000,10362.34000,78.91000,4.09000
39.65000,coast,-10.23000,20613.00000,10362.65000,78.81000,4.09000
39.66000,coast,-10.23000,20608.00000,10364.19000,78.71000,4.09000
39.67000,coast,-10.23000,20609.00000,10363.88000,78.61000,4.09000
39.68000,coast,-10.23000,20615.00000,10362.04000,78.50000,4.09000
39.69000,coast,-10.23000,20603.00000,10365.73000,78.40000,4.09000
39.70000,coast,-10.23000,20601.00000,10366.35000,78.30000,4.09000
39.71000,coast,-10.23000,20598.00000,10367.27000,78.20000,4.11000
39.72000,coast,-10.23000,20598.00000,10367.27000,78.09000,4.11000
39.73000,coast,-10.23000,20596.00000,10367.88000,77.99000,4.09000
39.74000,coast,-10.23000,20598.00000,10367.27000,77.89000,4.09000
39.75000,coast,-10.23000,20591.00000,10369.42000,77.79000,4.09000
39.76000,coast,-10.22000,20585.00000,10371.27000,77.69000,4.09000
39.77000,coast,-10.22000,20587.00000,10370.66000,77.58000,4.09000
39.78000,coast,-10.22000,20585.00000,10371.27000,77.48000,4.09000
39.79000,coast,-10.22000,20582.00000,10372.20000,77.38000,4.09000
39.80000,coast,-10.22000,20574.00000,10374.66000,77.28000,4.09000
39.81000,coast,-10.22000,20577.00000,10373.74000,77.17000,4.09000
39.82000,coast,-10.22000,20567.00000,10376.82000,77.07000,4.11000
39.83000,coast,-10.22000,20567.00000,10376.82000,76.97000,4.11000
39.84000,coast,-10.21000,20569.00000,10376.20000,76.86000,4.09000
39.85000,coast,-10.21000,20560.00000,10378.98000,76.76000,4.09000
39.86000,coast,-10.21000,20564.00000,10377.75000,76.66000,4.09000
39.87000,coast,-10.21000,20562.00000,10378.36000,76.56000,4.09000
39.88000,coast,-10.21000,20556.00000,10380.21000,76.45000,4.11000
39.89000,coast,-10.21000,20554.00000,10380.83000,76.35000,4.09000
39.90000,coast,-10.20000,20552.00000,10381.45000,76.25000,4.09000
39.91000,coast,-10.20000,20551.00000,10381.76000,76.15000,4.09000
39.92000,coast,-10.20000,20550.00000,10382.06000,76.05000,4.09000
39.93000,coast,-10.20000,20549.00000,10382.37000,75.95000,4.11000
39.94000,coast,-10.20000,20549.00000,10382.37000,75.84000,4.11000
39.95000,coast,-10.19000,20544.00000,10383.92000,75.74000,4.09000
39.96000,coast,-10.19000,20540.00000,10385.15000,75.64000,4.09000
39.97000,coast,-10.19000,20536.00000,10386.39000,75.54000,4.09000
39.98000,coast,-10.19000,20535.00000,10386.69000,75.43000,4.09000
39.99000,coast,-10.18000,20524.00000,10390.09000,75.33000,4.09000
40.00000,coast,-10.18000,20533.00000,10387.31000,75.23000,4.09000
40.01000,coast,-10.18000,20527.00000,10389.17000,75.13000,4.09000
40.02000,coast,-10.18000,20522.00000,10390.71000,75.03000,4.09000
40.03000,coast,-10.17000,20521.00000,10391.02000,74.93000,4.09000
40.04000,coast,-10.17000,20520.00000,10391.33000,74.82000,4.11000
40.05000,coast,-10.17000,20520.00000,10391.33000,74.72000,4.11000
40.06000,coast,-10.17000,20519.00000,10391.64000,74.62000,4.09000
40.07000,coast,-10.17000,20511.00000,10394.11000,74.52000,4.09000
40.08000,coast,-10.16000,20513.00000,10393.49000,74.42000,4.09000
40.09000,coast,-10.16000,20512.00000,10393.80000,74.32000,4.09000
40.10000,coast,-10.16000,20502.00000,10396.89000,74.21000,4.09000
40.11000,coast,-10.15000,20506.00000,10395.66000,74.11000,4.09000
40.12000,coast,-10.15000,20504.00000,10396.28000,74.01000,4.09000
40.13000,coast,-10.15000,20498.00000,10398.13000,73.91000,4.09000
40.14000,coast,-10.15000,20491.00000,10400.30000,73.81000,4.09000
40.15000,coast,-10.14000,20489.00000,10400.92000,73.71000,4.11000
40.16000,coast,-10.14000,20489.00000,10400.92000,73.61000,4.11000
40.17000,coast,-10.14000,20487.00000,10401.54000,73.50000,4.11000
40.18000,coast,-10.14000,20489.00000,10400.92000,73.40000,4.09000
40.19000,coast,-10.13000,20483.00000,10402.77000,73.30000,4.09000
40.20000,coast,-10.13000,20477.00000,10404.63000,73.20000,4.09000
40.21000,coast,-10.13000,20481.00000,10403.39000,73.10000,4.09000
40.22000,coast,-10.12000,20475.00000,10405.25000,73.00000,4.09000
40.23000,coast,-10.12000,20476.00000,10404.94000,72.90000,4.09000
40.24000,coast,-10.12000,20474.00000,10405.56000,72.80000,4.09000
40.25000,coast,-10.12000,20464.00000,10408.66000,72.69000,4.09000
40.26000,coast,-10.11000,20468.00000,10407.42000,72.59000,4.11000
40.27000,coast,-10.11000,20468.00000,10407.42000,72.49000,4.11000
40.28000,coast,-10.11000,20465.00000,10408.35000,72.39000,4.09000
40.29000,coast,-10.10000,20459.00000,10410.21000,72.29000,4.09000
40.30000,coast,-10.10000,20459.00000,10410.21000,72.19000,4.09000
40.31000,coast,-10.10000,20455.00000,10411.45000,72.09000,4.09000
40.32000,coast,-10.09000,20459.00000,10410.21000,71.99000,4.09000
40.33000,coast,-10.09000,20455.00000,10411.45000,71.88000,4.09000
40.34000,coast,-10.09000,20444.00000,10414.86000,71.78000,4.09000
40.35000,coast,-10.08000,20443.00000,10415.17000,71.68000,4.09000
40.36000,coast,-10.08000,20445.00000,10414.55000,71.58000,4.09000
40.37000,coast,-10.08000,20441.00000,10415.79000,71.48000,4.11000
40.38000,coast,-10.07000,20441.00000,10415.79000,71.38000,4.11000
40.39000,coast,-10.07000,20439.00000,10416.41000,71.28000,4.09000
40.40000,coast,-10.07000,20438.00000,10416.72000,71.18000,4.09000
40.41000,coast,-10.06000,20435.00000,10417.65000,71.08000,4.09000
40.42000,coast,-10.06000,20429.00000,10419.51000,70.98000,4.09000
40.43000,coast,-10.06000,20428.00000,10419.82000,70.88000,4.09000
40.44000,coast,-10.05000,20421.00000,10422.00000,70.78000,4.09000
40.45000,coast,-10.05000,20426.00000,10420.45000,70.68000,4.09000
40.46000,coast,-10.04000,20417.00000,10423.24000,70.58000,4.09000
40.47000,coast,-10.04000,20414.00000,10424.17000,70.47000,4.09000
40.48000,coast,-10.04000,20423.00000,10421.38000,70.37000,4.11000
40.49000,coast,-10.03000,20423.00000,10421.38000,70.27000,4.11000
40.50000,coast,-10.03000,20409.00000,10425.73000,70.17000,4.09000
40.51000,coast,-10.02000,20411.00000,10425.10000,70.07000,4.09000
40.52000,coast,-10.02000,20404.00000,10427.28000,69.97000,4.09000
40.53000,coast,-10.02000,20406.00000,10426.66000,69.87000,4.09000
40.54000,coast,-10.01000,20403.00000,10427.59000,69.77000,4.09000
40.55000,coast,-10.01000,20397.00000,10429.46000,69.67000,4.09000
40.56000,coast,-10.00000,20396.00000,10429.77000,69.57000,4.09000
40.57000,coast,-10.00000,20396.00000,10429.77000,69.47000,4.09000
40.58000,coast,-10.00000,20395.00000,10430.08000,69.37000,4.09000
40.59000,coast,-9.99000,20388.00000,10432.25000,69.27000,4.11000
40.60000,coast,-9.99000,20388.00000,10432.25000,69.17000,4.11000
40.61000,coast,-9.98000,20391.00000,10431.32000,69.07000,4.09000
40.62000,coast,-9.98000,20385.00000,10433.19000,68.97000,4.09000
40.63000,coast,-9.97000,20382.00000,10434.12000,68.87000,4.09000
40.64000,coast,-9.97000,20375.00000,10436.30000,68.77000,4.09000
40.65000,coast,-9.97000,20378.00000,10435.37000,68.67000,4.11000
40.66000,coast,-9.96000,20371.00000,10437.54000,68.57000,4.09000
40.67000,coast,-9.96000,20374.00000,10436.61000,68.47000,4.09000
40.68000,coast,-9.96000,20367.00000,10438.79000,68.37000,4.09000
40.69000,coast,-9.95000,20371.00000,10437.54000,68.27000,4.09000
40.70000,coast,-9.95000,20367.00000,10438.79000,68.17000,4.11000
40.71000,coast,-9.94000,20367.00000,10438.79000,68.07000,4.11000
40.72000,coast,-9.94000,20360.00000,10440.97000,67.98000,4.09000
40.73000,coast,-9.94000,20359.00000,10441.28000,67.88000,4.09000
40.74000,coast,-9.93000,20354.00000,10442.84000,67.78000,4.09000
40.75000,coast,-9.93000,20355.00000,10442.53000,67.68000,4.09000
40.76000,coast,-9.93000,20351.00000,10443.77000,67.58000,4.09000
40.77000,coast,-9.92000,20355.00000,10442.53000,67.48000,4.09000
40.78000,coast,-9.92000,20353.00000,10443.15000,67.38000,4.09000
40.79000,coast,-9.92000,20348.00000,10444.71000,67.28000,4.09000
40.80000,coast,-9.91000,20342.00000,10446.58000,67.18000,4.09000
40.81000,coast,-9.91000,20343.00000,10446.27000,67.08000,4.11000
40.82000,coast,-9.91000,20343.00000,10446.27000,66.99000,4.11000
40.83000,coast,-9.90000,20347.00000,10445.02000,66.89000,4.09000
40.84000,coast,-9.90000,20336.00000,10448.45000,66.79000,4.09000
40.85000,coast,-9.90000,20333.00000,10449.39000,66.69000,4.09000
40.86000,coast,-9.89000,20328.00000,10450.94000,66.59000,4.09000
40.87000,coast,-9.89000,20332.00000,10449.70000,66.49000,4.09000
40.88000,coast,-9.89000,20330.00000,10450.32000,66.39000,4.09000
40.89000,coast,-9.89000,20328.00000,10450.94000,66.30000,4.09000
40.90000,coast,-9.88000,20326.00000,10451.57000,66.20000,4.09000
40.91000,coast,-9.88000,20322.00000,10452.82000,66.10000,4.09000
40.92000,coast,-9.88000,20323.00000,10452.50000,66.00000,4.11000
40.93000,coast,-9.87000,20323.00000,10452.50000,65.90000,4.11000
40.94000,coast,-9.87000,20318.00000,10454.07000,65.80000,4.09000
40.95000,coast,-9.87000,20315.00000,10455.00000,65.70000,4.09000
40.96000,coast,-9.87000,20310.00000,10456.56000,65.60000,4.09000
40.97000,coast,-9.86000,20314.00000,10455.31000,65.50000,4.09000
40.98000,coast,-9.86000,20309.00000,10456.87000,65.41000,4.09000
40.99000,coast,-9.86000,20309.00000,10456.87000,65.31000,4.09000
41.00000,coast,-9.86000,20308.00000,10457.19000,65.21000,4.09000
41.01000,coast,-9.86000,20305.00000,10458.12000,65.11000,4.09000
41.02000,coast,-9.85000,20296.00000,10460.94000,65.01000,4.09000
41.03000,coast,-9.85000,20295.00000,10461.25000,64.91000,4.12000
41.04000,coast,-9.85000,20295.00000,10461.25000,64.81000,4.11000
41.05000,coast,-9.85000,20293.00000,10461.87000,64.71000,4.09000
41.06000,coast,-9.84000,20291.00000,10462.50000,64.62000,4.09000
41.07000,coast,-9.84000,20291.00000,10462.50000,64.52000,4.09000
41.08000,coast,-9.84000,20291.00000,10462.50000,64.42000,4.09000
41.09000,coast,-9.84000,20284.00000,10464.69000,64.32000,4.09000
41.10000,coast,-9.84000,20285.00000,10464.37000,64.22000,4.09000
41.11000,coast,-9.84000,20282.00000,10465.31000,64.12000,4.09000
41.12000,coast,-9.83000,20281.00000,10465.62000,64.03000,4.09000
41.13000,coast,-9.83000,20277.00000,10466.88000,63.93000,4.09000
41.14000,coast,-9.83000,20279.00000,10466.25000,63.83000,4.12000
41.15000,coast,-9.83000,20279.00000,10466.25000,63.73000,4.11000
41.16000,coast,-9.83000,20277.00000,10466.88000,63.63000,4.09000
41.17000,coast,-9.82000,20267.00000,10470.00000,63.53000,4.09000
41.18000,coast,-9.82000,20268.00000,10469.69000,63.44000,4.09000
41.19000,coast,-9.82000,20265.00000,10470.63000,63.34000,4.09000
41.20000,coast,-9.82000,20259.00000,10472.51000,63.24000,4.09000
41.21000,coast,-9.82000,20258.00000,10472.82000,63.14000,4.09000
41.22000,coast,-9.82000,20259.00000,10472.51000,63.04000,4.09000
41.23000,coast,-9.82000,20257.00000,10473.13000,62.95000,4.09000
41.24000,coast,-9.81000,20251.00000,10475.01000,62.85000,4.09000
41.25000,coast,-9.81000,20251.00000,10475.01000,62.75000,4.11000
41.26000,coast,-9.81000,20251.00000,10475.01000,62.65000,4.09000
41.27000,coast,-9.81000,20253.00000,10474.39000,62.55000,4.09000
41.28000,coast,-9.81000,20248.00000,10475.95000,62.46000,4.09000
41.29000,coast,-9.81000,20242.00000,10477.83000,62.36000,4.09000
41.30000,coast,-9.81000,20244.00000,10477.20000,62.26000,4.09000
41.31000,coast,-9.81000,20238.00000,10479.08000,62.16000,4.09000
41.32000,coast,-9.81000,20233.00000,10480.65000,62.06000,4.09000
41.33000,coast,-9.81000,20233.00000,10480.65000,61.97000,4.09000
41.34000,coast,-9.80000,20234.00000,10480.34000,61.87000,4.09000
41.35000,coast,-9.80000,20231.00000,10481.28000,61.77000,4.09000
41.36000,coast,-9.80000,20231.00000,10481.28000,61.67000,4.11000
41.37000,coast,-9.80000,20231.00000,10481.28000,61.58000,4.11000
41.38000,coast,-9.80000,20228.00000,10482.22000,61.48000,4.09000
41.39000,coast,-9.80000,20222.00000,10484.10000,61.38000,4.09000
41.40000,coast,-9.80000,20226.00000,10482.85000,61.28000,4.09000
41.41000,coast,-9.80000,20222.00000,10484.10000,61.19000,4.09000
41.42000,coast,-9.80000,20217.00000,10485.67000,61.09000,4.09000
41.43000,coast,-9.80000,20214.00000,10486.61000,60.99000,4.09000
41.44000,coast,-9.80000,20215.00000,10486.30000,60.89000,4.09000
41.45000,coast,-9.80000,20213.00000,10486.92000,60.79000,4.09000
41.46000,coast,-9.80000,20213.00000,10486.92000,60.69000,4.09000
41.47000,coast,-9.80000,20209.00000,10488.18000,60.59000,4.12000
41.48000,coast,-9.80000,20209.00000,10488.18000,60.50000,4.11000
41.49000,coast,-9.80000,20202.00000,10490.37000,60.40000,4.09000
41.50000,coast,-9.80000,20204.00000,10489.75000,60.30000,4.09000
41.51000,coast,-9.80000,20200.00000,10491.00000,60.20000,4.09000
41.52000,coast,-9.80000,20198.00000,10491.63000,60.11000,4.09000
41.53000,coast,-9.80000,20199.00000,10491.32000,60.01000,4.09000
41.54000,coast,-9.80000,20192.00000,10493.51000,59.91000,4.11000
41.55000,coast,-9.80000,20192.00000,10493.51000,59.81000,4.09000
41.56000,coast,-9.81000,20189.00000,10494.46000,59.71000,4.09000
41.57000,coast,-9.81000,20188.00000,10494.77000,59.62000,4.09000
41.58000,coast,-9.81000,20191.00000,10493.83000,59.52000,4.11000
41.59000,coast,-9.81000,20191.00000,10493.83000,59.42000,4.11000
41.60000,coast,-9.81000,20179.00000,10497.60000,59.32000,4.09000
41.61000,coast,-9.81000,20180.00000,10497.28000,59.22000,4.09000
41.62000,coast,-9.81000,20181.00000,10496.97000,59.13000,4.09000
41.63000,coast,-9.81000,20174.00000,10499.17000,59.03000,4.09000
41.64000,coast,-9.81000,20177.00000,10498.23000,58.93000,4.09000
41.65000,coast,-9.82000,20177.00000,10498.23000,58.83000,4.09000
41.66000,coast,-9.82000,20173.00000,10499.48000,58.74000,4.09000
41.67000,coast,-9.82000,20173.00000,10499.48000,58.64000,4.09000
41.68000,coast,-9.82000,20169.00000,10500.74000,58.54000,4.09000
41.69000,coast,-9.82000,20164.00000,10502.31000,58.44000,4.11000
41.70000,coast,-9.82000,20164.00000,10502.31000,58.34000,4.11000
41.71000,coast,-9.83000,20163.00000,10502.63000,58.24000,4.09000
41.72000,coast,-9.83000,20163.00000,10502.63000,58.15000,4.09000
41.73000,coast,-9.83000,20156.00000,10504.83000,58.05000,4.09000
41.74000,coast,-9.83000,20156.00000,10504.83000,57.95000,4.09000
41.75000,coast,-9.83000,20155.00000,10505.15000,57.85000,4.09000
41.76000,coast,-9.84000,20154.00000,10505.46000,57.75000,4.09000
41.77000,coast,-9.84000,20151.00000,10506.40000,57.65000,4.09000
41.78000,coast,-9.84000,20151.00000,10506.40000,57.56000,4.09000
41.79000,coast,-9.84000,20154.00000,10505.46000,57.46000,4.09000
41.80000,coast,-9.84000,20144.00000,10508.61000,57.36000,4.11000
41.81000,coast,-9.85000,20144.00000,10508.61000,57.26000,4.09000
41.82000,coast,-9.85000,20144.00000,10508.61000,57.16000,4.09000
41.83000,coast,-9.85000,20145.00000,10508.29000,57.07000,4.09000
41.84000,coast,-9.85000,20138.00000,10510.50000,56.97000,4.09000
41.85000,coast,-9.86000,20141.00000,10509.55000,56.87000,4.09000
41.86000,coast,-9.86000,20136.00000,10511.13000,56.77000,4.09000
41.87000,coast,-9.86000,20129.00000,10513.33000,56.67000,4.09000
41.88000,coast,-9.86000,20134.00000,10511.76000,56.57000,4.09000
41.89000,coast,-9.87000,20129.00000,10513.33000,56.48000,4.09000
41.90000,coast,-9.87000,20123.00000,10515.22000,56.38000,4.09000
41.91000,coast,-9.87000,20124.00000,10514.91000,56.28000,4.12000
41.92000,coast,-9.87000,20124.00000,10514.91000,56.18000,4.11000
41.93000,coast,-9.88000,20127.00000,10513.96000,56.08000,4.09000
41.94000,coast,-9.88000,20128.00000,10513.65000,55.98000,4.09000
41.95000,coast,-9.88000,20119.00000,10516.48000,55.88000,4.09000
41.96000,coast,-9.88000,20117.00000,10517.11000,55.78000,4.09000
41.97000,coast,-9.89000,20118.00000,10516.80000,55.68000,4.09000
41.98000,coast,-9.89000,20117.00000,10517.11000,55.58000,4.09000
41.99000,coast,-9.89000,20116.00000,10517.43000,55.49000,4.09000
42.00000,coast,-9.89000,20109.00000,10519.64000,55.39000,4.09000
42.01000,coast,-9.89000,20107.00000,10520.27000,55.29000,4.09000
42.02000,coast,-9.90000,20106.00000,10520.58000,55.19000,4.11000
42.03000,coast,-9.90000,20106.00000,10520.58000,55.09000,4.11000
42.04000,coast,-9.90000,20107.00000,10520.27000,54.99000,4.09000
42.05000,coast,-9.90000,20104.00000,10521.21000,54.89000,4.09000
42.06000,coast,-9.91000,20103.00000,10521.53000,54.79000,4.09000
42.07000,coast,-9.91000,20097.00000,10523.42000,54.69000,4.09000
42.08000,coast,-9.91000,20099.00000,10522.79000,54.59000,4.09000
42.09000,coast,-9.91000,20093.00000,10524.68000,54.49000,4.09000
42.10000,coast,-9.91000,20093.00000,10524.68000,54.39000,4.09000
42.11000,coast,-9.91000,20089.00000,10525.95000,54.29000,4.09000
42.12000,coast,-9.92000,20089.00000,10525.95000,54.19000,4.09000
42.13000,coast,-9.92000,20087.00000,10526.58000,54.09000,4.12000
42.14000,coast,-9.92000,20087.00000,10526.58000,54.00000,4.11000
42.15000,coast,-9.92000,20084.00000,10527.52000,53.90000,4.09000
42.16000,coast,-9.92000,20090.00000,10525.63000,53.80000,4.09000
42.17000,coast,-9.92000,20082.00000,10528.16000,53.70000,4.09000
42.18000,coast,-9.93000,20078.00000,10529.42000,53.60000,4.09000
42.19000,coast,-9.93000,20081.00000,10528.47000,53.50000,4.09000
42.20000,coast,-9.93000,20073.00000,10531.00000,53.40000,4.09000
42.21000,coast,-9.93000,20073.00000,10531.00000,53.30000,4.09000
42.22000,coast,-9.93000,20074.00000,10530.68000,53.21000,4.09000
42.23000,coast,-9.93000,20064.00000,10533.84000,53.11000,4.09000
42.24000,coast,-9.93000,20070.00000,10531.95000,53.01000,4.11000
42.25000,coast,-9.94000,20070.00000,10531.95000,52.91000,4.11000
42.26000,coast,-9.94000,20073.00000,10531.00000,52.81000,4.09000
42.27000,coast,-9.94000,20060.00000,10535.11000,52.71000,4.09000
42.28000,coast,-9.94000,20063.00000,10534.16000,52.61000,4.09000
42.29000,coast,-9.94000,20061.00000,10534.79000,52.51000,4.09000
42.30000,coast,-9.94000,20057.00000,10536.06000,52.41000,4.09000
42.31000,coast,-9.94000,20057.00000,10536.06000,52.31000,4.09000
42.32000,coast,-9.94000,20057.00000,10536.06000,52.21000,4.09000
42.33000,coast,-9.95000,20057.00000,10536.06000,52.11000,4.09000
42.34000,coast,-9.95000,20053.00000,10537.32000,52.01000,4.09000
42.35000,coast,-9.95000,20055.00000,10536.69000,51.91000,4.11000
42.36000,coast,-9.95000,20055.00000,10536.69000,51.81000,4.11000
42.37000,coast,-9.95000,20048.00000,10538.90000,51.71000,4.09000
42.38000,coast,-9.95000,20047.00000,10539.22000,51.61000,4.09000
42.39000,coast,-9.95000,20046.00000,10539.53000,51.51000,4.09000
42.40000,coast,-9.95000,20040.00000,10541.43000,51.41000,4.09000
42.41000,coast,-9.95000,20042.00000,10540.80000,51.31000,4.09000
42.42000,coast,-9.96000,20037.00000,10542.38000,51.21000,4.09000
42.43000,coast,-9.96000,20036.00000,10542.70000,51.11000,4.09000
42.44000,coast,-9.96000,20037.00000,10542.38000,51.02000,4.09000
42.45000,coast,-9.96000,20037.00000,10542.38000,50.92000,4.09000
42.46000,coast,-9.96000,20036.00000,10542.70000,50.82000,4.11000
42.47000,coast,-9.96000,20036.00000,10542.70000,50.72000,4.11000
42.48000,coast,-9.96000,20030.00000,10544.60000,50.62000,4.09000
42.49000,coast,-9.96000,20037.00000,10542.38000,50.52000,4.09000
42.50000,coast,-9.97000,20028.00000,10545.23000,50.42000,4.09000
42.51000,coast,-9.97000,20032.00000,10543.97000,50.32000,4.09000
42.52000,coast,-9.97000,20025.00000,10546.18000,50.22000,4.09000
42.53000,coast,-9.97000,20022.00000,10547.13000,50.12000,4.09000
42.54000,coast,-9.97000,20022.00000,10547.13000,50.02000,4.09000
42.55000,coast,-9.97000,20019.00000,10548.08000,49.92000,4.09000
42.56000,coast,-9.97000,20020.00000,10547.77000,49.82000,4.09000
42.57000,coast,-9.98000,20014.00000,10549.67000,49.72000,4.11000
42.58000,coast,-9.98000,20014.00000,10549.67000,49.62000,4.11000
42.59000,coast,-9.98000,20015.00000,10549.35000,49.52000,4.09000
42.60000,coast,-9.98000,20013.00000,10549.98000,49.42000,4.09000
42.61000,coast,-9.98000,20008.00000,10551.57000,49.32000,4.09000
42.62000,coast,-9.98000,20006.00000,10552.20000,49.22000,4.09000
42.63000,coast,-9.98000,20006.00000,10552.20000,49.12000,4.09000
42.64000,coast,-9.99000,20005.00000,10552.52000,49.02000,4.09000
42.65000,coast,-9.99000,20002.00000,10553.47000,48.92000,4.09000
42.66000,coast,-9.99000,20001.00000,10553.79000,48.82000,4.09000
42.67000,coast,-9.99000,20001.00000,10553.79000,48.72000,4.09000
42.68000,coast,-9.99000,19999.00000,10554.42000,48.62000,4.11000
42.69000,coast,-9.99000,19999.00000,10554.42000,48.52000,4.09000
42.70000,coast,-9.99000,19995.00000,10555.69000,48.42000,4.09000
42.71000,coast,-10.00000,19995.00000,10555.69000,48.32000,4.09000
42.72000,coast,-10.00000,19994.00000,10556.01000,48.22000,4.09000
42.73000,coast,-10.00000,19992.00000,10556.64000,48.12000,4.09000
42.74000,coast,-10.00000,19987.00000,10558.23000,48.02000,4.09000
42.75000,coast,-10.00000,19988.00000,10557.91000,47.92000,4.09000
42.76000,coast,-10.00000,19985.00000,10558.86000,47.82000,4.09000
42.77000,coast,-10.00000,19982.00000,10559.81000,47.72000,4.09000
42.78000,coast,-10.00000,19983.00000,10559.50000,47.62000,4.09000
42.79000,coast,-10.01000,19979.00000,10560.77000,47.52000,4.12000
42.80000,coast,-10.01000,19979.00000,10560.77000,47.42000,4.11000
42.81000,coast,-10.01000,19979.00000,10560.77000,47.32000,4.09000
42.82000,coast,-10.01000,19974.00000,10562.35000,47.22000,4.11000
42.83000,coast,-10.01000,19971.00000,10563.31000,47.12000,4.09000
42.84000,coast,-10.01000,19974.00000,10562.35000,47.02000,4.09000
42.85000,coast,-10.01000,19972.00000,10562.99000,46.92000,4.09000
42.86000,coast,-10.01000,19967.00000,10564.58000,46.82000,4.09000
42.87000,coast,-10.01000,19973.00000,10562.67000,46.72000,4.09000
42.88000,coast,-10.01000,19974.00000,10562.35000,46.62000,4.09000
42.89000,coast,-10.01000,19963.00000,10565.85000,46.52000,4.09000
42.90000,coast,-10.01000,19966.00000,10564.89000,46.42000,4.12000
42.91000,coast,-10.01000,19966.00000,10564.89000,46.32000,4.11000
42.92000,coast,-10.01000,19965.00000,10565.21000,46.22000,4.09000
42.93000,coast,-10.02000,19958.00000,10567.44000,46.12000,4.09000
42.94000,coast,-10.02000,19963.00000,10565.85000,46.02000,4.09000
42.95000,coast,-10.02000,19959.00000,10567.12000,45.92000,4.09000
42.96000,coast,-10.02000,19960.00000,10566.80000,45.82000,4.09000
42.97000,coast,-10.02000,19949.00000,10570.30000,45.72000,4.09000
42.98000,coast,-10.02000,19954.00000,10568.71000,45.62000,4.09000
42.99000,coast,-10.02000,19957.00000,10567.75000,45.52000,4.09000
43.00000,coast,-10.02000,19951.00000,10569.66000,45.42000,4.09000
43.01000,coast,-10.02000,19951.00000,10569.66000,45.32000,4.11000
43.02000,coast,-10.02000,19951.00000,10569.66000,45.22000,4.11000
43.03000,coast,-10.02000,19941.00000,10572.84000,45.12000,4.09000
43.04000,coast,-10.01000,19950.00000,10569.98000,45.02000,4.09000
43.05000,coast,-10.01000,19943.00000,10572.20000,44.92000,4.09000
43.06000,coast,-10.01000,19940.00000,10573.16000,44.82000,4.09000
43.07000,coast,-10.01000,19946.00000,10571.25000,44.72000,4.09000
43.08000,coast,-10.01000,19942.00000,10572.52000,44.62000,4.09000
43.09000,coast,-10.01000,19944.00000,10571.89000,44.52000,4.09000
43.10000,coast,-10.01000,19938.00000,10573.79000,44.42000,4.09000
43.11000,coast,-10.01000,19935.00000,10574.75000,44.32000,4.09000
43.12000,coast,-10.01000,19934.00000,10575.07000,44.22000,4.11000
43.13000,coast,-10.01000,19934.00000,10575.07000,44.12000,4.11000
43.14000,coast,-10.01000,19935.00000,10574.75000,44.01000,4.09000
43.15000,coast,-10.01000,19931.00000,10576.02000,43.91000,4.09000
43.16000,coast,-10.01000,19927.00000,10577.29000,43.81000,4.09000
43.17000,coast,-10.01000,19929.00000,10576.66000,43.71000,4.09000
43.18000,coast,-10.01000,19925.00000,10577.93000,43.61000,4.09000
43.19000,coast,-10.01000,19919.00000,10579.84000,43.51000,4.09000
43.20000,coast,-10.01000,19926.00000,10577.61000,43.41000,4.09000
43.21000,coast,-10.01000,19923.00000,10578.57000,43.31000,4.09000
43.22000,coast,-10.00000,19923.00000,10578.57000,43.21000,4.09000
43.23000,coast,-10.00000,19916.00000,10580.79000,43.11000,4.11000
43.24000,coast,-10.00000,19916.00000,10580.79000,43.01000,4.11000
43.25000,coast,-10.00000,19923.00000,10578.57000,42.92000,4.09000
43.26000,coast,-10.00000,19916.00000,10580.79000,42.82000,4.09000
43.27000,coast,-10.00000,19919.00000,10579.84000,42.71000,4.09000
43.28000,coast,-10.00000,19916.00000,10580.79000,42.61000,4.09000
43.29000,coast,-10.00000,19913.00000,10581.75000,42.51000,4.09000
43.30000,coast,-10.00000,19912.00000,10582.07000,42.41000,4.09000
43.31000,coast,-10.00000,19905.00000,10584.30000,42.31000,4.09000
43.32000,coast,-10.00000,19906.00000,10583.98000,42.21000,4.09000
43.33000,coast,-10.00000,19903.00000,10584.94000,42.11000,4.09000
43.34000,coast,-10.00000,19902.00000,10585.25000,42.02000,4.11000
43.35000,coast,-10.00000,19902.00000,10585.25000,41.91000,4.11000
43.36000,coast,-10.00000,19903.00000,10584.94000,41.81000,4.09000
43.37000,coast,-9.99000,19897.00000,10586.85000,41.71000,4.09000
43.38000,coast,-9.99000,19901.00000,10585.57000,41.62000,4.09000
43.39000,coast,-9.99000,19901.00000,10585.57000,41.52000,4.09000
43.40000,coast,-9.99000,19895.00000,10587.49000,41.42000,4.09000
43.41000,coast,-9.99000,19894.00000,10587.80000,41.32000,4.09000
43.42000,coast,-9.99000,19897.00000,10586.85000,41.21000,4.09000
43.43000,coast,-9.99000,19893.00000,10588.12000,41.11000,4.09000
43.44000,coast,-9.99000,19891.00000,10588.76000,41.01000,4.09000
43.45000,coast,-9.99000,19892.00000,10588.44000,40.91000,4.11000
43.46000,coast,-9.99000,19892.00000,10588.44000,40.81000,4.11000
43.47000,coast,-9.99000,19891.00000,10588.76000,40.71000,4.09000
43.48000,coast,-9.99000,19885.00000,10590.67000,40.61000,4.09000
43.49000,coast,-9.99000,19886.00000,10590.35000,40.52000,4.09000
43.50000,coast,-9.99000,19880.00000,10592.27000,40.42000,4.11000
43.51000,coast,-9.99000,19882.00000,10591.63000,40.32000,4.09000
43.52000,coast,-9.99000,19880.00000,10592.27000,40.22000,4.09000
43.53000,coast,-9.99000,19881.00000,10591.95000,40.12000,4.09000
43.54000,coast,-9.99000,19880.00000,10592.27000,40.02000,4.09000
43.55000,coast,-9.99000,19875.00000,10593.86000,39.92000,4.09000
43.56000,coast,-9.99000,19879.00000,10592.59000,39.82000,4.11000
43.57000,coast,-9.99000,19879.00000,10592.59000,39.72000,4.11000
43.58000,coast,-9.99000,19874.00000,10594.18000,39.62000,4.09000
43.59000,coast,-9.99000,19875.00000,10593.86000,39.52000,4.09000
43.60000,coast,-9.99000,19873.00000,10594.50000,39.42000,4.09000
43.61000,coast,-9.99000,19869.00000,10595.78000,39.32000,4.09000
43.62000,coast,-9.99000,19864.00000,10597.37000,39.22000,4.09000
43.63000,coast,-9.99000,19869.00000,10595.78000,39.12000,4.09000
43.64000,coast,-9.99000,19865.00000,10597.05000,39.02000,4.09000
43.65000,coast,-9.99000,19865.00000,10597.05000,38.92000,4.09000
43.66000,coast,-9.99000,19868.00000,10596.10000,38.82000,4.09000
43.67000,coast,-9.99000,19864.00000,10597.37000,38.72000,4.11000
43.68000,coast,-9.99000,19864.00000,10597.37000,38.62000,4.11000
43.69000,coast,-9.99000,19860.00000,10598.65000,38.52000,4.09000
43.70000,coast,-9.99000,19861.00000,10598.33000,38.42000,4.09000
43.71000,coast,-9.99000,19857.00000,10599.61000,38.32000,4.09000
43.72000,coast,-9.99000,19859.00000,10598.97000,38.22000,4.09000
43.73000,coast,-9.99000,19854.00000,10600.57000,38.12000,4.09000
43.74000,coast,-9.99000,19850.00000,10601.85000,38.02000,4.09000
43.75000,coast,-9.99000,19855.00000,10600.25000,37.92000,4.09000
43.76000,coast,-9.99000,19845.00000,10603.44000,37.82000,4.09000
43.77000,coast,-9.99000,19856.00000,10599.93000,37.72000,4.09000
43.78000,coast,-9.99000,19850.00000,10601.85000,37.62000,4.11000
43.79000,coast,-9.99000,19850.00000,10601.85000,37.52000,4.11000
43.80000,coast,-9.99000,19848.00000,10602.48000,37.42000,4.09000
43.81000,coast,-9.99000,19845.00000,10603.44000,37.32000,4.09000
43.82000,coast,-9.99000,19843.00000,10604.08000,37.22000,4.09000
43.83000,coast,-9.99000,19845.00000,10603.44000,37.12000,4.09000
43.84000,coast,-9.99000,19840.00000,10605.04000,37.02000,4.09000
43.85000,coast,-9.99000,19842.00000,10604.40000,36.92000,4.09000
43.86000,coast,-9.99000,19843.00000,10604.08000,36.82000,4.09000
43.87000,coast,-9.99000,19838.00000,10605.68000,36.72000,4.09000
43.88000,coast,-9.99000,19841.00000,10604.72000,36.62000,4.09000
43.89000,coast,-9.99000,19831.00000,10607.92000,36.52000,4.11000
43.90000,coast,-9.99000,19831.00000,10607.92000,36.42000,4.09000
43.91000,coast,-9.99000,19837.00000,10606.00000,36.32000,4.09000
43.92000,coast,-9.98000,19834.00000,10606.96000,36.22000,4.09000
43.93000,coast,-9.98000,19836.00000,10606.32000,36.12000,4.09000
43.94000,coast,-9.98000,19834.00000,10606.96000,36.02000,4.09000
43.95000,coast,-9.98000,19830.00000,10608.24000,35.92000,4.09000
43.96000,coast,-9.98000,19829.00000,10608.56000,35.82000,4.09000
43.97000,coast,-9.98000,19826.00000,10609.52000,35.72000,4.09000
43.98000,coast,-9.98000,19827.00000,10609.20000,35.62000,4.09000
43.99000,coast,-9.98000,19826.00000,10609.52000,35.52000,4.09000
44.00000,coast,-9.98000,19824.00000,10610.16000,35.42000,4.11000
44.01000,coast,-9.97000,19824.00000,10610.16000,35.32000,4.11000
44.02000,coast,-9.97000,19826.00000,10609.52000,35.22000,4.09000
44.03000,coast,-9.97000,19826.00000,10609.52000,35.12000,4.09000
44.04000,coast,-9.97000,19818.00000,10612.08000,35.02000,4.09000
44.05000,coast,-9.97000,19820.00000,10611.44000,34.92000,4.09000
44.06000,coast,-9.97000,19817.00000,10612.40000,34.82000,4.09000
44.07000,coast,-9.96000,19816.00000,10612.72000,34.72000,4.09000
44.08000,coast,-9.96000,19812.00000,10614.00000,34.62000,4.09000
44.09000,coast,-9.96000,19822.00000,10610.80000,34.52000,4.09000
44.10000,coast,-9.96000,19819.00000,10611.76000,34.42000,4.09000
44.11000,coast,-9.96000,19810.00000,10614.64000,34.32000,4.11000
44.12000,coast,-9.95000,19810.00000,10614.64000,34.22000,4.11000
44.13000,coast,-9.95000,19809.00000,10614.96000,34.12000,4.09000
44.14000,coast,-9.95000,19808.00000,10615.28000,34.02000,4.09000
44.15000,coast,-9.95000,19810.00000,10614.64000,33.92000,4.09000
44.16000,coast,-9.95000,19799.00000,10618.16000,33.82000,4.09000
44.17000,coast,-9.94000,19809.00000,10614.96000,33.72000,4.09000
44.18000,coast,-9.94000,19809.00000,10614.96000,33.62000,4.09000
44.19000,coast,-9.94000,19807.00000,10615.60000,33.52000,4.09000
44.20000,coast,-9.94000,19801.00000,10617.52000,33.43000,4.09000
44.21000,coast,-9.94000,19800.00000,10617.84000,33.33000,4.09000
44.22000,coast,-9.93000,19799.00000,10618.16000,33.23000,4.12000
44.23000,coast,-9.93000,19799.00000,10618.16000,33.13000,4.11000
44.24000,coast,-9.93000,19798.00000,10618.48000,33.03000,4.09000
44.25000,coast,-9.93000,19797.00000,10618.80000,32.93000,4.09000
44.26000,coast,-9.92000,19799.00000,10618.16000,32.83000,4.09000
44.27000,coast,-9.92000,19798.00000,10618.48000,32.73000,4.09000
44.28000,coast,-9.92000,19794.00000,10619.76000,32.63000,4.09000
44.29000,coast,-9.92000,19794.00000,10619.76000,32.54000,4.09000
44.30000,coast,-9.91000,19796.00000,10619.12000,32.44000,4.09000
44.31000,coast,-9.91000,19792.00000,10620.40000,32.34000,4.09000
44.32000,coast,-9.91000,19787.00000,10622.00000,32.24000,4.09000
44.33000,coast,-9.91000,19791.00000,10620.72000,32.14000,4.11000
44.34000,coast,-9.90000,19791.00000,10620.72000,32.04000,4.11000
44.35000,coast,-9.90000,19792.00000,10620.40000,31.94000,4.11000
44.36000,coast,-9.90000,19782.00000,10623.61000,31.84000,4.09000
44.37000,coast,-9.90000,19783.00000,10623.29000,31.74000,4.09000
44.38000,coast,-9.89000,19785.00000,10622.65000,31.64000,4.09000
44.39000,coast,-9.89000,19780.00000,10624.25000,31.54000,4.09000
44.40000,coast,-9.89000,19781.00000,10623.93000,31.45000,4.09000
44.41000,coast,-9.89000,19782.00000,10623.61000,31.35000,4.09000
44.42000,coast,-9.88000,19782.00000,10623.61000,31.25000,4.09000
44.43000,coast,-9.88000,19780.00000,10624.25000,31.15000,4.09000
44.44000,coast,-9.88000,19778.00000,10624.89000,31.05000,4.11000
44.45000,coast,-9.88000,19778.00000,10624.89000,30.95000,4.11000
44.46000,coast,-9.87000,19773.00000,10626.49000,30.85000,4.09000
44.47000,coast,-9.87000,19780.00000,10624.25000,30.75000,4.09000
44.48000,coast,-9.87000,19775.00000,10625.85000,30.65000,4.09000
44.49000,coast,-9.86000,19779.00000,10624.57000,30.55000,4.09000
44.50000,coast,-9.86000,19774.00000,10626.17000,30.45000,4.09000
44.51000,coast,-9.86000,19770.00000,10627.46000,30.35000,4.09000
44.52000,coast,-9.86000,19772.00000,10626.81000,30.25000,4.09000
44.53000,coast,-9.85000,19774.00000,10626.17000,30.15000,4.09000
44.54000,coast,-9.85000,19770.00000,10627.46000,30.06000,4.09000
44.55000,coast,-9.85000,19764.00000,10629.38000,29.96000,4.11000
44.56000,coast,-9.84000,19764.00000,10629.38000,29.86000,4.09000
44.57000,coast,-9.84000,19767.00000,10628.42000,29.76000,4.11000
44.58000,coast,-9.84000,19757.00000,10631.63000,29.66000,4.09000
44.59000,coast,-9.84000,19766.00000,10628.74000,29.57000,4.09000
44.60000,coast,-9.83000,19765.00000,10629.06000,29.47000,4.09000
44.61000,coast,-9.83000,19768.00000,10628.10000,29.37000,4.09000
44.62000,coast,-9.83000,19765.00000,10629.06000,29.27000,4.09000
44.63000,coast,-9.83000,19767.00000,10628.42000,29.17000,4.09000
44.64000,coast,-9.82000,19757.00000,10631.63000,29.08000,4.09000
44.65000,coast,-9.82000,19762.00000,10630.02000,28.98000,4.09000
44.66000,coast,-9.82000,19761.00000,10630.34000,28.88000,4.12000
44.67000,coast,-9.82000,19761.00000,10630.34000,28.78000,4.11000
44.68000,coast,-9.81000,19756.00000,10631.95000,28.69000,4.09000
44.69000,coast,-9.81000,19759.00000,10630.98000,28.59000,4.09000
44.70000,coast,-9.81000,19751.00000,10633.55000,28.49000,4.09000
44.71000,coast,-9.81000,19760.00000,10630.66000,28.39000,4.09000
44.72000,coast,-9.81000,19751.00000,10633.55000,28.29000,4.09000
44.73000,coast,-9.80000,19751.00000,10633.55000,28.19000,4.09000
44.74000,coast,-9.80000,19751.00000,10633.55000,28.10000,4.09000
44.75000,coast,-9.80000,19748.00000,10634.52000,28.00000,4.09000
44.76000,coast,-9.80000,19750.00000,10633.87000,27.90000,4.09000
44.77000,coast,-9.80000,19749.00000,10634.19000,27.80000,4.11000
44.78000,coast,-9.79000,19749.00000,10634.19000,27.71000,4.11000
44.79000,coast,-9.79000,19751.00000,10633.55000,27.61000,4.09000
44.80000,coast,-9.79000,19744.00000,10635.80000,27.51000,4.09000
44.81000,coast,-9.79000,19742.00000,10636.44000,27.41000,4.09000
44.82000,coast,-9.79000,19745.00000,10635.48000,27.32000,4.09000
44.83000,coast,-9.79000,19745.00000,10635.48000,27.22000,4.09000
44.84000,coast,-9.79000,19742.00000,10636.44000,27.12000,4.09000
44.85000,coast,-9.79000,19747.00000,10634.84000,27.02000,4.09000
44.86000,coast,-9.79000,19740.00000,10637.09000,26.93000,4.09000
44.87000,coast,-9.79000,19742.00000,10636.44000,26.83000,4.09000
44.88000,coast,-9.78000,19735.00000,10638.69000,26.73000,4.11000
44.89000,coast,-9.78000,19735.00000,10638.69000,26.63000,4.11000
44.90000,coast,-9.78000,19737.00000,10638.05000,26.53000,4.09000
44.91000,coast,-9.78000,19739.00000,10637.41000,26.44000,4.09000
44.92000,coast,-9.78000,19736.00000,10638.37000,26.34000,4.09000
44.93000,coast,-9.78000,19736.00000,10638.37000,26.24000,4.09000
44.94000,coast,-9.78000,19731.00000,10639.98000,26.14000,4.09000
44.95000,coast,-9.78000,19732.00000,10639.66000,26.04000,4.09000
44.96000,coast,-9.78000,19733.00000,10639.33000,25.95000,4.09000
44.97000,coast,-9.78000,19723.00000,10642.55000,25.85000,4.09000
44.98000,coast,-9.78000,19730.00000,10640.30000,25.75000,4.09000
44.99000,coast,-9.78000,19733.00000,10639.33000,25.65000,4.11000
45.00000,coast,-9.78000,19733.00000,10639.33000,25.55000,4.11000
45.01000,coast,-9.78000,19726.00000,10641.58000,25.46000,4.09000
45.02000,coast,-9.78000,19730.00000,10640.30000,25.36000,4.09000
45.03000,coast,-9.78000,19731.00000,10639.98000,25.26000,4.09000
45.04000,coast,-9.78000,19725.00000,10641.91000,25.16000,4.09000
45.05000,coast,-9.78000,19725.00000,10641.91000,25.07000,4.09000
45.06000,coast,-9.78000,19724.00000,10642.23000,24.97000,4.09000
45.07000,coast,-9.78000,19724.00000,10642.23000,24.87000,4.09000
45.08000,coast,-9.77000,19724.00000,10642.23000,24.77000,4.09000
45.09000,coast,-9.77000,19718.00000,10644.16000,24.68000,4.09000
45.10000,coast,-9.77000,19721.00000,10643.19000,24.58000,4.11000
45.11000,coast,-9.77000,19721.00000,10643.19000,24.48000,4.11000
45.12000,coast,-9.77000,19722.00000,10642.87000,24.38000,4.09000
45.13000,coast,-9.77000,19720.00000,10643.51000,24.28000,4.09000
45.14000,coast,-9.77000,19721.00000,10643.19000,24.19000,4.09000
45.15000,coast,-9.77000,19725.00000,10641.91000,24.09000,4.09000
45.16000,coast,-9.77000,19718.00000,10644.16000,23.99000,4.09000
45.17000,coast,-9.76000,19718.00000,10644.16000,23.89000,4.09000
45.18000,coast,-9.76000,19715.00000,10645.12000,23.79000,4.09000
45.19000,coast,-9.76000,19713.00000,10645.77000,23.70000,4.09000
45.20000,coast,-9.76000,19715.00000,10645.12000,23.60000,4.09000
45.21000,coast,-9.79000,19711.00000,10646.41000,23.50000,4.11000
45.22000,coast,-9.85000,19711.00000,10646.41000,23.40000,4.11000
45.23000,coast,-9.96000,19712.00000,10646.09000,23.31000,4.09000
45.24000,coast,-10.12000,19711.00000,10646.41000,23.21000,4.09000
45.25000,coast,-10.33000,19707.00000,10647.70000,23.11000,4.09000
45.26000,coast,-10.60000,19712.00000,10646.09000,23.01000,4.09000
45.27000,coast,-10.91000,19710.00000,10646.73000,22.91000,4.09000
45.28000,coast,-11.27000,19708.00000,10647.37000,22.81000,4.09000
45.29000,coast,-11.68000,19708.00000,10647.37000,22.72000,4.09000
45.30000,coast,-12.15000,19710.00000,10646.73000,22.62000,4.09000
45.31000,coast,-12.67000,19708.00000,10647.37000,22.52000,4.09000
45.32000,coast,-13.25000,19709.00000,10647.05000,22.42000,4.11000
45.33000,coast,-13.90000,19709.00000,10647.05000,22.33000,4.11000
45.34000,coast,-14.61000,19703.00000,10648.98000,22.23000,4.09000
45.35000,coast,-15.39000,19706.00000,10648.02000,22.13000,4.09000
45.36000,coast,-16.24000,19703.00000,10648.98000,22.04000,4.09000
45.37000,coast,-17.16000,19700.00000,10649.95000,21.94000,4.09000
45.38000,coast,-18.16000,19697.00000,10650.91000,21.84000,4.09000
45.39000,coast,-19.23000,19699.00000,10650.27000,21.74000,4.09000
45.40000,coast,-20.38000,19700.00000,10649.95000,21.65000,4.09000
45.41000,coast,-21.60000,19703.00000,10648.98000,21.55000,4.09000
45.42000,coast,-22.90000,19702.00000,10649.30000,21.45000,4.09000
45.43000,coast,-24.27000,19704.00000,10648.66000,21.36000,4.12000
45.44000,coast,-25.72000,19704.00000,10648.66000,21.26000,4.11000
45.45000,coast,-27.24000,19694.00000,10651.88000,21.16000,4.09000
45.46000,coast,-28.83000,19694.00000,10651.88000,21.06000,4.09000
45.47000,coast,-30.50000,19693.00000,10652.20000,20.97000,4.09000
45.48000,coast,-32.23000,19691.00000,10652.85000,20.87000,4.09000
45.49000,coast,-34.03000,19693.00000,10652.20000,20.77000,4.09000
45.50000,coast,-35.89000,19693.00000,10652.20000,20.68000,4.09000
45.51000,coast,-37.81000,19695.00000,10651.56000,20.58000,4.09000
45.52000,coast,-39.78000,19694.00000,10651.88000,20.49000,4.09000
45.53000,coast,-41.81000,19687.00000,10654.13000,20.39000,4.09000
45.54000,coast,-43.88000,19690.00000,10653.17000,20.29000,4.11000
45.55000,coast,-46.00000,19690.00000,10653.17000,20.20000,4.11000
45.56000,coast,-48.15000,19691.00000,10652.85000,20.10000,4.09000
45.57000,coast,-50.33000,19688.00000,10653.81000,20.00000,4.09000
45.58000,coast,-52.53000,19686.00000,10654.46000,19.90000,4.09000
45.59000,coast,-54.76000,19689.00000,10653.49000,19.81000,4.09000
45.60000,coast,-57.01000,19690.00000,10653.17000,19.71000,4.09000
45.61000,coast,-59.26000,19688.00000,10653.81000,19.61000,4.09000
45.62000,coast,-61.51000,19690.00000,10653.17000,19.52000,4.09000
45.63000,coast,-63.76000,19685.00000,10654.78000,19.42000,4.09000
45.64000,coast,-66.01000,19688.00000,10653.81000,19.33000,4.09000
45.65000,coast,-68.24000,19682.00000,10655.75000,19.23000,4.12000
45.66000,coast,-70.44000,19682.00000,10655.75000,19.13000,4.09000
45.67000,coast,-72.63000,19682.00000,10655.75000,19.04000,4.09000
45.68000,coast,-74.78000,19684.00000,10655.10000,18.94000,4.09000
45.69000,coast,-76.89000,19674.00000,10658.32000,18.84000,4.09000
45.70000,coast,-78.96000,19681.00000,10656.07000,18.75000,4.09000
45.71000,coast,-80.99000,19683.00000,10655.42000,15.92000,4.09000
45.72000,coast,-82.97000,19685.00000,10654.78000,12.57000,4.09000
45.73000,coast,-84.89000,19682.00000,10655.75000,9.26000,4.09000
45.74000,coast,-86.75000,19683.00000,10655.42000,6.27000,4.09000
45.75000,coast,-88.55000,19679.00000,10656.71000,3.16000,4.09000
45.76000,coast,-90.29000,19675.00000,10658.00000,1.01000,4.11000
45.77000,coast,-91.96000,19675.00000,10658.00000,-0.14000,4.11000
45.78000,coast,-93.56000,19674.00000,10658.32000,-1.03000,4.11000
45.79000,coast,-95.08000,19678.00000,10657.03000,-1.87000,4.09000
45.80000,coast,-96.54000,19679.00000,10656.71000,-2.73000,4.09000
45.81000,coast,-97.92000,19679.00000,10656.71000,-3.60000,4.09000
45.82000,coast,-99.22000,19672.00000,10658.97000,-4.48000,4.09000
45.83000,coast,-100.45000,19679.00000,10656.71000,-5.38000,4.11000
45.84000,coast,-101.60000,19671.00000,10659.29000,-6.29000,4.09000
45.85000,coast,-102.68000,19676.00000,10657.68000,-7.21000,4.09000
45.86000,coast,-103.69000,19676.00000,10657.68000,-8.14000,4.09000
45.87000,coast,-104.62000,19673.00000,10658.65000,-9.09000,4.12000
45.88000,coast,-105.48000,19673.00000,10658.65000,-10.04000,4.11000
45.89000,coast,-106.27000,19672.00000,10658.97000,-11.01000,4.09000
45.90000,coast,-106.99000,19663.00000,10661.87000,-11.98000,4.09000
45.91000,coast,-107.65000,19669.00000,10659.94000,-12.97000,4.09000
45.92000,coast,-108.24000,19676.00000,10657.68000,-13.97000,4.09000
45.93000,coast,-108.77000,19669.00000,10659.94000,-14.98000,4.09000
45.94000,coast,-109.24000,19670.00000,10659.61000,-16.00000,4.09000
45.95000,coast,-109.66000,19671.00000,10659.29000,-17.03000,4.09000
45.96000,coast,-110.03000,19662.00000,10662.19000,-18.07000,4.09000
45.97000,coast,-110.34000,19668.00000,10660.26000,-19.12000,4.09000
45.98000,coast,-110.61000,19671.00000,10659.29000,-20.18000,4.11000
45.99000,coast,-110.83000,19671.00000,10659.29000,-21.24000,4.11000
46.00000,coast,-111.01000,19667.00000,10660.58000,-22.32000,4.09000
46.01000,coast,-111.15000,19666.00000,10660.90000,-23.40000,4.09000
46.02000,coast,-111.26000,19664.00000,10661.55000,-24.49000,4.09000
46.03000,coast,-111.33000,19660.00000,10662.84000,-25.59000,4.09000
46.04000,coast,-111.37000,19663.00000,10661.87000,-26.69000,4.09000
46.05000,coast,-111.38000,19667.00000,10660.58000,-27.80000,4.09000
46.06000,coast,-111.37000,19660.00000,10662.84000,-28.92000,4.09000
46.07000,coast,-111.32000,19661.00000,10662.52000,-30.04000,4.09000
46.08000,coast,-111.26000,19670.00000,10659.61000,-31.17000,4.09000
46.09000,coast,-111.17000,19659.00000,10663.16000,-32.30000,4.12000
46.10000,coast,-111.06000,19659.00000,10663.16000,-33.44000,4.11000
46.11000,coast,-110.93000,19658.00000,10663.48000,-34.58000,4.09000
46.12000,coast,-110.78000,19662.00000,10662.19000,-35.72000,4.09000
46.13000,coast,-110.61000,19660.00000,10662.84000,-36.87000,4.09000
46.14000,coast,-110.43000,19659.00000,10663.16000,-38.02000,4.09000
46.15000,coast,-110.22000,19657.00000,10663.81000,-39.17000,4.09000
46.16000,coast,-109.99000,19656.00000,10664.13000,-40.33000,4.09000
46.17000,coast,-109.75000,19656.00000,10664.13000,-41.49000,4.09000
46.18000,coast,-109.48000,19653.00000,10665.10000,-42.65000,4.11000
46.19000,coast,-109.19000,19656.00000,10664.13000,-43.81000,4.09000
46.20000,coast,-108.89000,19654.00000,10664.77000,-44.97000,4.11000
46.21000,coast,-108.58000,19654.00000,10664.77000,-46.12000,4.11000
46.22000,coast,-108.27000,19653.00000,10665.10000,-47.28000,4.09000
46.23000,coast,-107.95000,19654.00000,10664.77000,-48.44000,4.09000
46.24000,coast,-107.63000,19652.00000,10665.42000,-49.60000,4.09000
46.25000,coast,-107.28000,19648.00000,10666.71000,-50.75000,4.09000
46.26000,coast,-106.90000,19651.00000,10665.74000,-51.90000,4.09000
46.27000,coast,-106.47000,19649.00000,10666.39000,-53.05000,4.09000
46.28000,coast,-106.01000,19653.00000,10665.10000,-54.19000,4.09000
46.29000,coast,-105.49000,19650.00000,10666.06000,-55.33000,4.09000
46.30000,coast,-104.93000,19647.00000,10667.03000,-56.46000,4.09000
46.31000,coast,-104.32000,19654.00000,10664.77000,-57.59000,4.11000
46.32000,coast,-103.66000,19654.00000,10664.77000,-58.72000,4.11000
46.33000,coast,-102.95000,19653.00000,10665.10000,-59.84000,4.09000
46.34000,coast,-102.20000,19649.00000,10666.39000,-60.95000,4.09000
46.35000,coast,-101.40000,19644.00000,10668.00000,-62.05000,4.09000
46.36000,coast,-100.54000,19649.00000,10666.39000,-63.15000,4.09000
46.37000,coast,-99.65000,19649.00000,10666.39000,-64.23000,4.09000
46.38000,coast,-98.70000,19651.00000,10665.74000,-65.31000,4.09000
46.39000,coast,-97.70000,19655.00000,10664.45000,-66.38000,4.09000
46.40000,coast,-96.66000,19643.00000,10668.32000,-67.44000,4.09000
46.41000,coast,-95.57000,19650.00000,10666.06000,-68.49000,4.09000
46.42000,coast,-94.43000,19650.00000,10666.06000,-69.52000,4.11000
46.43000,coast,-93.24000,19650.00000,10666.06000,-70.55000,4.11000
46.44000,coast,-92.00000,19647.00000,10667.03000,-71.56000,4.09000
46.45000,coast,-90.71000,19651.00000,10665.74000,-72.57000,4.09000
46.46000,coast,-89.38000,19646.00000,10667.36000,-73.55000,4.09000
46.47000,coast,-88.00000,19645.00000,10667.68000,-74.53000,4.09000
46.48000,coast,-86.57000,19647.00000,10667.03000,-75.49000,4.09000
46.49000,coast,-85.10000,19644.00000,10668.00000,-76.44000,4.09000
46.50000,coast,-83.57000,19645.00000,10667.68000,-77.37000,4.09000
46.51000,coast,-82.00000,19644.00000,10668.00000,-78.29000,4.09000
46.52000,coast,-80.39000,19646.00000,10667.36000,-79.19000,4.09000
46.53000,coast,-78.73000,19640.00000,10669.29000,-80.07000,4.11000
46.54000,coast,-77.02000,19640.00000,10669.29000,-80.94000,4.11000
46.55000,coast,-75.27000,19640.00000,10669.29000,-81.78000,4.09000
46.56000,coast,-73.47000,19641.00000,10668.97000,-82.61000,4.09000
46.57000,coast,-71.63000,19643.00000,10668.32000,-83.42000,4.09000
46.58000,coast,-69.75000,19639.00000,10669.62000,-84.21000,4.11000
46.59000,coast,-67.82000,19636.00000,10670.58000,-84.98000,4.09000
46.60000,coast,-65.85000,19641.00000,10668.97000,-85.73000,4.09000
46.61000,coast,-63.83000,19640.00000,10669.29000,-86.47000,4.09000
46.62000,coast,-61.78000,19639.00000,10669.62000,-87.18000,4.09000
46.63000,coast,-59.69000,19641.00000,10668.97000,-87.87000,4.09000
46.64000,coast,-57.55000,19636.00000,10670.58000,-88.53000,4.11000
46.65000,coast,-55.37000,19636.00000,10670.58000,-89.18000,4.11000
46.66000,coast,-53.16000,19640.00000,10669.29000,-89.80000,4.09000
46.67000,coast,-50.91000,19637.00000,10670.26000,-90.39000,4.09000
46.68000,coast,-48.62000,19638.00000,10669.94000,-90.97000,4.09000
46.69000,coast,-46.30000,19640.00000,10669.29000,-91.52000,4.09000
46.70000,coast,-43.93000,19636.00000,10670.58000,-92.04000,4.09000
46.71000,coast,-41.54000,19640.00000,10669.29000,-92.54000,4.09000
46.72000,coast,-39.11000,19640.00000,10669.29000,-93.01000,4.09000
46.73000,coast,-36.64000,19637.00000,10670.26000,-93.46000,4.09000
46.74000,coast,-34.15000,19635.00000,10670.91000,-93.88000,4.09000
46.75000,coast,-31.62000,19637.00000,10670.26000,-94.28000,4.11000
46.76000,coast,-29.07000,19637.00000,10670.26000,-94.65000,4.11000
46.77000,coast,-26.48000,19641.00000,10668.97000,-94.99000,4.09000
46.78000,coast,-23.86000,19635.00000,10670.91000,-95.30000,4.09000
46.79000,coast,-21.22000,19639.00000,10669.62000,-95.59000,4.09000
46.80000,coast,-18.55000,19634.00000,10671.23000,-95.84000,4.09000
46.81000,coast,-15.86000,19635.00000,10670.91000,-96.07000,4.09000
46.82000,coast,-13.14000,19632.00000,10671.88000,-96.27000,4.09000
46.83000,coast,-10.40000,19638.00000,10669.94000,-96.44000,4.09000
46.84000,coast,-7.64000,19637.00000,10670.26000,-96.59000,4.09000
46.85000,coast,-4.86000,19636.00000,10670.58000,-96.70000,4.09000
46.86000,coast,-2.05000,19631.00000,10672.20000,-96.78000,4.11000
46.87000,coast,0.77000,19631.00000,10672.20000,-96.84000,4.09000
46.88000,coast,3.61000,19635.00000,10670.91000,-96.86000,4.09000
46.89000,coast,6.46000,19630.00000,10672.52000,-96.85000,4.09000
46.90000,coast,9.33000,19637.00000,10670.26000,-96.81000,4.09000
46.91000,coast,12.22000,19631.00000,10672.20000,-96.74000,4.09000
46.92000,coast,15.12000,19636.00000,10670.58000,-96.64000,4.09000
46.93000,coast,18.02000,19636.00000,10670.58000,-96.51000,4.09000
46.94000,coast,20.94000,19635.00000,10670.91000,-96.35000,4.09000
46.95000,coast,23.87000,19632.00000,10671.88000,-96.16000,4.09000
46.96000,coast,26.80000,19635.00000,10670.91000,-95.93000,4.09000
46.97000,coast,29.74000,19634.00000,10671.23000,-95.67000,4.11000
46.98000,coast,32.69000,19634.00000,10671.23000,-95.38000,4.11000
46.99000,coast,35.63000,19629.00000,10672.85000,-95.06000,4.09000
47.00000,coast,38.58000,19632.00000,10671.88000,-94.71000,4.09000
47.01000,coast,41.54000,19635.00000,10670.91000,-94.33000,4.09000
47.02000,coast,44.49000,19631.00000,10672.20000,-93.92000,4.09000
47.03000,coast,47.44000,19630.00000,10672.52000,-93.47000,4.09000
47.04000,coast,50.38000,19633.00000,10671.55000,-92.99000,4.09000
47.05000,coast,53.32000,19625.00000,10674.14000,-92.48000,4.09000
47.06000,coast,56.26000,19630.00000,10672.52000,-91.94000,4.09000
47.07000,coast,59.19000,19625.00000,10674.14000,-91.36000,4.09000
47.08000,coast,62.11000,19631.00000,10672.20000,-90.76000,4.11000
47.09000,coast,65.02000,19631.00000,10672.20000,-90.12000,4.11000
47.10000,coast,67.92000,19631.00000,10672.20000,-89.45000,4.11000
47.11000,coast,70.81000,19633.00000,10671.55000,-88.75000,4.09000
47.12000,coast,73.68000,19627.00000,10673.49000,-88.02000,4.09000
47.13000,coast,76.54000,19632.00000,10671.88000,-87.26000,4.09000
47.14000,coast,79.38000,19632.00000,10671.88000,-86.47000,4.09000
47.15000,coast,82.20000,19627.00000,10673.49000,-85.65000,4.11000
47.16000,coast,85.01000,19632.00000,10671.88000,-84.79000,4.09000
47.17000,coast,87.79000,19632.00000,10671.88000,-83.91000,4.09000
47.18000,coast,90.55000,19632.00000,10671.88000,-82.99000,4.09000
47.19000,coast,93.29000,19627.00000,10673.49000,-82.05000,4.11000
47.20000,coast,96.01000,19627.00000,10673.49000,-81.08000,4.11000
47.21000,coast,98.70000,19632.00000,10671.88000,-80.07000,4.09000
47.22000,coast,101.36000,19630.00000,10672.52000,-79.04000,4.09000
47.23000,coast,103.99000,19633.00000,10671.55000,-77.98000,4.09000
47.24000,coast,106.60000,19632.00000,10671.88000,-76.89000,4.09000
47.25000,coast,109.17000,19629.00000,10672.85000,-75.77000,4.09000
47.26000,coast,111.71000,19628.00000,10673.17000,-74.63000,4.09000
47.27000,coast,114.22000,19632.00000,10671.88000,-73.45000,4.09000
47.28000,coast,116.69000,19631.00000,10672.20000,-72.25000,4.09000
47.29000,coast,119.13000,19628.00000,10673.17000,-71.03000,4.09000
47.30000,coast,121.53000,19625.00000,10674.14000,-69.77000,4.11000
47.31000,coast,123.89000,19625.00000,10674.14000,-68.49000,4.11000
47.32000,coast,126.22000,19629.00000,10672.85000,-67.19000,4.09000
47.33000,coast,128.50000,19623.00000,10674.78000,-65.86000,4.09000
47.34000,coast,130.74000,19626.00000,10673.81000,-64.50000,4.09000
47.35000,coast,132.94000,19626.00000,10673.81000,-63.13000,4.09000
47.36000,coast,135.10000,19626.00000,10673.81000,-61.72000,4.11000
47.37000,coast,137.21000,19621.00000,10675.43000,-60.30000,4.09000
47.38000,coast,139.28000,19626.00000,10673.81000,-58.85000,4.09000
47.39000,coast,141.29000,19628.00000,10673.17000,-57.37000,4.09000
47.40000,coast,143.27000,19619.00000,10676.08000,-55.88000,4.09000
47.41000,coast,145.19000,19622.00000,10675.11000,-54.37000,4.11000
47.42000,coast,147.06000,19622.00000,10675.11000,-52.83000,4.11000
47.43000,coast,148.88000,19632.00000,10671.88000,-51.28000,4.09000
47.44000,coast,150.65000,19623.00000,10674.78000,-49.70000,4.09000
47.45000,coast,152.37000,19625.00000,10674.14000,-48.11000,4.09000
47.46000,coast,154.04000,19621.00000,10675.43000,-46.49000,4.09000
47.47000,coast,155.65000,19619.00000,10676.08000,-44.86000,4.09000
47.48000,coast,157.20000,19625.00000,10674.14000,-43.21000,4.09000
47.49000,coast,158.70000,19624.00000,10674.46000,-41.55000,4.09000
47.50000,coast,160.15000,19626.00000,10673.81000,-39.86000,4.09000
47.51000,coast,161.53000,19621.00000,10675.43000,-38.17000,4.09000
47.52000,coast,162.86000,19620.00000,10675.75000,-36.45000,4.11000
47.53000,coast,164.13000,19620.00000,10675.75000,-34.73000,4.11000
47.54000,coast,165.34000,19619.00000,10676.08000,-32.98000,4.09000
47.55000,coast,166.50000,19630.00000,10672.52000,-31.23000,4.09000
47.56000,coast,167.59000,19626.00000,10673.81000,-29.46000,4.09000
47.57000,coast,168.62000,19623.00000,10674.78000,-27.68000,4.09000
47.58000,coast,169.59000,19629.00000,10672.85000,-25.89000,4.09000
47.59000,coast,170.49000,19622.00000,10675.11000,-24.09000,4.09000
47.60000,coast,171.34000,19623.00000,10674.78000,-22.28000,4.09000
47.61000,coast,172.12000,19623.00000,10674.78000,-20.46000,4.09000
47.62000,coast,172.84000,19626.00000,10673.81000,-18.64000,4.09000
47.63000,coast,173.49000,19617.00000,10676.72000,-16.80000,4.11000
47.64000,coast,174.09000,19617.00000,10676.72000,-14.96000,4.11000
47.65000,coast,174.61000,19620.00000,10675.75000,-13.11000,4.09000
47.66000,coast,175.08000,19626.00000,10673.81000,-11.25000,4.09000
47.67000,coast,175.47000,19626.00000,10673.81000,-9.39000,4.09000
47.68000,coast,175.81000,19622.00000,10675.11000,-7.53000,4.09000
47.69000,coast,176.08000,19624.00000,10674.46000,-5.66000,4.09000
47.70000,coast,176.28000,19623.00000,10674.78000,-3.79000,4.09000
47.71000,coast,176.42000,38823.00000,6165.97000,-1.91000,4.09000
47.72000,coast,176.49000,42579.00000,5511.27000,-0.04000,4.09000
47.73000,coast,176.50000,40837.00000,5808.84000,1.84000,4.09000
47.74000,coast,176.44000,36750.00000,6549.59000,3.71000,4.12000
47.75000,coast,176.32000,36750.00000,6549.59000,5.59000,4.11000
47.76000,coast,176.13000,28217.00000,8341.61000,7.46000,4.09000
47.77000,coast,175.88000,21466.00000,10105.51000,9.34000,4.09000
47.78000,coast,175.56000,19917.00000,10580.48000,11.21000,4.09000
47.79000,coast,175.17000,19602.00000,10681.57000,13.07000,4.09000
47.80000,coast,174.73000,19597.00000,10683.19000,14.93000,4.09000
47.81000,coast,174.21000,19602.00000,10681.57000,16.79000,4.09000
47.82000,coast,173.64000,19605.00000,10680.60000,18.64000,4.09000
47.83000,coast,173.00000,19610.00000,10678.99000,20.48000,4.09000
47.84000,coast,172.29000,19615.00000,10677.37000,22.32000,4.09000
47.85000,coast,171.53000,19611.00000,10678.66000,24.15000,4.12000
47.86000,coast,170.70000,19611.00000,10678.66000,25.97000,4.11000
47.87000,coast,169.81000,19617.00000,10676.72000,27.78000,4.09000
47.88000,coast,168.85000,19611.00000,10678.66000,29.59000,4.09000
47.89000,coast,167.84000,19614.00000,10677.69000,31.38000,4.09000
47.90000,coast,166.76000,19613.00000,10678.02000,33.16000,4.09000
47.91000,coast,165.63000,19620.00000,10675.75000,34.93000,4.11000
47.92000,coast,164.43000,19615.00000,10677.37000,36.69000,4.11000
47.93000,coast,163.18000,19621.00000,10675.43000,38.43000,4.09000
47.94000,coast,161.86000,19622.00000,10675.11000,40.16000,4.09000
47.95000,coast,160.49000,19621.00000,10675.43000,41.87000,4.09000
47.96000,coast,159.07000,19625.00000,10674.14000,43.58000,4.11000
47.97000,coast,157.58000,19625.00000,10674.14000,45.26000,4.11000
47.98000,coast,156.04000,19626.00000,10673.81000,46.93000,4.09000
47.99000,coast,154.45000,19617.00000,10676.72000,48.58000,4.09000
48.00000,coast,152.80000,19621.00000,10675.43000,50.22000,4.09000
48.01000,coast,151.09000,19628.00000,10673.17000,51.84000,4.09000
48.02000,coast,149.34000,19629.00000,10672.85000,53.44000,4.09000
48.03000,coast,147.53000,19620.00000,10675.75000,55.02000,4.09000
48.04000,coast,145.68000,19624.00000,10674.46000,56.58000,4.11000
48.05000,coast,143.77000,19624.00000,10674.46000,58.12000,4.09000
48.06000,coast,141.81000,19629.00000,10672.85000,59.64000,4.09000
48.07000,coast,139.81000,19626.00000,10673.81000,61.14000,4.11000
48.08000,coast,137.76000,19626.00000,10673.81000,62.61000,4.11000
48.09000,coast,135.67000,19626.00000,10673.81000,64.07000,4.09000
48.10000,coast,133.52000,19622.00000,10675.11000,65.50000,4.09000
48.11000,coast,131.34000,19624.00000,10674.46000,66.91000,4.09000
48.12000,coast,129.11000,19625.00000,10674.14000,68.29000,4.09000
48.13000,coast,126.85000,19623.00000,10674.78000,69.65000,4.09000
48.14000,coast,124.54000,19622.00000,10675.11000,70.99000,4.09000
48.15000,coast,122.19000,19628.00000,10673.17000,72.30000,4.09000
48.16000,coast,119.80000,19629.00000,10672.85000,73.59000,4.09000
48.17000,coast,117.38000,19630.00000,10672.52000,74.85000,4.09000
48.18000,coast,114.92000,19631.00000,10672.20000,76.08000,4.11000
48.19000,coast,112.43000,19631.00000,10672.20000,77.29000,4.11000
48.20000,coast,109.90000,19626.00000,10673.81000,78.47000,4.09000
48.21000,coast,107.35000,19626.00000,10673.81000,79.62000,4.09000
48.22000,coast,104.76000,19630.00000,10672.52000,80.75000,4.09000
48.23000,coast,102.14000,19631.00000,10672.20000,81.85000,4.09000
48.24000,coast,99.49000,19627.00000,10673.49000,82.92000,4.09000
48.25000,coast,96.82000,19629.00000,10672.85000,83.96000,4.09000
48.26000,coast,94.12000,19630.00000,10672.52000,84.97000,4.09000
48.27000,coast,91.39000,19626.00000,10673.81000,85.95000,4.09000
48.28000,coast,88.65000,19626.00000,10673.81000,86.91000,4.09000
48.29000,coast,85.88000,19624.00000,10674.46000,87.83000,4.12000
48.30000,coast,83.09000,19624.00000,10674.46000,88.72000,4.11000
48.31000,coast,80.28000,19633.00000,10671.55000,89.59000,4.09000
48.32000,coast,77.45000,19630.00000,10672.52000,90.42000,4.09000
48.33000,coast,74.61000,19629.00000,10672.85000,91.22000,4.09000
48.34000,coast,71.75000,19633.00000,10671.55000,91.99000,4.09000
48.35000,coast,68.88000,19628.00000,10673.17000,92.73000,4.09000
48.36000,coast,65.99000,19625.00000,10674.14000,93.44000,4.09000
48.37000,coast,63.10000,19632.00000,10671.88000,94.12000,4.09000
48.38000,coast,60.19000,19629.00000,10672.85000,94.76000,4.09000
48.39000,coast,57.28000,19628.00000,10673.17000,95.38000,4.09000
48.40000,coast,54.36000,19631.00000,10672.20000,95.96000,4.11000
48.41000,coast,51.43000,19631.00000,10672.20000,96.51000,4.11000
48.42000,coast,48.50000,19630.00000,10672.52000,97.03000,4.09000
48.43000,coast,45.56000,19628.00000,10673.17000,97.52000,4.09000
48.44000,coast,42.63000,19632.00000,10671.88000,97.98000,4.09000
48.45000,coast,39.69000,19638.00000,10669.94000,98.40000,4.09000
48.46000,coast,36.75000,19633.00000,10671.55000,98.80000,4.09000
48.47000,coast,33.82000,19634.00000,10671.23000,99.16000,4.09000
48.48000,coast,30.89000,19635.00000,10670.91000,99.49000,4.09000
48.49000,coast,27.96000,19630.00000,10672.52000,99.79000,4.09000
48.50000,coast,25.04000,19633.00000,10671.55000,100.05000,4.09000
48.51000,coast,22.13000,19636.00000,10670.58000,100.29000,4.11000
48.52000,coast,19.22000,19636.00000,10670.58000,100.50000,4.11000
48.53000,coast,16.33000,19637.00000,10670.26000,100.67000,4.09000
48.54000,coast,13.44000,19634.00000,10671.23000,100.81000,4.09000
48.55000,coast,10.57000,19627.00000,10673.49000,100.93000,4.09000
48.56000,coast,7.71000,19632.00000,10671.88000,101.01000,4.09000
48.57000,coast,4.87000,19631.00000,10672.20000,101.06000,4.09000
48.58000,coast,2.04000,19632.00000,10671.88000,101.08000,4.09000
48.59000,coast,-0.77000,19636.00000,10670.58000,101.07000,4.09000
48.60000,coast,-3.56000,19632.00000,10671.88000,101.03000,4.09000
48.61000,coast,-6.34000,19632.00000,10671.88000,100.97000,4.09000
48.62000,coast,-9.09000,19637.00000,10670.26000,100.87000,4.12000
48.63000,coast,-11.82000,19637.00000,10670.26000,100.74000,4.09000
48.64000,coast,-14.53000,19628.00000,10673.17000,100.58000,4.09000
48.65000,coast,-17.22000,19628.00000,10673.17000,100.40000,4.11000
48.66000,coast,-19.88000,19628.00000,10673.17000,100.19000,4.09000
48.67000,coast,-22.51000,19631.00000,10672.20000,99.95000,4.09000
48.68000,coast,-25.12000,19634.00000,10671.23000,99.67000,4.09000
48.69000,coast,-27.70000,19630.00000,10672.52000,99.38000,4.09000
48.70000,coast,-30.25000,19630.00000,10672.52000,99.05000,4.09000
48.71000,coast,-32.78000,19625.00000,10674.14000,98.70000,4.09000
48.72000,coast,-35.27000,19629.00000,10672.85000,98.32000,4.09000
48.73000,coast,-37.73000,19628.00000,10673.17000,97.91000,4.12000
48.74000,coast,-40.16000,19628.00000,10673.17000,97.48000,4.09000
48.75000,coast,-42.55000,19630.00000,10672.52000,97.02000,4.09000
48.76000,coast,-44.91000,19629.00000,10672.85000,96.53000,4.09000
48.77000,coast,-47.23000,19627.00000,10673.49000,96.02000,4.09000
48.78000,coast,-49.52000,19632.00000,10671.88000,95.49000,4.09000
48.79000,coast,-51.77000,19628.00000,10673.17000,94.93000,4.09000
48.80000,coast,-53.99000,19628.00000,10673.17000,94.35000,4.09000
48.81000,coast,-56.17000,19632.00000,10671.88000,93.74000,4.09000
48.82000,coast,-58.30000,19624.00000,10674.46000,93.11000,4.09000
48.83000,coast,-60.40000,19630.00000,10672.52000,92.46000,4.09000
48.84000,coast,-62.46000,19633.00000,10671.55000,91.79000,4.11000
48.85000,coast,-64.48000,19633.00000,10671.55000,91.09000,4.11000
48.86000,coast,-66.45000,19629.00000,10672.85000,90.38000,4.09000
48.87000,coast,-68.38000,19632.00000,10671.88000,89.64000,4.09000
48.88000,coast,-70.27000,19625.00000,10674.14000,88.88000,4.09000
48.89000,coast,-72.12000,19629.00000,10672.85000,88.11000,4.09000
48.90000,coast,-73.93000,19630.00000,10672.52000,87.31000,4.09000
48.91000,coast,-75.69000,19630.00000,10672.52000,86.50000,4.09000
48.92000,coast,-77.40000,19630.00000,10672.52000,85.66000,4.09000
48.93000,coast,-79.07000,19627.00000,10673.49000,84.81000,4.09000
48.94000,coast,-80.69000,19633.00000,10671.55000,83.94000,4.09000
48.95000,coast,-82.27000,19628.00000,10673.17000,83.06000,4.11000
48.96000,coast,-83.81000,19628.00000,10673.17000,82.15000,4.11000
48.97000,coast,-85.29000,19632.00000,10671.88000,81.24000,4.09000
48.98000,coast,-86.73000,19622.00000,10675.11000,80.30000,4.09000
48.99000,coast,-88.12000,19632.00000,10671.88000,79.35000,4.09000
49.00000,coast,-89.47000,19633.00000,10671.55000,78.39000,4.09000
49.01000,coast,-90.77000,19633.00000,10671.55000,77.42000,4.09000
49.02000,coast,-92.02000,19628.00000,10673.17000,76.43000,4.09000
49.03000,coast,-93.22000,19632.00000,10671.88000,75.43000,4.09000
49.04000,coast,-94.37000,19624.00000,10674.46000,74.41000,4.09000
49.05000,coast,-95.48000,19633.00000,10671.55000,73.39000,4.09000
49.06000,coast,-96.54000,19628.00000,10673.17000,72.35000,4.11000
49.07000,coast,-97.55000,19628.00000,10673.17000,71.31000,4.11000
49.08000,coast,-98.51000,19623.00000,10674.78000,70.25000,4.09000
49.09000,coast,-99.42000,19629.00000,10672.85000,69.18000,4.09000
49.10000,coast,-100.29000,19629.00000,10672.85000,68.11000,4.09000
49.11000,coast,-101.11000,19633.00000,10671.55000,67.02000,4.09000
49.12000,coast,-101.88000,19629.00000,10672.85000,65.93000,4.09000
49.13000,coast,-102.60000,19629.00000,10672.85000,64.83000,4.09000
49.14000,coast,-103.28000,19632.00000,10671.88000,63.72000,4.09000
49.15000,coast,-103.90000,19633.00000,10671.55000,62.61000,4.09000
49.16000,coast,-104.48000,19631.00000,10672.20000,61.49000,4.09000
49.17000,coast,-105.02000,19634.00000,10671.23000,60.36000,4.11000
49.18000,coast,-105.50000,19634.00000,10671.23000,59.24000,4.11000
49.19000,coast,-105.94000,19636.00000,10670.58000,58.10000,4.09000
49.20000,coast,-106.34000,19635.00000,10670.91000,56.97000,4.09000
49.21000,coast,-106.71000,19626.00000,10673.81000,55.83000,4.09000
49.22000,coast,-107.08000,19635.00000,10670.91000,54.68000,4.09000
49.23000,coast,-107.43000,19634.00000,10671.23000,53.54000,4.09000
49.24000,coast,-107.78000,19634.00000,10671.23000,52.39000,4.09000
49.25000,coast,-108.13000,19633.00000,10671.55000,51.24000,4.09000
49.26000,coast,-108.46000,19635.00000,10670.91000,50.09000,4.09000
49.27000,coast,-108.77000,19632.00000,10671.88000,48.94000,4.09000
49.28000,coast,-109.07000,19633.00000,10671.55000,47.79000,4.12000
49.29000,coast,-109.34000,19633.00000,10671.55000,46.63000,4.09000
49.30000,coast,-109.60000,19630.00000,10672.52000,45.49000,4.09000
49.31000,coast,-109.83000,19633.00000,10671.55000,44.34000,4.09000
49.32000,coast,-110.05000,19638.00000,10669.94000,43.19000,4.09000
49.33000,coast,-110.24000,19637.00000,10670.26000,42.05000,4.09000
49.34000,coast,-110.42000,19637.00000,10670.26000,40.90000,4.09000
49.35000,coast,-110.58000,19640.00000,10669.29000,39.77000,4.09000
49.36000,coast,-110.71000,19641.00000,10668.97000,38.64000,4.09000
49.37000,coast,-110.83000,19638.00000,10669.94000,37.51000,4.09000
49.38000,coast,-110.92000,19636.00000,10670.58000,36.39000,4.09000
49.39000,coast,-110.98000,19636.00000,10670.58000,35.26000,4.11000
49.40000,coast,-111.02000,19636.00000,10670.58000,34.15000,4.11000
49.41000,coast,-111.03000,19638.00000,10669.94000,33.04000,4.09000
49.42000,coast,-111.01000,19634.00000,10671.23000,31.93000,4.09000
49.43000,coast,-110.96000,19647.00000,10667.03000,30.83000,4.09000
49.44000,coast,-110.87000,19648.00000,10666.71000,29.74000,4.09000
49.45000,coast,-110.75000,19640.00000,10669.29000,28.66000,4.09000
49.46000,coast,-110.58000,19641.00000,10668.97000,27.58000,4.09000
49.47000,coast,-110.37000,19643.00000,10668.32000,26.51000,4.09000
49.48000,coast,-110.11000,19647.00000,10667.03000,25.44000,4.09000
49.49000,coast,-109.81000,19643.00000,10668.32000,24.38000,4.09000
49.50000,coast,-109.45000,19647.00000,10667.03000,23.33000,4.12000
49.51000,coast,-109.04000,19647.00000,10667.03000,22.30000,4.11000
49.52000,coast,-108.58000,19640.00000,10669.29000,21.26000,4.09000
49.53000,coast,-108.05000,19642.00000,10668.65000,20.24000,4.09000
49.54000,coast,-107.46000,19646.00000,10667.36000,19.23000,4.09000
49.55000,coast,-106.80000,19644.00000,10668.00000,18.22000,4.09000
49.56000,coast,-106.08000,19642.00000,10668.65000,17.27000,4.09000
49.57000,coast,-105.29000,19641.00000,10668.97000,16.30000,4.09000
49.58000,coast,-104.43000,19644.00000,10668.00000,15.33000,4.09000
49.59000,coast,-103.49000,19642.00000,10668.65000,14.38000,4.09000
49.60000,coast,-102.48000,19651.00000,10665.74000,13.43000,4.09000
49.61000,coast,-101.40000,19645.00000,10667.68000,12.50000,4.11000
49.62000,coast,-100.24000,19645.00000,10667.68000,11.58000,4.09000
49.63000,coast,-99.01000,19648.00000,10666.71000,10.67000,4.09000
49.64000,coast,-97.70000,19650.00000,10666.06000,9.77000,4.09000
49.65000,coast,-96.31000,19647.00000,10667.03000,8.89000,4.09000
49.66000,coast,-94.85000,19646.00000,10667.36000,8.02000,4.09000
49.67000,coast,-93.32000,19649.00000,10666.39000,7.16000,4.09000
49.68000,coast,-91.72000,19650.00000,10666.06000,6.31000,4.09000
49.69000,coast,-90.04000,19652.00000,10665.42000,5.48000,4.09000
49.70000,coast,-88.30000,19644.00000,10668.00000,4.66000,4.09000
49.71000,coast,-86.50000,19648.00000,10666.71000,1.23000,4.09000
49.72000,coast,-84.64000,19648.00000,10666.71000,-2.45000,4.12000
49.73000,coast,-82.72000,19648.00000,10666.71000,-5.81000,4.11000
49.74000,coast,-80.74000,19651.00000,10665.74000,-8.60000,4.09000
49.75000,coast,-78.72000,19655.00000,10664.45000,-11.29000,4.09000
49.76000,coast,-76.65000,19655.00000,10664.45000,-12.80000,4.09000
49.77000,coast,-74.55000,19649.00000,10666.39000,-13.25000,4.09000
49.78000,coast,-72.41000,19652.00000,10665.42000,-13.41000,4.09000
49.79000,coast,-70.24000,19655.00000,10664.45000,-13.51000,4.09000
49.80000,coast,-68.04000,19656.00000,10664.13000,-13.61000,4.09000
49.81000,coast,-65.83000,19654.00000,10664.77000,-13.71000,4.09000
49.82000,coast,-63.61000,19656.00000,10664.13000,-13.82000,4.09000
49.83000,coast,-61.38000,19659.00000,10663.16000,-13.92000,4.11000
49.84000,coast,-59.15000,19659.00000,10663.16000,-14.03000,4.11000
49.85000,coast,-56.92000,19655.00000,10664.45000,-14.13000,4.09000
49.86000,coast,-54.71000,19658.00000,10663.48000,-14.21000,4.09000
49.87000,coast,-52.51000,19660.00000,10662.84000,-14.32000,4.09000
49.88000,coast,-50.34000,19662.00000,10662.19000,-14.42000,4.09000
49.89000,coast,-48.20000,19663.00000,10661.87000,-14.52000,4.09000
49.90000,coast,-46.08000,19661.00000,10662.52000,-14.63000,4.09000
49.91000,coast,-44.01000,19662.00000,10662.19000,-14.73000,4.09000
49.92000,coast,-41.98000,19665.00000,10661.23000,-14.84000,4.09000
49.93000,coast,-40.00000,19666.00000,10660.90000,-14.95000,4.09000
49.94000,coast,-38.08000,19665.00000,10661.23000,-15.06000,4.11000
49.95000,coast,-36.20000,19665.00000,10661.23000,-15.17000,4.11000
49.96000,coast,-34.39000,19666.00000,10660.90000,-15.26000,4.09000
49.97000,coast,-32.65000,19664.00000,10661.55000,-15.37000,4.09000
49.98000,coast,-30.97000,19665.00000,10661.23000,-15.48000,4.09000
49.99000,coast,-29.36000,19670.00000,10659.61000,-15.59000,4.09000
50.00000,coast,-27.82000,19668.00000,10660.26000,-15.70000,4.09000
50.01000,coast,-26.35000,19665.00000,10661.23000,-15.82000,4.09000
50.02000,coast,-24.96000,19669.00000,10659.94000,-15.93000,4.09000
50.03000,coast,-23.64000,19666.00000,10660.90000,-16.04000,4.09000
50.04000,coast,-22.40000,19666.00000,10660.90000,-16.15000,4.09000
50.05000,coast,-21.23000,19670.00000,10659.61000,-16.27000,4.11000
50.06000,coast,-20.14000,19670.00000,10659.61000,-16.36000,4.09000
50.07000,coast,-19.13000,19663.00000,10661.87000,-16.48000,4.09000
50.08000,coast,-18.19000,19671.00000,10659.29000,-16.59000,4.09000
50.09000,coast,-17.32000,19672.00000,10658.97000,-16.70000,4.09000
50.10000,coast,-16.52000,19668.00000,10660.26000,-16.82000,4.09000
50.11000,coast,-15.79000,19670.00000,10659.61000,-16.93000,4.09000
50.12000,coast,-15.13000,19675.00000,10658.00000,-17.05000,4.09000
50.13000,coast,-14.53000,19672.00000,10658.97000,-17.16000,4.09000
50.14000,coast,-14.00000,19672.00000,10658.97000,-17.28000,4.09000
50.15000,coast,-13.52000,19669.00000,10659.94000,-17.40000,4.09000
50.16000,coast,-13.10000,19672.00000,10658.97000,-17.49000,4.11000
50.17000,coast,-12.74000,19672.00000,10658.97000,-17.60000,4.11000
50.18000,coast,-12.42000,19671.00000,10659.29000,-17.72000,4.09000
50.19000,coast,-12.15000,19671.00000,10659.29000,-17.84000,4.09000
50.20000,coast,-11.92000,19676.00000,10657.68000,-17.95000,4.09000
50.21000,coast,-11.75000,19679.00000,10656.71000,-18.07000,4.09000
50.22000,coast,-11.64000,19673.00000,10658.65000,-18.19000,4.09000
50.23000,coast,-11.58000,19672.00000,10658.97000,-18.31000,4.09000
50.24000,coast,-11.55000,19671.00000,10659.29000,-18.42000,4.09000
50.25000,coast,-11.56000,19679.00000,10656.71000,-18.54000,4.09000
50.26000,coast,-11.57000,19681.00000,10656.07000,-18.64000,4.09000
50.27000,coast,-11.60000,19673.00000,10658.65000,-18.75000,4.11000
50.28000,coast,-11.62000,19673.00000,10658.65000,-18.87000,4.11000
50.29000,coast,-11.64000,19677.00000,10657.36000,-18.99000,4.09000
50.30000,coast,-11.65000,19675.00000,10658.00000,-19.11000,4.09000
50.31000,coast,-11.67000,19682.00000,10655.75000,-19.23000,4.09000
50.32000,coast,-11.69000,19674.00000,10658.32000,-19.35000,4.09000
50.33000,coast,-11.71000,19678.00000,10657.03000,-19.47000,4.09000
50.34000,coast,-11.72000,19680.00000,10656.39000,-19.59000,4.09000
50.35000,coast,-11.74000,19687.00000,10654.13000,-19.71000,4.09000
50.36000,coast,-11.76000,19684.00000,10655.10000,-19.81000,4.09000
50.37000,coast,-11.77000,19688.00000,10653.81000,-19.93000,4.09000
50.38000,coast,-11.78000,19682.00000,10655.75000,-20.05000,4.11000
50.39000,coast,-11.80000,19682.00000,10655.75000,-20.17000,4.09000
50.40000,coast,-11.81000,19686.00000,10654.46000,-20.29000,4.09000
50.41000,coast,-11.82000,19688.00000,10653.81000,-20.41000,4.09000
50.42000,coast,-11.83000,19685.00000,10654.78000,-20.53000,4.09000
50.43000,coast,-11.84000,19690.00000,10653.17000,-20.66000,4.11000
50.44000,coast,-11.85000,19682.00000,10655.75000,-20.78000,4.09000
50.45000,coast,-11.85000,19685.00000,10654.78000,-20.91000,4.09000
50.46000,coast,-11.86000,19691.00000,10652.85000,-21.00000,4.09000
50.47000,coast,-11.87000,19691.00000,10652.85000,-21.12000,4.09000
50.48000,coast,-11.87000,19691.00000,10652.85000,-21.25000,4.09000
50.49000,coast,-11.87000,19695.00000,10651.56000,-21.37000,4.12000
50.50000,coast,-11.88000,19695.00000,10651.56000,-21.49000,4.11000
50.51000,coast,-11.88000,19692.00000,10652.52000,-21.61000,4.09000
50.52000,coast,-11.88000,19690.00000,10653.17000,-21.74000,4.09000
50.53000,coast,-11.88000,19690.00000,10653.17000,-21.87000,4.09000
50.54000,coast,-11.88000,19692.00000,10652.52000,-21.99000,4.09000
50.55000,coast,-11.88000,19690.00000,10653.17000,-22.12000,4.09000
50.56000,coast,-11.87000,19688.00000,10653.81000,-22.21000,4.09000
50.57000,coast,-11.87000,19686.00000,10654.46000,-22.33000,4.09000
50.58000,coast,-11.86000,19690.00000,10653.17000,-22.46000,4.09000
50.59000,coast,-11.86000,19690.00000,10653.17000,-22.58000,4.09000
50.60000,coast,-11.85000,19690.00000,10653.17000,-22.70000,4.11000
50.61000,coast,-11.84000,19690.00000,10653.17000,-22.83000,4.11000
50.62000,coast,-11.83000,19690.00000,10653.17000,-22.95000,4.09000
50.63000,coast,-11.82000,19694.00000,10651.88000,-23.08000,4.09000
50.64000,coast,-11.81000,19684.00000,10655.10000,-23.21000,4.09000
50.65000,coast,-11.80000,19684.00000,10655.10000,-23.34000,4.09000
50.66000,coast,-11.79000,19687.00000,10654.13000,-23.41000,4.09000
50.67000,coast,-11.78000,19681.00000,10656.07000,-23.53000,4.09000
50.68000,coast,-11.78000,19694.00000,10651.88000,-23.66000,4.09000
50.69000,coast,-11.78000,19691.00000,10652.85000,-23.78000,4.09000
50.70000,coast,-11.79000,19696.00000,10651.24000,-23.90000,4.09000
50.71000,coast,-11.80000,19700.00000,10649.95000,-24.02000,4.11000
50.72000,coast,-11.82000,19700.00000,10649.95000,-24.14000,4.11000
50.73000,coast,-11.84000,19702.00000,10649.30000,-24.26000,4.09000
50.74000,coast,-11.86000,19703.00000,10648.98000,-24.39000,4.09000
50.75000,coast,-11.88000,19701.00000,10649.63000,-24.51000,4.09000
50.76000,coast,-11.67000,19709.00000,10647.05000,-24.60000,4.09000
50.77000,coast,-11.66000,19709.00000,10647.05000,-24.71000,4.09000
50.78000,coast,-11.65000,19712.00000,10646.09000,-24.83000,4.09000
50.79000,coast,-11.64000,19707.00000,10647.70000,-24.95000,4.09000
50.80000,coast,-11.64000,19712.00000,10646.09000,-25.07000,4.09000
50.81000,coast,-11.65000,19706.00000,10648.02000,-25.19000,4.09000
50.82000,coast,-11.65000,19717.00000,10644.48000,-25.31000,4.11000
50.83000,coast,-11.66000,19717.00000,10644.48000,-25.43000,4.11000
50.84000,coast,-11.68000,19712.00000,10646.09000,-25.55000,4.11000
50.85000,coast,-11.69000,19726.00000,10641.58000,-25.68000,4.09000
50.86000,coast,-11.49000,19718.00000,10644.16000,-25.76000,4.09000
50.87000,coast,-11.47000,19713.00000,10645.77000,-25.88000,4.09000
50.88000,coast,-11.45000,19718.00000,10644.16000,-25.99000,4.09000
50.89000,coast,-11.45000,19718.00000,10644.16000,-26.11000,4.09000
50.90000,coast,-11.44000,19718.00000,10644.16000,-26.22000,4.09000
50.91000,coast,-11.44000,19725.00000,10641.91000,-26.34000,4.09000
50.92000,coast,-11.44000,19727.00000,10641.26000,-26.46000,4.09000
50.93000,coast,-11.45000,19726.00000,10641.58000,-26.58000,4.12000
50.94000,coast,-11.46000,19726.00000,10641.58000,-26.69000,4.11000
50.95000,coast,-11.47000,19729.00000,10640.62000,-26.81000,4.09000
50.96000,coast,-11.27000,19727.00000,10641.26000,-26.89000,4.09000
50.97000,coast,-11.25000,19731.00000,10639.98000,-27.00000,4.09000
50.98000,coast,-11.23000,19730.00000,10640.30000,-27.11000,4.09000
50.99000,coast,-11.21000,19731.00000,10639.98000,-27.22000,4.09000
51.00000,coast,-11.20000,19732.00000,10639.66000,-27.33000,4.09000
51.01000,coast,-11.20000,19733.00000,10639.33000,-27.45000,4.09000
51.02000,coast,-11.19000,19732.00000,10639.66000,-27.56000,4.09000
51.03000,coast,-11.19000,19733.00000,10639.33000,-27.67000,4.09000
51.04000,coast,-11.19000,19732.00000,10639.66000,-27.78000,4.11000
51.05000,coast,-11.18000,19732.00000,10639.66000,-27.89000,4.11000
51.06000,coast,-10.98000,19732.00000,10639.66000,-27.97000,4.11000
51.07000,coast,-10.95000,19739.00000,10637.41000,-28.08000,4.09000
51.08000,coast,-10.92000,19730.00000,10640.30000,-28.18000,4.09000
51.09000,coast,-10.88000,19743.00000,10636.12000,-28.29000,4.09000
51.10000,coast,-10.85000,19746.00000,10635.16000,-28.39000,4.09000
51.11000,coast,-10.82000,19742.00000,10636.44000,-28.50000,4.09000
51.12000,coast,-10.80000,19749.00000,10634.19000,-28.61000,4.11000
51.13000,coast,-10.77000,19742.00000,10636.44000,-28.72000,4.09000
51.14000,coast,-10.74000,19752.00000,10633.23000,-28.82000,4.09000
51.15000,drogue,-10.70000,19740.00000,10637.09000,-28.93000,4.11000
51.16000,drogue,-10.18000,19740.00000,10637.09000,-29.47000,4.09000
51.26000,drogue,-9.11000,19755.00000,10632.27000,-30.40000,4.11000
51.36000,drogue,-7.65000,19762.00000,10630.02000,-31.26000,4.09000
51.46000,drogue,-5.98000,19784.00000,10622.97000,-32.04000,4.11000
51.56000,drogue,-4.25000,19774.00000,10626.17000,-32.64000,4.09000
51.66000,drogue,-2.53000,19791.00000,10620.72000,-33.10000,4.09000
51.76000,drogue,-0.72000,19800.00000,10617.84000,-33.37000,4.09000
51.86000,drogue,1.13000,19806.00000,10615.92000,-33.44000,4.09000
51.96000,drogue,2.94000,19827.00000,10609.20000,-33.33000,4.09000
52.06000,drogue,4.65000,19844.00000,10603.76000,-33.03000,4.09000
52.16000,drogue,6.19000,19856.00000,10599.93000,-32.52000,4.09000
52.26000,drogue,7.51000,19871.00000,10595.14000,-31.86000,4.09000
52.36000,drogue,8.55000,19888.00000,10589.72000,-31.07000,4.11000
52.46000,drogue,9.25000,19900.00000,10585.89000,-30.18000,4.11000
52.56000,drogue,9.56000,19913.00000,10581.75000,-29.17000,4.09000
52.66000,drogue,9.45000,19914.00000,10581.43000,-28.14000,4.09000
52.76000,drogue,8.89000,19922.00000,10578.88000,-27.13000,4.09000
52.86000,drogue,7.90000,19931.00000,10576.02000,-26.16000,4.09000
52.96000,drogue,6.50000,19936.00000,10574.43000,-25.31000,4.09000
53.06000,drogue,4.76000,19947.00000,10570.93000,-24.60000,4.09000
53.16000,drogue,2.75000,19965.00000,10565.21000,-24.07000,4.09000
53.26000,drogue,0.57000,19964.00000,10565.53000,-23.76000,4.09000
53.36000,drogue,-1.68000,19977.00000,10561.40000,-23.70000,4.09000
53.46000,drogue,-3.92000,19991.00000,10556.96000,-23.90000,4.12000
53.56000,drogue,-6.10000,19971.00000,10563.31000,-24.28000,4.11000
53.66000,drogue,-8.15000,19977.00000,10561.40000,-24.90000,4.09000
53.76000,drogue,-10.01000,19965.00000,10565.21000,-25.76000,4.09000
53.86000,drogue,-11.64000,19964.00000,10565.53000,-26.80000,4.09000
53.96000,drogue,-12.96000,19974.00000,10562.35000,-28.00000,4.09000
54.06000,drogue,-13.95000,19989.00000,10557.59000,-29.38000,4.09000
54.16000,drogue,-14.57000,19980.00000,10560.45000,-30.83000,4.09000
54.26000,drogue,-14.84000,20005.00000,10552.52000,-32.32000,4.09000
54.36000,drogue,-14.74000,20025.00000,10546.18000,-33.88000,4.09000
54.46000,drogue,-14.30000,20034.00000,10543.33000,-35.41000,4.09000
54.56000,drogue,-13.57000,20038.00000,10542.07000,-36.90000,4.11000
54.66000,drogue,-12.57000,20062.00000,10534.48000,-38.28000,4.09000
54.76000,drogue,-11.39000,20077.00000,10529.74000,-39.59000,4.09000
54.86000,drogue,-10.11000,20087.00000,10526.58000,-40.74000,4.09000
54.96000,drogue,-8.80000,20115.00000,10517.74000,-41.74000,4.09000
55.06000,drogue,-7.55000,20137.00000,10510.81000,-42.62000,4.09000
55.16000,drogue,-6.41000,20152.00000,10506.09000,-43.35000,4.09000
55.26000,drogue,-5.41000,20170.00000,10500.43000,-43.95000,4.09000
55.36000,drogue,-4.56000,20189.00000,10494.46000,-44.48000,4.09000
55.46000,drogue,-3.85000,20198.00000,10491.63000,-44.92000,4.09000
55.56000,drogue,-3.29000,20188.00000,10494.77000,-45.27000,4.09000
55.66000,drogue,-2.84000,20195.00000,10492.57000,-45.58000,4.12000
55.76000,drogue,-2.49000,20221.00000,10484.41000,-45.85000,4.09000
55.86000,drogue,-2.23000,20221.00000,10484.41000,-46.09000,4.09000
55.96000,drogue,-2.02000,20229.00000,10481.90000,-46.29000,4.09000
56.06000,drogue,-1.80000,20270.00000,10469.06000,-46.51000,4.09000
56.16000,drogue,-1.49000,20273.00000,10468.13000,-46.67000,4.09000
56.26000,drogue,-0.99000,20289.00000,10463.12000,-46.86000,4.09000
56.36000,drogue,-0.22000,20326.00000,10451.57000,-47.01000,4.09000
56.46000,drogue,0.80000,20334.00000,10449.07000,-47.12000,4.09000
56.56000,drogue,1.99000,20360.00000,10440.97000,-47.09000,4.09000
56.66000,drogue,3.23000,20362.00000,10440.35000,-46.87000,4.09000
56.76000,drogue,4.39000,20392.00000,10431.01000,-46.50000,4.11000
56.86000,drogue,5.40000,20380.00000,10434.74000,-46.04000,4.09000
56.96000,drogue,6.20000,20393.00000,10430.70000,-45.48000,4.09000
57.06000,drogue,6.79000,20411.00000,10425.10000,-44.82000,4.09000
57.16000,drogue,7.13000,20416.00000,10423.55000,-44.12000,4.09000
57.26000,drogue,7.19000,20446.00000,10414.24000,-43.33000,4.09000
57.36000,drogue,6.93000,20480.00000,10403.70000,-42.58000,4.09000
57.46000,drogue,6.35000,20490.00000,10400.61000,-41.83000,4.09000
57.56000,drogue,5.45000,20523.00000,10390.40000,-41.13000,4.09000
57.66000,drogue,4.25000,20532.00000,10387.62000,-40.54000,4.09000
57.76000,drogue,2.81000,20551.00000,10381.76000,-40.09000,4.09000
57.86000,drogue,1.19000,20548.00000,10382.68000,-39.75000,4.11000
57.96000,drogue,-0.52000,20544.00000,10383.92000,-39.62000,4.11000
58.06000,drogue,-2.21000,20562.00000,10378.36000,-39.69000,4.09000
58.16000,drogue,-3.81000,20572.00000,10375.28000,-39.93000,4.09000
58.26000,drogue,-5.28000,20589.00000,10370.04000,-40.32000,4.09000
58.36000,drogue,-6.60000,20600.00000,10366.65000,-40.90000,4.09000
58.46000,drogue,-7.75000,20613.00000,10362.65000,-41.58000,4.09000
58.56000,drogue,-8.74000,20595.00000,10368.19000,-42.37000,4.09000
58.66000,drogue,-9.54000,20559.00000,10379.29000,-43.26000,4.09000
58.76000,drogue,-10.09000,20575.00000,10374.35000,-44.28000,4.09000
58.86000,drogue,-10.37000,20621.00000,10360.19000,-45.31000,4.09000
58.96000,drogue,-10.35000,20646.00000,10352.51000,-46.40000,4.12000
59.06000,drogue,-10.04000,20670.00000,10345.14000,-47.52000,4.09000
59.16000,drogue,-9.48000,20714.00000,10331.66000,-48.55000,4.09000
59.26000,drogue,-8.72000,20718.00000,10330.43000,-49.52000,4.09000
59.36000,drogue,-7.79000,20767.00000,10315.45000,-50.42000,4.09000
59.46000,drogue,-6.75000,20777.00000,10312.40000,-51.21000,4.09000
59.56000,drogue,-5.63000,20803.00000,10304.47000,-51.93000,4.09000
59.66000,drogue,-4.50000,20814.00000,10301.11000,-52.47000,4.09000
59.76000,drogue,-3.42000,20815.00000,10300.81000,-52.93000,4.09000
59.86000,drogue,-2.47000,20818.00000,10299.90000,-53.24000,4.09000
59.96000,drogue,-1.66000,20846.00000,10291.37000,-53.44000,4.09000
60.06000,drogue,-0.99000,20849.00000,10290.46000,-53.58000,4.11000
60.16000,drogue,-0.39000,20868.00000,10284.68000,-53.67000,4.09000
60.26000,drogue,0.20000,20870.00000,10284.07000,-53.71000,4.09000
60.36000,drogue,0.77000,20890.00000,10278.00000,-53.71000,4.11000
60.46000,drogue,1.27000,20904.00000,10273.75000,-53.65000,4.09000
60.56000,drogue,1.62000,20921.00000,10268.60000,-53.50000,4.09000
60.66000,drogue,1.77000,20968.00000,10254.37000,-53.25000,4.09000
60.76000,drogue,1.76000,21004.00000,10243.49000,-53.01000,4.09000
60.86000,drogue,1.66000,21026.00000,10236.85000,-52.85000,4.09000
60.96000,drogue,1.58000,21052.00000,10229.01000,-52.71000,4.09000
61.06000,drogue,1.61000,21074.00000,10222.39000,-52.57000,4.09000
61.16000,drogue,1.76000,21053.00000,10228.71000,-52.44000,4.11000
61.26000,drogue,2.05000,21061.00000,10226.30000,-52.25000,4.09000
61.36000,drogue,2.44000,21069.00000,10223.89000,-52.09000,4.09000
61.46000,drogue,2.90000,21100.00000,10214.57000,-51.87000,4.09000
61.56000,drogue,3.36000,21129.00000,10205.86000,-51.58000,4.09000
61.66000,drogue,3.71000,21129.00000,10205.86000,-51.23000,4.09000
61.76000,drogue,3.92000,21162.00000,10195.96000,-50.81000,4.09000
61.86000,drogue,3.96000,21180.00000,10190.57000,-50.37000,4.09000
61.96000,drogue,3.86000,21196.00000,10185.78000,-49.98000,4.09000
62.06000,drogue,3.68000,21212.00000,10181.00000,-49.56000,4.09000
62.16000,drogue,3.44000,21242.00000,10172.03000,-49.21000,4.09000
62.26000,drogue,3.16000,21245.00000,10171.14000,-48.85000,4.12000
62.36000,drogue,2.84000,21267.00000,10164.57000,-48.53000,4.09000
62.46000,drogue,2.51000,21271.00000,10163.38000,-48.23000,4.09000
62.56000,drogue,2.20000,21277.00000,10161.59000,-47.97000,4.09000
62.66000,drogue,1.95000,21293.00000,10156.83000,-47.78000,4.09000
62.76000,drogue,1.77000,21305.00000,10153.25000,-47.62000,4.09000
62.86000,drogue,1.61000,21341.00000,10142.55000,-47.43000,4.09000
62.96000,drogue,1.41000,21370.00000,10133.93000,-47.26000,4.09000
63.06000,drogue,1.09000,21389.00000,10128.30000,-47.13000,4.09000
63.16000,drogue,0.62000,21402.00000,10124.45000,-46.95000,4.09000
63.26000,drogue,0.03000,21415.00000,10120.59000,-46.87000,4.09000
63.36000,drogue,-0.60000,21435.00000,10114.68000,-46.84000,4.11000
63.46000,drogue,-1.20000,21443.00000,10112.31000,-46.93000,4.09000
63.56000,drogue,-1.71000,21428.00000,10116.75000,-47.09000,4.09000
63.66000,drogue,-2.07000,21440.00000,10113.20000,-47.27000,4.09000
63.76000,drogue,-2.28000,21456.00000,10108.47000,-47.48000,4.09000
63.86000,drogue,-2.33000,21477.00000,10102.26000,-47.75000,4.09000
63.96000,drogue,-2.20000,21512.00000,10091.94000,-48.02000,4.09000
64.06000,drogue,-1.90000,21522.00000,10088.99000,-48.25000,4.09000
64.16000,drogue,-1.43000,21563.00000,10076.92000,-48.50000,4.09000
64.26000,drogue,-0.84000,21569.00000,10075.15000,-48.64000,4.09000
64.36000,drogue,-0.20000,21582.00000,10071.33000,-48.76000,4.09000
64.46000,drogue,0.44000,21593.00000,10068.10000,-48.76000,4.12000
64.56000,drogue,1.05000,21612.00000,10062.52000,-48.70000,4.09000
64.66000,drogue,1.63000,21630.00000,10057.24000,-48.58000,4.09000
64.76000,drogue,2.23000,21636.00000,10055.49000,-48.40000,4.09000
64.86000,drogue,2.88000,21640.00000,10054.31000,-48.23000,4.09000
64.96000,drogue,3.60000,21664.00000,10047.28000,-47.96000,4.09000
65.06000,drogue,4.33000,21694.00000,10038.51000,-47.59000,4.09000
65.16000,drogue,5.03000,21711.00000,10033.54000,-47.16000,4.09000
65.26000,drogue,5.61000,21753.00000,10021.28000,-46.63000,4.09000
65.36000,drogue,6.02000,21767.00000,10017.20000,-46.04000,4.09000
65.46000,drogue,6.20000,21793.00000,10009.63000,-45.41000,4.09000
65.56000,drogue,6.13000,21799.00000,10007.89000,-44.75000,4.11000
65.66000,drogue,5.81000,21805.00000,10006.14000,-44.07000,4.09000
65.76000,drogue,5.33000,21802.00000,10007.02000,-43.44000,4.09000
65.86000,drogue,4.77000,21831.00000,9998.59000,-42.90000,4.09000
65.96000,drogue,4.23000,21841.00000,9995.68000,-42.46000,4.09000
66.06000,drogue,3.78000,21839.00000,9996.26000,-42.04000,4.09000
66.16000,drogue,3.42000,21862.00000,9989.59000,-41.69000,4.09000
66.26000,drogue,3.12000,21856.00000,9991.33000,-41.38000,4.09000
66.36000,drogue,2.79000,21888.00000,9982.05000,-41.05000,4.09000
66.46000,drogue,2.39000,21892.00000,9980.89000,-40.76000,4.09000
66.56000,drogue,1.86000,21917.00000,9973.65000,-40.49000,4.09000
66.66000,drogue,1.17000,21939.00000,9967.29000,-40.26000,4.11000
66.76000,drogue,0.30000,21962.00000,9960.65000,-40.14000,4.09000
66.86000,drogue,-0.71000,22000.00000,9949.68000,-40.08000,4.09000
66.96000,drogue,-1.82000,21985.00000,9954.01000,-40.10000,4.09000
67.06000,drogue,-2.97000,21982.00000,9954.87000,-40.29000,4.09000
67.16000,drogue,-4.06000,22011.00000,9946.51000,-40.59000,4.09000
67.26000,drogue,-5.04000,22004.00000,9948.53000,-41.05000,4.09000
67.36000,drogue,-5.88000,22011.00000,9946.51000,-41.57000,4.09000
67.46000,drogue,-6.58000,22032.00000,9940.47000,-42.18000,4.09000
67.56000,drogue,-7.15000,22068.00000,9930.11000,-42.86000,4.09000
67.66000,drogue,-7.60000,22063.00000,9931.55000,-43.59000,4.09000
67.76000,drogue,-7.92000,22086.00000,9924.94000,-44.35000,4.12000
67.86000,drogue,-8.11000,22122.00000,9914.61000,-45.20000,4.09000
67.96000,drogue,-8.19000,22142.00000,9908.88000,-46.02000,4.09000
68.06000,drogue,-8.16000,22138.00000,9910.03000,-46.84000,4.09000
68.16000,drogue,-8.01000,22142.00000,9908.88000,-47.68000,4.09000
68.26000,drogue,-7.73000,22160.00000,9903.73000,-48.49000,4.09000
68.36000,drogue,-7.30000,22146.00000,9907.74000,-49.32000,4.09000
68.46000,drogue,-6.68000,22164.00000,9902.58000,-50.05000,4.09000
68.56000,drogue,-5.85000,22174.00000,9899.72000,-50.75000,4.09000
68.66000,drogue,-4.78000,22196.00000,9893.44000,-51.38000,4.09000
68.76000,drogue,-3.48000,22261.00000,9874.89000,-51.91000,4.09000
68.86000,drogue,-2.06000,22280.00000,9869.48000,-52.31000,4.11000
68.96000,drogue,-0.60000,22293.00000,9865.78000,-52.52000,4.09000
69.06000,drogue,0.76000,22353.00000,9848.74000,-52.52000,4.09000
69.16000,drogue,1.96000,22372.00000,9843.35000,-52.41000,4.09000
69.26000,drogue,3.00000,22393.00000,9837.40000,-52.20000,4.09000
69.36000,drogue,3.89000,22396.00000,9836.55000,-51.86000,4.09000
69.46000,drogue,4.66000,22402.00000,9834.85000,-51.45000,4.09000
69.56000,drogue,5.32000,22419.00000,9830.04000,-51.02000,4.09000
69.66000,drogue,5.87000,22423.00000,9828.91000,-50.43000,4.09000
69.76000,drogue,6.34000,22434.00000,9825.80000,-49.81000,4.09000
69.86000,drogue,6.73000,22449.00000,9821.56000,-49.17000,4.09000
69.96000,drogue,7.06000,22442.00000,9823.54000,-48.53000,4.12000
70.06000,drogue,7.31000,22473.00000,9814.78000,-47.80000,4.09000
70.16000,drogue,7.45000,22504.00000,9806.04000,-47.03000,4.09000
70.26000,drogue,7.44000,22538.00000,9796.47000,-46.28000,4.09000
70.36000,drogue,7.25000,22569.00000,9787.75000,-45.49000,4.09000
70.46000,drogue,6.94000,22577.00000,9785.50000,-44.75000,4.09000
70.56000,drogue,6.55000,22606.00000,9777.36000,-44.02000,4.09000
70.66000,drogue,6.15000,22631.00000,9770.35000,-43.36000,4.09000
70.76000,drogue,5.75000,22637.00000,9768.67000,-42.80000,4.09000
70.86000,drogue,5.35000,22631.00000,9770.35000,-42.23000,4.09000
70.96000,drogue,4.94000,22638.00000,9768.39000,-41.64000,4.09000
71.06000,drogue,4.48000,22628.00000,9771.19000,-41.16000,4.11000
71.16000,drogue,3.93000,22651.00000,9764.75000,-40.71000,4.09000
71.26000,drogue,3.30000,22695.00000,9752.44000,-40.32000,4.09000
71.36000,drogue,2.59000,22695.00000,9752.44000,-39.94000,4.09000
71.46000,drogue,1.83000,22717.00000,9746.29000,-39.65000,4.09000
71.56000,drogue,1.06000,22744.00000,9738.75000,-39.49000,4.09000
71.66000,drogue,0.32000,22733.00000,9741.82000,-39.42000,4.09000
71.76000,drogue,-0.39000,22750.00000,9737.08000,-39.38000,4.09000
71.86000,drogue,-1.09000,22772.00000,9730.94000,-39.42000,4.09000
71.96000,drogue,-1.79000,22800.00000,9723.14000,-39.52000,4.09000
72.06000,drogue,-2.47000,22795.00000,9724.53000,-39.69000,4.09000
72.16000,drogue,-3.07000,22798.00000,9723.70000,-39.93000,4.11000
72.26000,drogue,-3.58000,22816.00000,9718.68000,-40.31000,4.09000
72.36000,drogue,-3.99000,22826.00000,9715.90000,-40.69000,4.09000
72.46000,drogue,-4.33000,22849.00000,9709.50000,-41.06000,4.09000
72.56000,drogue,-4.60000,22856.00000,9707.56000,-41.50000,4.09000
72.66000,drogue,-4.80000,22880.00000,9700.89000,-41.98000,4.09000
72.76000,drogue,-4.92000,22895.00000,9696.72000,-42.49000,4.09000
72.86000,drogue,-4.96000,22901.00000,9695.06000,-42.99000,4.09000
72.96000,drogue,-4.94000,22899.00000,9695.61000,-43.50000,4.11000
73.06000,drogue,-4.89000,22938.00000,9684.80000,-43.98000,4.09000
73.16000,drogue,-4.79000,22963.00000,9677.87000,-44.46000,4.09000
73.26000,drogue,-4.62000,22993.00000,9669.57000,-44.99000,4.12000
73.36000,drogue,-4.39000,22992.00000,9669.84000,-45.44000,4.09000
73.46000,drogue,-4.11000,23027.00000,9660.17000,-45.90000,4.09000
73.56000,drogue,-3.80000,23055.00000,9652.43000,-46.33000,4.09000
73.66000,drogue,-3.47000,23065.00000,9649.67000,-46.68000,4.09000
73.76000,drogue,-3.11000,23036.00000,9657.68000,-47.01000,4.09000
73.86000,drogue,-2.68000,23049.00000,9654.09000,-47.36000,4.09000
73.96000,drogue,-2.17000,23071.00000,9648.02000,-47.67000,4.09000
74.06000,drogue,-1.61000,23073.00000,9647.47000,-47.89000,4.09000
74.16000,drogue,-1.05000,23095.00000,9641.40000,-48.04000,4.09000
74.26000,drogue,-0.53000,23157.00000,9624.33000,-48.13000,4.09000
74.36000,drogue,-0.06000,23154.00000,9625.15000,-48.17000,4.12000
74.46000,drogue,0.41000,23172.00000,9620.20000,-48.17000,4.09000
74.56000,drogue,0.91000,23210.00000,9609.76000,-48.13000,4.09000
74.66000,drogue,1.48000,23245.00000,9600.16000,-48.06000,4.09000
74.76000,drogue,2.11000,23275.00000,9591.94000,-47.94000,4.09000
74.86000,drogue,2.75000,23287.00000,9588.65000,-47.75000,4.09000
74.96000,drogue,3.35000,23291.00000,9587.56000,-47.43000,4.09000
75.06000,drogue,3.89000,23288.00000,9588.38000,-47.08000,4.11000
75.16000,drogue,4.34000,23284.00000,9589.47000,-46.69000,4.09000
75.26000,drogue,4.68000,23307.00000,9583.18000,-46.26000,4.09000
75.36000,drogue,4.89000,23314.00000,9581.26000,-45.74000,4.09000
75.46000,drogue,4.97000,23343.00000,9573.33000,-45.23000,4.11000
75.56000,drogue,4.92000,23365.00000,9567.32000,-44.71000,4.09000
75.66000,drogue,4.73000,23380.00000,9563.23000,-44.22000,4.09000
75.76000,drogue,4.43000,23414.00000,9553.96000,-43.70000,4.09000
75.86000,drogue,4.03000,23449.00000,9544.42000,-43.24000,4.09000
75.96000,drogue,3.59000,23457.00000,9542.24000,-42.85000,4.09000
76.06000,drogue,3.17000,23465.00000,9540.06000,-42.46000,4.09000
76.16000,drogue,2.84000,23473.00000,9537.89000,-42.17000,4.09000
76.26000,drogue,2.61000,23481.00000,9535.71000,-41.96000,4.09000
76.36000,drogue,2.48000,23502.00000,9530.00000,-41.69000,4.09000
76.46000,drogue,2.42000,23513.00000,9527.01000,-41.43000,4.09000
76.56000,drogue,2.43000,23547.00000,9517.78000,-41.19000,4.11000
76.66000,drogue,2.45000,23559.00000,9514.53000,-40.98000,4.09000
76.76000,drogue,2.45000,23573.00000,9510.73000,-40.74000,4.09000
76.86000,drogue,2.35000,23577.00000,9509.65000,-40.48000,4.09000
76.96000,drogue,2.11000,23555.00000,9515.61000,-40.20000,4.09000
77.06000,drogue,1.71000,23570.00000,9511.54000,-39.93000,4.09000
77.16000,drogue,1.19000,23600.00000,9503.41000,-39.77000,4.09000
77.26000,drogue,0.64000,23614.00000,9499.62000,-39.63000,4.09000
77.36000,drogue,0.14000,23631.00000,9495.02000,-39.58000,4.09000
77.46000,drogue,-0.22000,23657.00000,9487.99000,-39.60000,4.09000
77.56000,drogue,-0.43000,23685.00000,9480.42000,-39.66000,4.09000
77.66000,drogue,-0.48000,23729.00000,9468.55000,-39.72000,4.11000
77.76000,drogue,-0.41000,23746.00000,9463.97000,-39.78000,4.09000
77.86000,drogue,-0.30000,23756.00000,9461.27000,-39.87000,4.09000
77.96000,drogue,-0.22000,23768.00000,9458.04000,-39.87000,4.09000
78.06000,drogue,-0.25000,23745.00000,9464.24000,-39.87000,4.09000
78.16000,drogue,-0.42000,23781.00000,9454.54000,-39.86000,4.09000
78.26000,drogue,-0.73000,23772.00000,9456.96000,-39.88000,4.09000
78.36000,drogue,-1.17000,23759.00000,9460.46000,-39.92000,4.09000
78.46000,drogue,-1.65000,23768.00000,9458.04000,-40.03000,4.09000
78.56000,drogue,-2.14000,23784.00000,9453.73000,-40.21000,4.09000
78.66000,drogue,-2.63000,23819.00000,9444.32000,-40.41000,4.09000
78.76000,drogue,-3.10000,23820.00000,9444.05000,-40.70000,4.11000
78.86000,drogue,-3.55000,23849.00000,9436.26000,-41.01000,4.09000
78.96000,drogue,-3.98000,23875.00000,9429.28000,-41.34000,4.09000
79.06000,drogue,-4.40000,23918.00000,9417.75000,-41.76000,4.09000
79.16000,drogue,-4.82000,23981.00000,9400.88000,-42.23000,4.09000
79.26000,drogue,-5.22000,23963.00000,9405.70000,-42.68000,4.09000
79.36000,drogue,-5.59000,23995.00000,9397.14000,-43.20000,4.09000
79.46000,drogue,-5.87000,23995.00000,9397.14000,-43.76000,4.09000
79.56000,drogue,-5.99000,23993.00000,9397.68000,-44.38000,4.09000
79.66000,drogue,-5.87000,23981.00000,9400.88000,-45.04000,4.09000
79.76000,drogue,-5.50000,23964.00000,9405.43000,-45.67000,4.09000
79.86000,drogue,-4.94000,23991.00000,9398.21000,-46.25000,4.11000
79.96000,drogue,-4.27000,23975.00000,9402.49000,-46.79000,4.09000
80.06000,drogue,-3.59000,24017.00000,9391.26000,-47.18000,4.09000
80.16000,drogue,-2.92000,24047.00000,9383.26000,-47.54000,4.09000
80.26000,drogue,-2.30000,24089.00000,9372.06000,-47.81000,4.09000
80.36000,drogue,-1.69000,24114.00000,9365.40000,-48.05000,4.09000
80.46000,drogue,-1.11000,24161.00000,9352.90000,-48.23000,4.09000
80.56000,drogue,-0.54000,24181.00000,9347.59000,-48.33000,4.09000
80.66000,drogue,-0.02000,24194.00000,9344.14000,-48.37000,4.09000
80.76000,drogue,0.47000,24232.00000,9334.06000,-48.36000,4.09000
80.86000,drogue,0.94000,24234.00000,9333.52000,-48.31000,4.09000
80.96000,drogue,1.43000,24246.00000,9330.34000,-48.23000,4.12000
81.06000,drogue,1.96000,24269.00000,9324.25000,-48.09000,4.09000
81.16000,drogue,2.57000,24257.00000,9327.43000,-47.92000,4.09000
81.26000,drogue,3.26000,24239.00000,9332.20000,-47.65000,4.09000
81.36000,drogue,4.00000,24294.00000,9317.63000,-47.34000,4.09000
81.46000,drogue,4.72000,24307.00000,9314.20000,-47.00000,4.09000
81.56000,drogue,5.34000,24354.00000,9301.78000,-46.46000,4.09000
81.66000,drogue,5.80000,24369.00000,9297.82000,-45.90000,4.09000
81.76000,drogue,6.05000,24387.00000,9293.07000,-45.27000,4.09000
81.86000,drogue,6.10000,24393.00000,9291.48000,-44.65000,4.09000
81.96000,drogue,5.98000,24411.00000,9286.74000,-43.99000,4.09000
82.06000,drogue,5.76000,24398.00000,9290.17000,-43.39000,4.12000
82.16000,drogue,5.48000,24410.00000,9287.00000,-42.80000,4.09000
82.26000,drogue,5.20000,24442.00000,9278.57000,-42.24000,4.09000
82.36000,drogue,4.90000,24505.00000,9262.00000,-41.75000,4.09000
82.46000,drogue,4.58000,24505.00000,9262.00000,-41.28000,4.09000
82.56000,drogue,4.17000,24503.00000,9262.53000,-40.78000,4.09000
82.66000,drogue,3.61000,24516.00000,9259.11000,-40.32000,4.09000
82.76000,drogue,2.88000,24559.00000,9247.83000,-39.95000,4.09000
82.86000,drogue,1.95000,24574.00000,9243.90000,-39.64000,4.09000
82.96000,drogue,0.81000,24600.00000,9237.08000,-39.39000,4.09000
83.06000,drogue,-0.51000,24596.00000,9238.13000,-39.27000,4.09000
83.16000,drogue,-1.98000,24601.00000,9236.82000,-39.31000,4.11000
83.26000,drogue,-3.54000,24631.00000,9228.97000,-39.48000,4.09000
83.36000,drogue,-5.08000,24632.00000,9228.71000,-39.83000,4.09000
83.46000,drogue,-6.48000,24657.00000,9222.17000,-40.34000,4.09000
83.56000,drogue,-7.63000,24587.00000,9240.49000,-41.07000,4.09000
83.66000,drogue,-8.43000,24630.00000,9229.23000,-41.88000,4.09000
83.76000,drogue,-8.84000,24646.00000,9225.04000,-42.80000,4.09000
83.86000,drogue,-8.89000,24655.00000,9222.69000,-43.75000,4.09000
83.96000,drogue,-8.63000,24690.00000,9213.55000,-44.71000,4.09000
84.06000,drogue,-8.09000,24715.00000,9207.02000,-45.58000,4.09000
84.16000,drogue,-7.26000,24738.00000,9201.02000,-46.41000,4.09000
84.26000,drogue,-6.13000,24759.00000,9195.55000,-47.19000,4.11000
84.36000,drogue,-4.75000,24825.00000,9178.37000,-47.91000,4.09000
84.46000,drogue,-3.21000,24817.00000,9180.45000,-48.42000,4.09000
84.56000,drogue,-1.65000,24814.00000,9181.23000,-48.71000,4.09000
84.66000,drogue,-0.19000,24839.00000,9174.73000,-48.83000,4.09000
84.76000,drogue,1.10000,24871.00000,9166.42000,-48.82000,4.09000
84.86000,drogue,2.19000,24896.00000,9159.93000,-48.69000,4.09000
84.96000,drogue,3.07000,24885.00000,9162.79000,-48.47000,4.09000
85.06000,drogue,3.74000,24912.00000,9155.78000,-48.09000,4.09000
85.16000,drogue,4.21000,24972.00000,9140.24000,-47.67000,4.09000
85.26000,drogue,4.48000,24983.00000,9137.40000,-47.24000,4.09000
85.36000,drogue,4.56000,24973.00000,9139.98000,-46.76000,4.11000
85.46000,drogue,4.43000,25006.00000,9131.45000,-46.31000,4.09000
85.56000,drogue,4.11000,25044.00000,9121.63000,-45.78000,4.09000
85.66000,drogue,3.64000,25046.00000,9121.12000,-45.33000,4.09000
85.76000,drogue,3.09000,25080.00000,9112.35000,-44.97000,4.09000
85.86000,drogue,2.53000,25083.00000,9111.57000,-44.66000,4.09000
85.96000,drogue,2.03000,25079.00000,9112.60000,-44.44000,4.09000
86.06000,drogue,1.62000,25078.00000,9112.86000,-44.24000,4.09000
86.16000,drogue,1.32000,25095.00000,9108.48000,-44.09000,4.09000
86.26000,drogue,1.16000,25118.00000,9102.55000,-43.96000,4.09000
86.36000,drogue,1.14000,25136.00000,9097.92000,-43.93000,4.09000
86.46000,drogue,1.24000,25134.00000,9098.44000,-43.82000,4.11000
86.56000,drogue,1.43000,25154.00000,9093.29000,-43.68000,4.09000
86.66000,drogue,1.68000,25173.00000,9088.40000,-43.55000,4.09000
86.76000,drogue,1.97000,25206.00000,9079.92000,-43.41000,4.09000
86.86000,drogue,2.27000,25256.00000,9067.09000,-43.22000,4.09000
86.96000,drogue,2.57000,25289.00000,9058.64000,-42.98000,4.09000
87.06000,drogue,2.84000,25295.00000,9057.10000,-42.70000,4.09000
87.16000,drogue,3.09000,25331.00000,9047.89000,-42.41000,4.09000
87.26000,drogue,3.30000,25344.00000,9044.56000,-42.13000,4.09000
87.36000,drogue,3.41000,25338.00000,9046.10000,-41.79000,4.09000
87.46000,drogue,3.38000,25349.00000,9043.29000,-41.40000,4.09000
87.56000,drogue,3.20000,25358.00000,9040.99000,-41.05000,4.11000
87.66000,drogue,2.84000,25347.00000,9043.80000,-40.65000,4.09000
87.76000,drogue,2.32000,25372.00000,9037.41000,-40.38000,4.09000
87.86000,drogue,1.63000,25382.00000,9034.85000,-40.15000,4.09000
87.96000,drogue,0.80000,25403.00000,9029.49000,-39.93000,4.09000
88.06000,drogue,-0.16000,25400.00000,9030.26000,-39.81000,4.09000
88.16000,drogue,-1.19000,25431.00000,9022.35000,-39.81000,4.09000
88.26000,drogue,-2.22000,25457.00000,9015.73000,-39.95000,4.09000
88.36000,drogue,-3.20000,25494.00000,9006.31000,-40.20000,4.09000
88.46000,drogue,-4.09000,25503.00000,9004.02000,-40.53000,4.09000
88.56000,drogue,-4.89000,25522.00000,8999.18000,-40.95000,4.09000
88.66000,drogue,-5.56000,25542.00000,8994.10000,-41.44000,4.11000
88.76000,drogue,-6.06000,25549.00000,8992.32000,-42.02000,4.09000
88.86000,drogue,-6.35000,25552.00000,8991.56000,-42.69000,4.09000
88.96000,drogue,-6.39000,25579.00000,8984.71000,-43.35000,4.09000
89.06000,drogue,-6.21000,25579.00000,8984.71000,-44.03000,4.11000
89.16000,drogue,-5.84000,25572.00000,8986.48000,-44.69000,4.09000
89.26000,drogue,-5.32000,25628.00000,8972.28000,-45.30000,4.09000
89.36000,drogue,-4.69000,25642.00000,8968.73000,-45.83000,4.09000
89.46000,drogue,-4.00000,25617.00000,8975.07000,-46.32000,4.09000
89.56000,drogue,-3.26000,25652.00000,8966.20000,-46.73000,4.09000
89.66000,drogue,-2.48000,25655.00000,8965.44000,-47.05000,4.09000
89.76000,drogue,-1.67000,25726.00000,8947.49000,-47.31000,4.11000
89.86000,drogue,-0.85000,25755.00000,8940.17000,-47.47000,4.09000
89.96000,drogue,-0.02000,25749.00000,8941.68000,-47.58000,4.09000
90.06000,drogue,0.79000,25786.00000,8932.35000,-47.55000,4.09000
90.16000,drogue,1.60000,25811.00000,8926.05000,-47.48000,4.09000
90.26000,drogue,2.39000,25839.00000,8919.00000,-47.32000,4.09000
90.36000,drogue,3.15000,25847.00000,8916.98000,-47.08000,4.09000
90.46000,drogue,3.85000,25870.00000,8911.20000,-46.77000,4.09000
90.56000,drogue,4.45000,25871.00000,8910.95000,-46.35000,4.09000
90.66000,drogue,4.92000,25882.00000,8908.18000,-45.89000,4.09000
90.76000,drogue,5.22000,25910.00000,8901.15000,-45.37000,4.09000
90.86000,drogue,5.33000,25926.00000,8897.13000,-44.81000,4.11000
90.96000,drogue,5.25000,25934.00000,8895.12000,-44.25000,4.09000
91.06000,drogue,5.03000,25978.00000,8884.09000,-43.70000,4.09000
91.16000,drogue,4.70000,25980.00000,8883.59000,-43.14000,4.09000
91.26000,drogue,4.31000,25991.00000,8880.83000,-42.70000,4.09000
91.36000,drogue,3.89000,26018.00000,8874.07000,-42.30000,4.09000
91.46000,drogue,3.44000,26037.00000,8869.32000,-41.86000,4.09000
91.56000,drogue,2.98000,26043.00000,8867.81000,-41.53000,4.09000
91.66000,drogue,2.55000,26066.00000,8862.06000,-41.21000,4.09000
91.76000,drogue,2.16000,26080.00000,8858.57000,-40.98000,4.09000
91.86000,drogue,1.86000,26087.00000,8856.82000,-40.80000,4.09000
91.96000,drogue,1.66000,26119.00000,8848.83000,-40.61000,4.11000
92.06000,drogue,1.54000,26120.00000,8848.58000,-40.46000,4.09000
92.16000,drogue,1.48000,26154.00000,8840.10000,-40.33000,4.09000
92.26000,drogue,1.42000,26162.00000,8838.11000,-40.18000,4.09000
92.36000,drogue,1.35000,26166.00000,8837.11000,-40.03000,4.09000
92.46000,drogue,1.21000,26206.00000,8827.15000,-39.89000,4.09000
92.56000,drogue,1.00000,26192.00000,8830.64000,-39.74000,4.09000
92.66000,drogue,0.71000,26227.00000,8821.93000,-39.62000,4.09000
92.76000,drogue,0.36000,26236.00000,8819.69000,-39.56000,4.09000
92.86000,drogue,-0.04000,26249.00000,8816.46000,-39.51000,4.09000
92.96000,drogue,-0.47000,26269.00000,8811.49000,-39.49000,4.09000
93.06000,drogue,-0.93000,26292.00000,8805.78000,-39.56000,4.11000
93.16000,drogue,-1.42000,26304.00000,8802.80000,-39.65000,4.09000
93.26000,drogue,-1.96000,26331.00000,8796.11000,-39.77000,4.09000
93.36000,drogue,-2.52000,26347.00000,8792.14000,-39.96000,4.09000
93.46000,drogue,-3.09000,26348.00000,8791.89000,-40.22000,4.09000
93.56000,drogue,-3.65000,26371.00000,8786.20000,-40.51000,4.09000
93.66000,drogue,-4.17000,26377.00000,8784.71000,-40.89000,4.09000
93.76000,drogue,-4.63000,26379.00000,8784.22000,-41.34000,4.09000
93.86000,drogue,-5.02000,26415.00000,8775.31000,-41.79000,4.09000
93.96000,drogue,-5.33000,26428.00000,8772.10000,-42.31000,4.09000
94.06000,drogue,-5.56000,26449.00000,8766.91000,-42.85000,4.09000
94.16000,drogue,-5.70000,26462.00000,8763.70000,-43.44000,4.11000
94.26000,drogue,-5.73000,26459.00000,8764.44000,-44.02000,4.09000
94.36000,drogue,-5.63000,26484.00000,8758.27000,-44.59000,4.09000
94.46000,drogue,-5.37000,26510.00000,8751.86000,-45.21000,4.09000
94.56000,drogue,-4.94000,26521.00000,8749.15000,-45.75000,4.09000
94.66000,drogue,-4.32000,26561.00000,8739.30000,-46.29000,4.09000
94.76000,drogue,-3.54000,26578.00000,8735.11000,-46.76000,4.09000
94.86000,drogue,-2.61000,26587.00000,8732.90000,-47.13000,4.09000
94.96000,drogue,-1.58000,26614.00000,8726.26000,-47.40000,4.09000
95.06000,drogue,-0.47000,26638.00000,8720.36000,-47.58000,4.09000
95.16000,drogue,0.68000,26651.00000,8717.17000,-47.62000,4.09000
95.26000,drogue,1.82000,26669.00000,8712.76000,-47.58000,4.11000
95.36000,drogue,2.87000,26692.00000,8707.12000,-47.38000,4.09000
95.46000,drogue,3.77000,26721.00000,8700.01000,-47.05000,4.09000
95.56000,drogue,4.47000,26732.00000,8697.31000,-46.64000,4.09000
95.66000,drogue,4.97000,26763.00000,8689.73000,-46.16000,4.09000
95.76000,drogue,5.30000,26790.00000,8683.12000,-45.62000,4.09000
95.86000,drogue,5.49000,26783.00000,8684.84000,-45.08000,4.09000
95.96000,drogue,5.56000,26808.00000,8678.73000,-44.52000,4.09000
96.06000,drogue,5.51000,26830.00000,8673.35000,-43.95000,4.09000
96.16000,drogue,5.31000,26853.00000,8667.74000,-43.37000,4.09000
96.26000,drogue,4.95000,26872.00000,8663.11000,-42.81000,4.09000
96.36000,drogue,4.47000,26890.00000,8658.72000,-42.28000,4.11000
96.46000,drogue,3.92000,26928.00000,8649.46000,-41.82000,4.09000
96.56000,drogue,3.39000,26934.00000,8648.00000,-41.41000,4.09000
96.66000,drogue,2.96000,26947.00000,8644.84000,-41.12000,4.09000
96.76000,drogue,2.65000,26961.00000,8641.43000,-40.88000,4.09000
96.86000,drogue,2.48000,26958.00000,8642.16000,-40.59000,4.09000
96.96000,drogue,2.43000,26957.00000,8642.41000,-40.38000,4.09000
97.06000,drogue,2.46000,26988.00000,8634.87000,-40.16000,4.09000
97.16000,drogue,2.53000,26988.00000,8634.87000,-39.91000,4.09000
97.26000,drogue,2.59000,27018.00000,8627.58000,-39.67000,4.09000
97.36000,drogue,2.60000,27019.00000,8627.34000,-39.38000,4.09000
97.46000,drogue,2.55000,27041.00000,8622.00000,-39.10000,4.12000
97.56000,drogue,2.42000,27075.00000,8613.76000,-38.85000,4.09000
97.66000,drogue,2.20000,27103.00000,8606.98000,-38.62000,4.09000
97.76000,drogue,1.88000,27137.00000,8598.75000,-38.36000,4.09000
97.86000,drogue,1.45000,27152.00000,8595.12000,-38.13000,4.09000
97.96000,drogue,0.91000,27171.00000,8590.53000,-37.98000,4.09000
98.06000,drogue,0.25000,27173.00000,8590.04000,-37.88000,4.09000
98.16000,drogue,-0.51000,27180.00000,8588.35000,-37.84000,4.09000
98.26000,drogue,-1.37000,27204.00000,8582.56000,-37.87000,4.09000
98.36000,drogue,-2.34000,27198.00000,8584.00000,-37.98000,4.09000
98.46000,drogue,-3.40000,27228.00000,8576.76000,-38.21000,4.09000
98.56000,drogue,-4.50000,27240.00000,8573.87000,-38.52000,4.11000
98.66000,drogue,-5.60000,27274.00000,8565.67000,-38.98000,4.09000
98.76000,drogue,-6.64000,27282.00000,8563.75000,-39.56000,4.09000
98.86000,drogue,-7.56000,27250.00000,8571.46000,-40.24000,4.09000
98.96000,drogue,-8.28000,27282.00000,8563.75000,-41.01000,4.09000
99.06000,drogue,-8.72000,27284.00000,8563.27000,-41.88000,4.09000
99.16000,drogue,-8.83000,27289.00000,8562.06000,-42.82000,4.09000
99.26000,drogue,-8.58000,27318.00000,8555.08000,-43.79000,4.09000
99.36000,drogue,-8.00000,27316.00000,8555.56000,-44.70000,4.09000
99.46000,drogue,-7.13000,27352.00000,8546.90000,-45.52000,4.09000
99.56000,drogue,-6.02000,27419.00000,8530.82000,-46.28000,4.09000
99.66000,drogue,-4.70000,27440.00000,8525.78000,-46.91000,4.12000
99.76000,drogue,-3.22000,27437.00000,8526.50000,-47.42000,4.09000
99.86000,drogue,-1.61000,27483.00000,8515.48000,-47.76000,4.09000
99.96000,drogue,0.04000,27521.00000,8506.38000,-47.94000,4.09000
100.06000,drogue,1.67000,27525.00000,8505.43000,-47.92000,4.09000
100.16000,drogue,3.20000,27528.00000,8504.71000,-47.73000,4.09000
100.26000,drogue,4.58000,27541.00000,8501.60000,-47.40000,4.09000
100.36000,drogue,5.78000,27555.00000,8498.26000,-46.90000,4.09000
100.46000,drogue,6.76000,27586.00000,8490.85000,-46.28000,4.09000
100.56000,drogue,7.54000,27601.00000,8487.27000,-45.57000,4.09000
100.66000,drogue,8.10000,27653.00000,8474.88000,-44.79000,4.09000
100.76000,drogue,8.42000,27674.00000,8469.87000,-43.95000,4.11000
100.86000,drogue,8.48000,27698.00000,8464.16000,-43.05000,4.09000
100.96000,drogue,8.27000,27714.00000,8460.36000,-42.19000,4.09000
101.06000,drogue,7.81000,27720.00000,8458.93000,-41.27000,4.09000
101.16000,drogue,7.16000,27749.00000,8452.04000,-40.44000,4.09000
101.26000,drogue,6.43000,27752.00000,8451.32000,-39.75000,4.09000
101.36000,drogue,5.72000,27741.00000,8453.94000,-39.10000,4.09000
101.46000,drogue,5.09000,27734.00000,8455.60000,-38.55000,4.09000
101.56000,drogue,4.55000,27764.00000,8448.47000,-38.08000,4.09000
101.66000,drogue,4.10000,27773.00000,8446.34000,-37.63000,4.09000
101.76000,drogue,3.73000,27813.00000,8436.85000,-37.21000,4.09000
101.86000,drogue,3.40000,27839.00000,8430.68000,-36.86000,4.11000
101.96000,drogue,3.07000,27862.00000,8425.24000,-36.55000,4.09000
102.06000,drogue,2.70000,27876.00000,8421.92000,-36.23000,4.09000
102.16000,drogue,2.22000,27896.00000,8417.19000,-35.91000,4.09000
102.26000,drogue,1.63000,27908.00000,8414.35000,-35.66000,4.09000
102.36000,drogue,0.93000,27914.00000,8412.93000,-35.49000,4.09000
102.46000,drogue,0.16000,27907.00000,8414.59000,-35.40000,4.09000
102.56000,drogue,-0.67000,27940.00000,8406.79000,-35.35000,4.09000
102.66000,drogue,-1.51000,27944.00000,8405.84000,-35.43000,4.09000
102.76000,drogue,-2.35000,27959.00000,8402.30000,-35.58000,4.09000
102.86000,drogue,-3.17000,27993.00000,8394.27000,-35.81000,4.09000
102.96000,drogue,-3.94000,28002.00000,8392.15000,-36.16000,4.11000
103.06000,drogue,-4.66000,27978.00000,8397.81000,-36.54000,4.09000
103.16000,drogue,-5.32000,28033.00000,8384.84000,-37.02000,4.09000
103.26000,drogue,-5.94000,28077.00000,8374.48000,-37.58000,4.09000
103.36000,drogue,-6.54000,28083.00000,8373.07000,-38.17000,4.09000
103.46000,drogue,-7.09000,28079.00000,8374.01000,-38.80000,4.09000
103.56000,drogue,-7.52000,28065.00000,8377.31000,-39.53000,4.11000
103.66000,drogue,-7.78000,28076.00000,8374.72000,-40.30000,4.09000
103.76000,drogue,-7.80000,28099.00000,8369.31000,-41.16000,4.09000
103.86000,drogue,-7.56000,28121.00000,8364.14000,-41.99000,4.09000
103.96000,drogue,-7.05000,28129.00000,8362.26000,-42.76000,4.09000
104.06000,drogue,-6.29000,28148.00000,8357.79000,-43.49000,4.11000
104.16000,drogue,-5.29000,28159.00000,8355.21000,-44.19000,4.09000
104.26000,drogue,-4.07000,28212.00000,8342.78000,-44.76000,4.09000
104.36000,drogue,-2.70000,28247.00000,8334.58000,-45.20000,4.09000
104.46000,drogue,-1.25000,28264.00000,8330.60000,-45.47000,4.09000
104.56000,drogue,0.18000,28272.00000,8328.72000,-45.59000,4.09000
104.66000,drogue,1.49000,28303.00000,8321.47000,-45.55000,4.09000
104.76000,drogue,2.61000,28331.00000,8314.93000,-45.37000,4.09000
104.86000,drogue,3.52000,28349.00000,8310.73000,-45.08000,4.09000
104.96000,drogue,4.20000,28388.00000,8301.62000,-44.67000,4.09000
105.06000,drogue,4.69000,28379.00000,8303.72000,-44.20000,4.09000
105.16000,drogue,5.07000,28391.00000,8300.93000,-43.72000,4.11000
105.26000,drogue,5.38000,28429.00000,8292.07000,-43.24000,4.09000
105.36000,drogue,5.61000,28422.00000,8293.70000,-42.69000,4.09000
105.46000,drogue,5.73000,28437.00000,8290.20000,-42.11000,4.09000
105.56000,drogue,5.68000,28465.00000,8283.69000,-41.52000,4.09000
105.66000,drogue,5.43000,28491.00000,8277.64000,-40.87000,4.09000
105.76000,drogue,4.99000,28536.00000,8267.18000,-40.31000,4.09000
105.86000,drogue,4.37000,28525.00000,8269.73000,-39.81000,4.09000
105.96000,drogue,3.63000,28523.00000,8270.20000,-39.33000,4.09000
106.06000,drogue,2.82000,28567.00000,8259.98000,-38.95000,4.09000
106.16000,drogue,2.03000,28610.00000,8250.01000,-38.66000,4.09000
106.26000,drogue,1.30000,28599.00000,8252.56000,-38.48000,4.12000
106.36000,drogue,0.67000,28603.00000,8251.63000,-38.40000,4.09000
106.46000,drogue,0.15000,28604.00000,8251.40000,-38.33000,4.09000
106.56000,drogue,-0.29000,28594.00000,8253.72000,-38.32000,4.09000
106.66000,drogue,-0.64000,28613.00000,8249.31000,-38.35000,4.09000
106.76000,drogue,-0.91000,28635.00000,8244.22000,-38.45000,4.09000
106.86000,drogue,-1.13000,28662.00000,8237.97000,-38.55000,4.09000
106.96000,drogue,-1.32000,28700.00000,8229.18000,-38.69000,4.09000
107.06000,drogue,-1.52000,28764.00000,8214.40000,-38.79000,4.09000
107.16000,drogue,-1.79000,28773.00000,8212.32000,-38.92000,4.09000
107.26000,drogue,-2.12000,28787.00000,8209.09000,-39.10000,4.09000
107.36000,drogue,-2.49000,28787.00000,8209.09000,-39.31000,4.11000
107.46000,drogue,-2.84000,28799.00000,8206.32000,-39.54000,4.09000
107.56000,drogue,-3.10000,28811.00000,8203.56000,-39.83000,4.09000
107.66000,drogue,-3.24000,28757.00000,8216.01000,-40.18000,4.09000
107.76000,drogue,-3.24000,28805.00000,8204.94000,-40.56000,4.09000
107.86000,drogue,-3.11000,28830.00000,8199.18000,-40.89000,4.09000
107.96000,drogue,-2.85000,28839.00000,8197.11000,-41.19000,4.09000
108.06000,drogue,-2.50000,28882.00000,8187.21000,-41.49000,4.09000
108.16000,drogue,-2.08000,28921.00000,8178.25000,-41.80000,4.09000
108.26000,drogue,-1.66000,28936.00000,8174.80000,-42.01000,4.09000
108.36000,drogue,-1.31000,28974.00000,8166.08000,-42.15000,4.09000
108.46000,drogue,-1.10000,28959.00000,8169.52000,-42.24000,4.11000
108.56000,drogue,-1.07000,28994.00000,8161.49000,-42.31000,4.09000
108.66000,drogue,-1.19000,28997.00000,8160.80000,-42.40000,4.09000
108.76000,drogue,-1.39000,29024.00000,8154.62000,-42.51000,4.09000
108.86000,drogue,-1.58000,29024.00000,8154.62000,-42.62000,4.09000
108.96000,drogue,-1.70000,29041.00000,8150.72000,-42.80000,4.09000
109.06000,drogue,-1.72000,29048.00000,8149.12000,-43.04000,4.09000
109.16000,drogue,-1.63000,29087.00000,8140.20000,-43.21000,4.09000
109.26000,drogue,-1.47000,29106.00000,8135.85000,-43.37000,4.09000
109.36000,drogue,-1.30000,29151.00000,8125.57000,-43.52000,4.09000
109.46000,drogue,-1.17000,29169.00000,8121.47000,-43.67000,4.09000
109.56000,drogue,-1.12000,29192.00000,8116.22000,-43.78000,4.11000
109.66000,drogue,-1.15000,29225.00000,8108.70000,-43.82000,4.09000
109.76000,drogue,-1.25000,29229.00000,8107.79000,-43.94000,4.09000
109.86000,drogue,-1.38000,29226.00000,8108.47000,-44.07000,4.09000
109.96000,drogue,-1.44000,29229.00000,8107.79000,-44.20000,4.09000
110.06000,drogue,-1.38000,29237.00000,8105.97000,-44.37000,4.09000
110.16000,drogue,-1.15000,29257.00000,8101.41000,-44.56000,4.09000
110.26000,drogue,-0.77000,29269.00000,8098.68000,-44.69000,4.09000
110.36000,drogue,-0.26000,29275.00000,8097.32000,-44.81000,4.09000
110.46000,drogue,0.33000,29313.00000,8088.68000,-44.83000,4.09000
110.56000,drogue,0.95000,29361.00000,8077.77000,-44.80000,4.09000
110.66000,drogue,1.56000,29404.00000,8068.02000,-44.70000,4.11000
110.76000,drogue,2.11000,29428.00000,8062.58000,-44.55000,4.09000
110.86000,drogue,2.56000,29449.00000,8057.83000,-44.32000,4.09000
110.96000,drogue,2.86000,29495.00000,8047.42000,-44.03000,4.09000
111.06000,drogue,3.02000,29512.00000,8043.58000,-43.70000,4.09000
111.16000,drogue,3.06000,29500.00000,8046.29000,-43.39000,4.09000
111.26000,drogue,3.04000,29506.00000,8044.93000,-43.06000,4.09000
111.36000,drogue,2.99000,29534.00000,8038.61000,-42.78000,4.09000
111.46000,drogue,2.95000,29537.00000,8037.93000,-42.47000,4.09000
111.56000,drogue,2.92000,29523.00000,8041.09000,-42.18000,4.09000
111.66000,drogue,2.86000,29550.00000,8034.99000,-41.90000,4.09000
111.76000,drogue,2.73000,29575.00000,8029.35000,-41.61000,4.11000
111.86000,drogue,2.48000,29598.00000,8024.16000,-41.30000,4.09000
111.96000,drogue,2.10000,29629.00000,8017.17000,-41.01000,4.09000
112.06000,drogue,1.61000,29659.00000,8010.42000,-40.79000,4.09000
112.16000,drogue,1.04000,29699.00000,8001.42000,-40.63000,4.09000
112.26000,drogue,0.46000,29703.00000,8000.52000,-40.52000,4.09000
112.36000,drogue,-0.09000,29725.00000,7995.58000,-40.46000,4.09000
112.46000,drogue,-0.54000,29739.00000,7992.43000,-40.50000,4.09000
112.56000,drogue,-0.88000,29735.00000,7993.33000,-40.58000,4.09000
112.66000,drogue,-1.08000,29754.00000,7989.06000,-40.70000,4.09000
112.76000,drogue,-1.14000,29766.00000,7986.37000,-40.81000,4.09000
112.86000,drogue,-1.09000,29774.00000,7984.57000,-40.94000,4.12000
112.96000,drogue,-0.96000,29795.00000,7979.86000,-41.09000,4.09000
113.06000,drogue,-0.79000,29815.00000,7975.38000,-41.21000,4.09000
113.16000,drogue,-0.60000,29856.00000,7966.19000,-41.24000,4.11000
113.26000,drogue,-0.42000,29871.00000,7962.83000,-41.29000,4.09000
113.36000,drogue,-0.27000,29909.00000,7954.33000,-41.36000,4.11000
113.46000,drogue,-0.15000,29913.00000,7953.44000,-41.40000,4.11000
113.56000,drogue,-0.05000,29933.00000,7948.97000,-41.37000,4.09000
113.66000,drogue,0.04000,29944.00000,7946.51000,-41.37000,4.09000
113.76000,drogue,0.14000,29951.00000,7944.95000,-41.37000,4.09000
113.86000,drogue,0.30000,29949.00000,7945.40000,-41.40000,4.09000
113.96000,drogue,0.55000,29981.00000,7938.25000,-41.36000,4.12000
114.06000,drogue,0.89000,30015.00000,7930.67000,-41.31000,4.09000
114.16000,drogue,1.30000,30040.00000,7925.10000,-41.26000,4.09000
114.26000,drogue,1.75000,30055.00000,7921.75000,-41.14000,4.09000
114.36000,drogue,2.20000,30087.00000,7914.63000,-40.95000,4.09000
114.46000,drogue,2.59000,30117.00000,7907.96000,-40.73000,4.09000
114.56000,drogue,2.90000,30112.00000,7909.07000,-40.43000,4.09000
114.66000,drogue,3.09000,30135.00000,7903.96000,-40.15000,4.09000
114.76000,drogue,3.15000,30140.00000,7902.85000,-39.83000,4.09000
114.86000,drogue,3.09000,30172.00000,7895.74000,-39.46000,4.09000
114.96000,drogue,2.91000,30194.00000,7890.86000,-39.13000,4.09000
115.06000,drogue,2.62000,30198.00000,7889.97000,-38.84000,4.12000
115.16000,drogue,2.23000,30199.00000,7889.75000,-38.56000,4.09000
115.26000,drogue,1.74000,30241.00000,7880.44000,-38.32000,4.09000
115.36000,drogue,1.15000,30259.00000,7876.45000,-38.13000,4.09000
115.46000,drogue,0.45000,30275.00000,7872.91000,-37.99000,4.09000
115.56000,drogue,-0.37000,30267.00000,7874.68000,-37.94000,4.09000
115.66000,drogue,-1.27000,30304.00000,7866.49000,-37.96000,4.09000
115.76000,drogue,-2.23000,30326.00000,7861.62000,-38.06000,4.09000
115.86000,drogue,-3.16000,30366.00000,7852.78000,-38.27000,4.09000
115.96000,drogue,-3.97000,30340.00000,7858.53000,-38.61000,4.09000
116.06000,drogue,-4.57000,30367.00000,7852.56000,-39.07000,4.09000
116.16000,drogue,-4.93000,30406.00000,7843.95000,-39.57000,4.11000
116.26000,drogue,-5.02000,30408.00000,7843.51000,-40.10000,4.09000
116.36000,drogue,-4.87000,30403.00000,7844.62000,-40.64000,4.09000
116.46000,drogue,-4.50000,30426.00000,7839.54000,-41.18000,4.09000
116.56000,drogue,-3.96000,30439.00000,7836.68000,-41.63000,4.09000
116.66000,drogue,-3.26000,30477.00000,7828.30000,-42.07000,4.09000
116.76000,drogue,-2.43000,30474.00000,7828.97000,-42.40000,4.09000
116.86000,drogue,-1.50000,30481.00000,7827.42000,-42.67000,4.09000
116.96000,drogue,-0.49000,30520.00000,7818.84000,-42.85000,4.09000
117.06000,drogue,0.58000,30560.00000,7810.05000,-42.89000,4.09000
117.16000,drogue,1.71000,30555.00000,7811.15000,-42.82000,4.09000
117.26000,drogue,2.86000,30593.00000,7802.80000,-42.68000,4.11000
117.36000,drogue,3.99000,30613.00000,7798.41000,-42.41000,4.09000
117.46000,drogue,5.06000,30647.00000,7790.95000,-41.99000,4.09000
117.56000,drogue,6.01000,30690.00000,7781.53000,-41.44000,4.11000
117.66000,drogue,6.80000,30707.00000,7777.81000,-40.83000,4.09000
117.76000,drogue,7.40000,30725.00000,7773.87000,-40.11000,4.09000
117.86000,drogue,7.79000,30756.00000,7767.10000,-39.36000,4.09000
117.96000,drogue,7.98000,30775.00000,7762.94000,-38.52000,4.09000
118.06000,drogue,7.94000,30790.00000,7759.67000,-37.69000,4.09000
118.16000,drogue,7.67000,30773.00000,7763.38000,-36.86000,4.09000
118.26000,drogue,7.17000,30777.00000,7762.51000,-36.08000,4.09000
118.36000,drogue,6.45000,30783.00000,7761.20000,-35.30000,4.11000
118.46000,drogue,5.55000,30791.00000,7759.45000,-34.62000,4.09000
118.56000,drogue,4.47000,30804.00000,7756.61000,-34.04000,4.09000
118.66000,drogue,3.23000,30841.00000,7748.54000,-33.58000,4.09000
118.76000,drogue,1.87000,30844.00000,7747.88000,-33.25000,4.09000
118.86000,drogue,0.41000,30878.00000,7740.47000,-33.02000,4.09000
118.96000,drogue,-1.08000,30897.00000,7736.33000,-32.95000,4.09000
119.06000,drogue,-2.51000,30916.00000,7732.20000,-33.09000,4.09000
119.16000,drogue,-3.80000,30947.00000,7725.45000,-33.36000,4.09000
119.26000,drogue,-4.88000,30965.00000,7721.54000,-33.81000,4.09000
119.36000,drogue,-5.76000,30967.00000,7721.10000,-34.32000,4.09000
119.46000,drogue,-6.43000,30962.00000,7722.19000,-34.92000,4.11000
119.56000,drogue,-6.91000,30973.00000,7719.80000,-35.60000,4.09000
119.66000,drogue,-7.19000,30990.00000,7716.10000,-36.32000,4.09000
119.76000,drogue,-7.29000,30985.00000,7717.19000,-37.06000,4.09000
119.86000,drogue,-7.20000,31011.00000,7711.54000,-37.83000,4.09000
119.96000,drogue,-6.97000,31031.00000,7707.20000,-38.59000,4.09000
120.06000,drogue,-6.64000,31046.00000,7703.95000,-39.30000,4.09000
120.16000,drogue,-6.25000,31047.00000,7703.73000,-39.94000,4.09000
120.26000,drogue,-5.79000,31104.00000,7691.37000,-40.58000,4.09000
120.36000,drogue,-5.25000,31095.00000,7693.32000,-41.17000,4.09000
120.46000,drogue,-4.59000,31127.00000,7686.39000,-41.72000,4.09000
120.56000,drogue,-3.81000,31148.00000,7681.85000,-42.21000,4.11000
120.66000,drogue,-2.93000,31172.00000,7676.66000,-42.62000,4.09000
120.76000,drogue,-1.99000,31214.00000,7667.58000,-42.91000,4.09000
120.86000,drogue,-1.03000,31219.00000,7666.50000,-43.10000,4.09000
120.96000,drogue,-0.08000,31242.00000,7661.54000,-43.20000,4.09000
121.06000,drogue,0.84000,31301.00000,7648.81000,-43.21000,4.09000
121.16000,drogue,1.71000,31332.00000,7642.14000,-43.14000,4.09000
121.26000,drogue,2.49000,31350.00000,7638.26000,-42.94000,4.09000
121.36000,drogue,3.15000,31323.00000,7644.07000,-42.67000,4.09000
121.46000,drogue,3.68000,31332.00000,7642.14000,-42.31000,4.09000
121.56000,drogue,4.07000,31334.00000,7641.71000,-41.93000,4.09000
121.66000,drogue,4.34000,31365.00000,7635.03000,-41.53000,4.11000
121.76000,drogue,4.49000,31386.00000,7630.52000,-41.06000,4.09000
121.86000,drogue,4.54000,31410.00000,7625.36000,-40.59000,4.09000
121.96000,drogue,4.49000,31435.00000,7619.99000,-40.12000,4.09000
122.06000,drogue,4.34000,31446.00000,7617.63000,-39.67000,4.09000
122.16000,drogue,4.08000,31477.00000,7610.97000,-39.21000,4.09000
122.26000,drogue,3.70000,31524.00000,7600.90000,-38.81000,4.09000
122.36000,drogue,3.21000,31544.00000,7596.61000,-38.37000,4.09000
122.46000,drogue,2.65000,31563.00000,7592.54000,-38.04000,4.09000
122.56000,drogue,2.07000,31583.00000,7588.26000,-37.79000,4.09000
122.66000,drogue,1.51000,31564.00000,7592.33000,-37.58000,4.09000
122.76000,drogue,0.99000,31578.00000,7589.33000,-37.46000,4.11000
122.86000,drogue,0.54000,31576.00000,7589.76000,-37.36000,4.09000
122.96000,drogue,0.16000,31615.00000,7581.42000,-37.29000,4.09000
123.06000,drogue,-0.15000,31633.00000,7577.57000,-37.30000,4.09000
123.16000,drogue,-0.41000,31660.00000,7571.81000,-37.36000,4.09000
123.26000,drogue,-0.64000,31651.00000,7573.73000,-37.41000,4.09000
123.36000,drogue,-0.89000,31689.00000,7565.62000,-37.42000,4.09000
123.46000,drogue,-1.14000,31705.00000,7562.21000,-37.51000,4.09000
123.56000,drogue,-1.37000,31733.00000,7556.24000,-37.64000,4.09000
123.66000,drogue,-1.51000,31751.00000,7552.40000,-37.80000,4.09000
123.76000,drogue,-1.52000,31738.00000,7555.17000,-37.97000,4.11000
123.86000,drogue,-1.35000,31757.00000,7551.12000,-38.14000,4.12000
123.96000,drogue,-1.05000,31772.00000,7547.93000,-38.31000,4.09000
124.06000,drogue,-0.65000,31807.00000,7540.48000,-38.46000,4.09000
124.16000,drogue,-0.23000,31819.00000,7537.93000,-38.51000,4.09000
124.26000,drogue,0.16000,31832.00000,7535.16000,-38.52000,4.09000
124.36000,drogue,0.47000,31842.00000,7533.04000,-38.47000,4.09000
124.46000,drogue,0.71000,31910.00000,7518.60000,-38.42000,4.09000
124.56000,drogue,0.89000,31948.00000,7510.54000,-38.35000,4.09000
124.66000,drogue,1.04000,31946.00000,7510.96000,-38.25000,4.09000
124.76000,drogue,1.14000,31965.00000,7506.94000,-38.15000,4.09000
124.86000,drogue,1.19000,31969.00000,7506.09000,-38.01000,4.09000
124.96000,drogue,1.17000,31964.00000,7507.15000,-37.89000,4.11000
125.06000,drogue,1.05000,31983.00000,7503.13000,-37.76000,4.09000
125.16000,drogue,0.84000,32010.00000,7497.41000,-37.64000,4.09000
125.26000,drogue,0.53000,31999.00000,7499.74000,-37.52000,4.11000
125.36000,drogue,0.15000,32024.00000,7494.45000,-37.47000,4.09000
125.46000,drogue,-0.25000,32082.00000,7482.19000,-37.44000,4.09000
125.56000,drogue,-0.64000,32104.00000,7477.54000,-37.47000,4.09000
125.66000,drogue,-0.98000,32106.00000,7477.12000,-37.57000,4.09000
125.76000,drogue,-1.26000,32120.00000,7474.16000,-37.66000,4.11000
125.86000,drogue,-1.46000,32128.00000,7472.48000,-37.79000,4.09000
125.96000,drogue,-1.63000,32153.00000,7467.20000,-37.96000,4.09000
126.06000,drogue,-1.79000,32184.00000,7460.67000,-38.14000,4.11000
126.16000,drogue,-1.97000,32135.00000,7471.00000,-38.28000,4.09000
126.26000,drogue,-2.16000,32161.00000,7465.52000,-38.48000,4.09000
126.36000,drogue,-2.33000,32193.00000,7458.77000,-38.67000,4.09000
126.46000,drogue,-2.41000,32265.00000,7443.62000,-38.94000,4.09000
126.56000,drogue,-2.37000,32296.00000,7437.10000,-39.23000,4.09000
126.66000,drogue,-2.21000,32326.00000,7430.80000,-39.47000,4.09000
126.76000,drogue,-1.98000,32331.00000,7429.75000,-39.71000,4.09000
126.86000,drogue,-1.69000,32327.00000,7430.59000,-39.91000,4.09000
126.96000,drogue,-1.37000,32316.00000,7432.90000,-40.07000,4.09000
127.06000,drogue,-1.03000,32320.00000,7432.06000,-40.22000,4.09000
127.16000,drogue,-0.68000,32343.00000,7427.23000,-40.34000,4.11000
127.26000,drogue,-0.32000,32370.00000,7421.57000,-40.40000,4.09000
127.36000,drogue,0.03000,32412.00000,7412.77000,-40.41000,4.09000
127.46000,drogue,0.38000,32430.00000,7409.00000,-40.42000,4.11000
127.56000,drogue,0.71000,32461.00000,7402.51000,-40.40000,4.09000
127.66000,drogue,1.03000,32503.00000,7393.72000,-40.30000,4.09000
127.76000,drogue,1.32000,32509.00000,7392.47000,-40.20000,4.11000
127.86000,drogue,1.59000,32518.00000,7390.59000,-40.06000,4.09000
127.96000,drogue,1.81000,32541.00000,7385.79000,-39.90000,4.09000
128.06000,drogue,1.96000,32526.00000,7388.92000,-39.73000,4.09000
128.16000,drogue,2.01000,32520.00000,7390.17000,-39.51000,4.09000
128.26000,drogue,1.94000,32590.00000,7375.56000,-39.26000,4.11000
128.36000,drogue,1.78000,32617.00000,7369.93000,-39.05000,4.09000
128.46000,drogue,1.56000,32644.00000,7364.30000,-38.88000,4.09000
128.56000,drogue,1.30000,32672.00000,7358.47000,-38.72000,4.09000
128.66000,drogue,0.98000,32688.00000,7355.15000,-38.59000,4.09000
128.76000,drogue,0.57000,32709.00000,7350.78000,-38.48000,4.09000
128.86000,drogue,0.03000,32705.00000,7351.61000,-38.39000,4.09000
128.96000,drogue,-0.64000,32725.00000,7347.45000,-38.35000,4.09000
129.06000,drogue,-1.37000,32735.00000,7345.37000,-38.39000,4.09000
129.16000,drogue,-2.08000,32730.00000,7346.41000,-38.53000,4.11000
129.26000,drogue,-2.65000,32755.00000,7341.22000,-38.76000,4.09000
129.36000,drogue,-3.00000,32750.00000,7342.26000,-39.09000,4.11000
129.46000,drogue,-3.12000,32777.00000,7336.65000,-39.44000,4.09000
129.56000,drogue,-3.03000,32820.00000,7327.73000,-39.79000,4.09000
129.66000,drogue,-2.77000,32838.00000,7323.99000,-40.11000,4.09000
129.76000,drogue,-2.38000,32893.00000,7312.60000,-40.39000,4.09000
129.86000,drogue,-1.93000,32901.00000,7310.94000,-40.65000,4.09000
129.96000,drogue,-1.47000,32916.00000,7307.84000,-40.88000,4.09000
130.06000,drogue,-1.03000,32924.00000,7306.19000,-41.00000,4.09000
130.16000,drogue,-0.62000,32967.00000,7297.30000,-41.05000,4.11000
130.26000,drogue,-0.21000,32939.00000,7303.08000,-41.13000,4.09000
130.36000,drogue,0.23000,32967.00000,7297.30000,-41.16000,4.09000
130.46000,drogue,0.73000,32975.00000,7295.64000,-41.17000,4.12000
130.56000,drogue,1.27000,33002.00000,7290.07000,-41.11000,4.09000
130.66000,drogue,1.78000,33044.00000,7281.40000,-40.97000,4.09000
130.76000,drogue,2.21000,33081.00000,7273.77000,-40.77000,4.09000
130.86000,drogue,2.51000,33103.00000,7269.24000,-40.52000,4.09000
130.96000,drogue,2.69000,33133.00000,7263.06000,-40.24000,4.09000
131.06000,drogue,2.74000,33164.00000,7256.69000,-39.97000,4.09000
131.16000,drogue,2.67000,33180.00000,7253.40000,-39.67000,4.09000
131.26000,drogue,2.46000,33193.00000,7250.73000,-39.40000,4.09000
131.36000,drogue,2.09000,33209.00000,7247.44000,-39.11000,4.09000
131.46000,drogue,1.61000,33210.00000,7247.23000,-38.86000,4.09000
131.56000,drogue,1.08000,33199.00000,7249.49000,-38.70000,4.11000
131.66000,drogue,0.57000,33188.00000,7251.75000,-38.59000,4.09000
131.76000,drogue,0.16000,33220.00000,7245.18000,-38.57000,4.09000
131.86000,drogue,-0.13000,33264.00000,7236.15000,-38.59000,4.09000
131.96000,drogue,-0.28000,33295.00000,7229.79000,-38.61000,4.09000
132.06000,drogue,-0.33000,33295.00000,7229.79000,-38.65000,4.09000
132.16000,drogue,-0.31000,33328.00000,7223.03000,-38.71000,4.09000
132.26000,drogue,-0.29000,33358.00000,7216.89000,-38.73000,4.09000
132.36000,drogue,-0.30000,33392.00000,7209.93000,-38.77000,4.09000
132.46000,drogue,-0.34000,33430.00000,7202.16000,-38.76000,4.09000
132.56000,drogue,-0.39000,33428.00000,7202.57000,-38.79000,4.09000
132.66000,drogue,-0.43000,33435.00000,7201.14000,-38.85000,4.11000
132.76000,drogue,-0.41000,33438.00000,7200.53000,-38.90000,4.09000
132.86000,drogue,-0.32000,33465.00000,7195.02000,-38.96000,4.09000
132.96000,drogue,-0.16000,33469.00000,7194.20000,-39.00000,4.09000
133.06000,drogue,0.04000,33507.00000,7186.45000,-39.03000,4.09000
133.16000,drogue,0.25000,33518.00000,7184.20000,-39.03000,4.09000
133.26000,drogue,0.44000,33531.00000,7181.55000,-38.98000,4.09000
133.36000,drogue,0.57000,33530.00000,7181.76000,-38.94000,4.09000
133.46000,drogue,0.60000,33560.00000,7175.64000,-38.88000,4.09000
133.56000,drogue,0.55000,33610.00000,7165.47000,-38.80000,4.09000
133.66000,drogue,0.43000,33637.00000,7159.98000,-38.70000,4.09000
133.76000,drogue,0.30000,33670.00000,7153.27000,-38.65000,4.11000
133.86000,drogue,0.21000,33700.00000,7147.18000,-38.66000,4.09000
133.96000,drogue,0.19000,33691.00000,7149.01000,-38.67000,4.09000
134.06000,drogue,0.26000,33710.00000,7145.15000,-38.63000,4.09000
134.16000,drogue,0.41000,33696.00000,7147.99000,-38.62000,4.09000
134.26000,drogue,0.62000,33714.00000,7144.34000,-38.60000,4.09000
134.36000,drogue,0.86000,33732.00000,7140.69000,-38.56000,4.09000
134.46000,drogue,1.08000,33722.00000,7142.71000,-38.48000,4.09000
134.56000,drogue,1.23000,33783.00000,7130.35000,-38.34000,4.09000
134.66000,drogue,1.28000,33810.00000,7124.88000,-38.19000,4.09000
134.76000,drogue,1.23000,33831.00000,7120.63000,-38.03000,4.09000
134.86000,drogue,1.11000,33875.00000,7111.73000,-37.91000,4.11000
134.96000,drogue,0.98000,33890.00000,7108.70000,-37.80000,4.09000
135.06000,drogue,0.86000,33901.00000,7106.48000,-37.71000,4.09000
135.16000,drogue,0.74000,33913.00000,7104.05000,-37.62000,4.09000
135.26000,drogue,0.61000,33917.00000,7103.25000,-37.55000,4.09000
135.36000,drogue,0.48000,33946.00000,7097.39000,-37.48000,4.09000
135.46000,drogue,0.33000,33966.00000,7093.36000,-37.42000,4.09000
135.56000,drogue,0.18000,33982.00000,7090.13000,-37.40000,4.09000
135.66000,drogue,0.04000,33985.00000,7089.52000,-37.39000,4.09000
135.76000,drogue,-0.08000,34016.00000,7083.28000,-37.37000,4.09000
135.86000,drogue,-0.19000,34046.00000,7077.24000,-37.39000,4.09000
135.96000,drogue,-0.26000,34049.00000,7076.63000,-37.42000,4.12000
136.06000,drogue,-0.30000,34054.00000,7075.63000,-37.45000,4.09000
136.16000,drogue,-0.31000,34084.00000,7069.59000,-37.48000,4.09000
136.26000,drogue,-0.29000,34104.00000,7065.57000,-37.52000,4.09000
136.36000,drogue,-0.21000,34113.00000,7063.76000,-37.56000,4.09000
136.46000,drogue,-0.07000,34119.00000,7062.55000,-37.56000,4.09000
136.56000,drogue,0.16000,34139.00000,7058.53000,-37.62000,4.09000
136.66000,drogue,0.46000,34189.00000,7048.50000,-37.61000,4.09000
136.76000,drogue,0.80000,34208.00000,7044.69000,-37.58000,4.09000
136.86000,drogue,1.13000,34255.00000,7035.26000,-37.50000,4.09000
136.96000,drogue,1.40000,34268.00000,7032.66000,-37.37000,4.09000
137.06000,drogue,1.58000,34272.00000,7031.86000,-37.20000,4.12000
137.16000,drogue,1.66000,34280.00000,7030.26000,-37.02000,4.09000
137.26000,drogue,1.67000,34302.00000,7025.86000,-36.84000,4.09000
137.36000,drogue,1.63000,34320.00000,7022.25000,-36.68000,4.09000
137.46000,drogue,1.56000,34309.00000,7024.45000,-36.52000,4.09000
137.56000,drogue,1.47000,34329.00000,7020.45000,-36.35000,4.09000
137.66000,drogue,1.37000,34351.00000,7016.06000,-36.20000,4.09000
137.76000,drogue,1.23000,34368.00000,7012.66000,-36.06000,4.09000
137.86000,drogue,1.06000,34416.00000,7003.07000,-35.95000,4.09000
137.96000,drogue,0.85000,34455.00000,6995.30000,-35.82000,4.09000
138.06000,drogue,0.60000,34466.00000,6993.10000,-35.71000,4.09000
138.16000,drogue,0.29000,34489.00000,6988.52000,-35.66000,4.11000
138.26000,drogue,-0.06000,34487.00000,6988.92000,-35.64000,4.09000
138.36000,drogue,-0.45000,34493.00000,6987.72000,-35.63000,4.09000
138.46000,drogue,-0.88000,34499.00000,6986.53000,-35.64000,4.09000
138.56000,drogue,-1.29000,34521.00000,6982.15000,-35.73000,4.09000
138.66000,drogue,-1.61000,34510.00000,6984.34000,-35.89000,4.09000
138.76000,drogue,-1.79000,34544.00000,6977.57000,-36.07000,4.09000
138.86000,drogue,-1.81000,34544.00000,6977.57000,-36.30000,4.09000
138.96000,drogue,-1.70000,34584.00000,6969.61000,-36.51000,4.09000
139.06000,drogue,-1.50000,34618.00000,6962.86000,-36.66000,4.09000
139.16000,drogue,-1.26000,34660.00000,6954.52000,-36.84000,4.09000
139.26000,drogue,-1.03000,34693.00000,6947.98000,-36.96000,4.11000
139.36000,drogue,-0.83000,34707.00000,6945.20000,-37.06000,4.09000
139.46000,drogue,-0.68000,34711.00000,6944.41000,-37.11000,4.09000
139.56000,drogue,-0.57000,34714.00000,6943.81000,-37.18000,4.09000
139.66000,drogue,-0.49000,34742.00000,6938.27000,-37.24000,4.09000
139.76000,drogue,-0.38000,34735.00000,6939.65000,-37.27000,4.09000
139.86000,drogue,-0.22000,34744.00000,6937.87000,-37.33000,4.09000
139.96000,drogue,0.01000,34757.00000,6935.30000,-37.38000,4.09000
140.06000,drogue,0.27000,34783.00000,6930.15000,-37.39000,4.09000
140.16000,drogue,0.52000,34819.00000,6923.03000,-37.36000,4.09000
140.26000,drogue,0.72000,34844.00000,6918.09000,-37.29000,4.09000
140.36000,drogue,0.81000,34859.00000,6915.13000,-37.19000,4.11000
140.46000,drogue,0.77000,34884.00000,6910.19000,-37.10000,4.09000
140.56000,drogue,0.60000,34930.00000,6901.12000,-37.01000,4.09000
140.66000,drogue,0.30000,34959.00000,6895.40000,-36.90000,4.09000
140.76000,drogue,-0.09000,34969.00000,6893.43000,-36.86000,4.09000
140.86000,drogue,-0.52000,34985.00000,6890.28000,-36.86000,4.09000
140.96000,drogue,-0.92000,34988.00000,6889.69000,-36.92000,4.09000
141.06000,drogue,-1.21000,34972.00000,6892.84000,-37.02000,4.09000
141.16000,drogue,-1.37000,35022.00000,6882.99000,-37.19000,4.09000
141.26000,drogue,-1.38000,34993.00000,6888.70000,-37.35000,4.09000
141.36000,drogue,-1.28000,35023.00000,6882.80000,-37.51000,4.09000
141.46000,drogue,-1.09000,35038.00000,6879.85000,-37.64000,4.12000
141.56000,drogue,-0.84000,35091.00000,6869.43000,-37.76000,4.09000
141.66000,drogue,-0.57000,35114.00000,6864.91000,-37.85000,4.09000
141.76000,drogue,-0.28000,35121.00000,6863.54000,-37.91000,4.09000
141.86000,drogue,-0.01000,35158.00000,6856.28000,-37.95000,4.09000
141.96000,drogue,0.25000,35183.00000,6851.37000,-37.92000,4.09000
142.06000,drogue,0.48000,35198.00000,6848.43000,-37.89000,4.09000
142.16000,drogue,0.67000,35199.00000,6848.24000,-37.86000,4.09000
142.26000,drogue,0.84000,35218.00000,6844.52000,-37.77000,4.09000
142.36000,drogue,0.97000,35234.00000,6841.38000,-37.68000,4.09000
142.46000,drogue,1.06000,35268.00000,6834.73000,-37.58000,4.09000
142.56000,drogue,1.10000,35273.00000,6833.75000,-37.48000,4.12000
142.66000,drogue,1.04000,35290.00000,6830.43000,-37.36000,4.09000
142.76000,drogue,0.88000,35331.00000,6822.41000,-37.22000,4.09000
142.86000,drogue,0.60000,35373.00000,6814.21000,-37.11000,4.09000
142.96000,drogue,0.21000,35385.00000,6811.87000,-37.03000,4.09000
143.06000,drogue,-0.25000,35403.00000,6808.36000,-36.99000,4.09000
143.16000,drogue,-0.76000,35430.00000,6803.09000,-37.03000,4.09000
143.26000,drogue,-1.28000,35414.00000,6806.21000,-37.09000,4.09000
143.36000,drogue,-1.78000,35440.00000,6801.14000,-37.22000,4.09000
143.46000,drogue,-2.25000,35446.00000,6799.97000,-37.40000,4.09000
143.56000,drogue,-2.63000,35461.00000,6797.05000,-37.65000,4.09000
143.66000,drogue,-2.88000,35453.00000,6798.61000,-37.92000,4.11000
143.76000,drogue,-2.96000,35494.00000,6790.63000,-38.24000,4.09000
143.86000,drogue,-2.81000,35513.00000,6786.93000,-38.57000,4.09000
143.96000,drogue,-2.43000,35508.00000,6787.90000,-38.92000,4.09000
144.06000,drogue,-1.83000,35549.00000,6779.93000,-39.19000,4.09000
144.16000,drogue,-1.05000,35583.00000,6773.32000,-39.39000,4.09000
144.26000,drogue,-0.18000,35601.00000,6769.83000,-39.53000,4.09000
144.36000,drogue,0.69000,35651.00000,6760.12000,-39.54000,4.09000
144.46000,drogue,1.48000,35676.00000,6755.28000,-39.47000,4.09000
144.56000,drogue,2.12000,35686.00000,6753.34000,-39.27000,4.09000
144.66000,drogue,2.64000,35697.00000,6751.21000,-39.00000,4.09000
144.76000,drogue,3.05000,35718.00000,6747.14000,-38.74000,4.11000
144.86000,drogue,3.41000,35755.00000,6739.98000,-38.46000,4.09000
144.96000,drogue,3.71000,35780.00000,6735.14000,-38.11000,4.09000
145.06000,drogue,3.92000,35805.00000,6730.31000,-37.72000,4.09000
145.16000,drogue,3.99000,35799.00000,6731.47000,-37.31000,4.09000
145.26000,drogue,3.87000,35827.00000,6726.06000,-36.87000,4.09000
145.36000,drogue,3.56000,35826.00000,6726.25000,-36.44000,4.09000
145.46000,drogue,3.05000,35839.00000,6723.74000,-36.06000,4.09000
145.56000,drogue,2.36000,35854.00000,6720.84000,-35.74000,4.09000
145.66000,drogue,1.55000,35878.00000,6716.21000,-35.45000,4.09000
145.76000,drogue,0.63000,35944.00000,6703.49000,-35.29000,4.09000
145.86000,drogue,-0.33000,35941.00000,6704.06000,-35.25000,4.11000
145.96000,drogue,-1.28000,35984.00000,6695.78000,-35.24000,4.09000
146.06000,drogue,-2.13000,35957.00000,6700.98000,-35.39000,4.09000
146.16000,drogue,-2.83000,35975.00000,6697.51000,-35.63000,4.09000
146.26000,drogue,-3.31000,35986.00000,6695.40000,-35.97000,4.09000
146.36000,drogue,-3.58000,35964.00000,6699.63000,-36.34000,4.09000
146.46000,drogue,-3.67000,35981.00000,6696.36000,-36.73000,4.09000
146.56000,drogue,-3.64000,36003.00000,6692.13000,-37.11000,4.09000
146.66000,drogue,-3.52000,36049.00000,6683.28000,-37.49000,4.09000
146.76000,drogue,-3.33000,36127.00000,6668.30000,-37.83000,4.09000
146.86000,drogue,-3.07000,36153.00000,6663.31000,-38.19000,4.09000
146.96000,drogue,-2.70000,36158.00000,6662.35000,-38.51000,4.11000
147.06000,drogue,-2.23000,36173.00000,6659.48000,-38.81000,4.09000
147.16000,drogue,-1.68000,36167.00000,6660.63000,-39.04000,4.09000
147.26000,drogue,-1.08000,36188.00000,6656.60000,-39.22000,4.09000
147.36000,drogue,-0.47000,36188.00000,6656.60000,-39.32000,4.09000
147.46000,drogue,0.14000,36218.00000,6650.86000,-39.37000,4.09000
147.56000,drogue,0.74000,36238.00000,6647.03000,-39.35000,4.09000
147.66000,drogue,1.33000,36254.00000,6643.97000,-39.26000,4.09000
147.76000,drogue,1.90000,36294.00000,6636.32000,-39.15000,4.09000
147.86000,drogue,2.42000,36335.00000,6628.48000,-38.95000,4.09000
147.96000,drogue,2.82000,36337.00000,6628.10000,-38.71000,4.09000
148.06000,drogue,3.06000,36387.00000,6618.56000,-38.36000,4.12000
148.16000,drogue,3.10000,36408.00000,6614.55000,-38.03000,4.09000
148.26000,drogue,2.95000,36446.00000,6607.31000,-37.69000,4.09000
148.36000,drogue,2.63000,36414.00000,6613.41000,-37.35000,4.09000
148.46000,drogue,2.19000,36430.00000,6610.36000,-37.09000,4.09000
148.56000,drogue,1.69000,36441.00000,6608.26000,-36.86000,4.09000
148.66000,drogue,1.20000,36473.00000,6602.17000,-36.67000,4.09000
148.76000,drogue,0.74000,36472.00000,6602.36000,-36.58000,4.09000
148.86000,drogue,0.34000,36521.00000,6593.03000,-36.53000,4.09000
148.96000,drogue,-0.03000,36534.00000,6590.56000,-36.50000,4.09000
149.06000,drogue,-0.42000,36577.00000,6582.39000,-36.50000,4.09000
149.16000,drogue,-0.85000,36594.00000,6579.16000,-36.51000,4.11000
149.26000,drogue,-1.34000,36602.00000,6577.64000,-36.60000,4.09000
149.36000,drogue,-1.86000,36608.00000,6576.50000,-36.71000,4.09000
149.46000,drogue,-2.36000,36631.00000,6572.14000,-36.91000,4.09000
149.56000,drogue,-2.76000,36636.00000,6571.19000,-37.15000,4.09000
149.66000,drogue,-3.03000,36643.00000,6569.86000,-37.45000,4.11000
149.76000,drogue,-3.14000,36663.00000,6566.07000,-37.80000,4.09000
149.86000,drogue,-3.09000,36685.00000,6561.90000,-38.16000,4.09000
149.96000,drogue,-2.92000,36698.00000,6559.44000,-38.46000,4.09000
150.06000,drogue,-2.62000,36723.00000,6554.70000,-38.76000,4.09000
150.16000,drogue,-2.23000,36776.00000,6544.67000,-39.05000,4.09000
150.26000,drogue,-1.76000,36796.00000,6540.89000,-39.31000,4.12000
150.36000,drogue,-1.25000,36833.00000,6533.90000,-39.48000,4.09000
150.46000,drogue,-0.72000,36876.00000,6525.78000,-39.60000,4.09000
150.56000,drogue,-0.19000,36861.00000,6528.61000,-39.65000,4.09000
150.66000,drogue,0.38000,36857.00000,6529.37000,-39.69000,4.09000
150.76000,drogue,1.05000,36889.00000,6523.33000,-39.65000,4.09000
150.86000,drogue,1.83000,36907.00000,6519.93000,-39.60000,4.09000
150.96000,drogue,2.68000,36942.00000,6513.33000,-39.42000,4.09000
151.06000,drogue,3.52000,36949.00000,6512.01000,-39.17000,4.09000
151.16000,drogue,4.25000,36967.00000,6508.62000,-38.80000,4.09000
151.26000,drogue,4.79000,37005.00000,6501.47000,-38.32000,4.09000
151.36000,drogue,5.12000,37005.00000,6501.47000,-37.79000,4.11000
151.46000,drogue,5.26000,37060.00000,6491.13000,-37.25000,4.09000
151.56000,drogue,5.24000,37067.00000,6489.81000,-36.71000,4.09000
151.66000,drogue,5.10000,37117.00000,6480.42000,-36.17000,4.09000
151.76000,drogue,4.85000,37122.00000,6479.48000,-35.65000,4.09000
151.86000,drogue,4.47000,37137.00000,6476.67000,-35.15000,4.09000
151.96000,drogue,3.96000,37122.00000,6479.48000,-34.66000,4.09000
152.06000,drogue,3.35000,37145.00000,6475.17000,-34.25000,4.09000
152.16000,drogue,2.68000,37193.00000,6466.17000,-33.91000,4.09000
152.26000,drogue,1.98000,37214.00000,6462.23000,-33.64000,4.09000
152.36000,drogue,1.24000,37232.00000,6458.86000,-33.44000,4.09000
152.46000,drogue,0.48000,37234.00000,6458.48000,-33.32000,4.12000
152.56000,drogue,-0.33000,37245.00000,6456.43000,-33.26000,4.09000
152.66000,drogue,-1.14000,37279.00000,6450.06000,-33.26000,4.09000
152.76000,drogue,-1.93000,37294.00000,6447.26000,-33.39000,4.09000
152.86000,drogue,-2.64000,37313.00000,6443.71000,-33.60000,4.09000
152.96000,drogue,-3.21000,37281.00000,6449.69000,-33.90000,4.09000
153.06000,drogue,-3.60000,37290.00000,6448.01000,-34.23000,4.09000
153.16000,drogue,-3.81000,37288.00000,6448.38000,-34.63000,4.09000
153.26000,drogue,-3.82000,37312.00000,6443.89000,-35.06000,4.09000
153.36000,drogue,-3.68000,37365.00000,6433.99000,-35.45000,4.09000
153.46000,drogue,-3.42000,37409.00000,6425.78000,-35.87000,4.09000
153.56000,drogue,-3.09000,37467.00000,6414.97000,-36.19000,4.11000
153.66000,drogue,-2.73000,37485.00000,6411.62000,-36.52000,4.09000
153.76000,drogue,-2.38000,37491.00000,6410.50000,-36.78000,4.09000
153.86000,drogue,-2.05000,37491.00000,6410.50000,-37.02000,4.09000
153.96000,drogue,-1.72000,37485.00000,6411.62000,-37.21000,4.09000
154.06000,drogue,-1.39000,37531.00000,6403.05000,-37.37000,4.09000
154.16000,drogue,-1.02000,37534.00000,6402.50000,-37.54000,4.09000
154.26000,drogue,-0.63000,37559.00000,6397.85000,-37.65000,4.09000
154.36000,drogue,-0.24000,37572.00000,6395.43000,-37.72000,4.09000
154.46000,drogue,0.15000,37594.00000,6391.34000,-37.72000,4.09000
154.56000,drogue,0.50000,37640.00000,6382.80000,-37.70000,4.09000
154.66000,drogue,0.81000,37653.00000,6380.39000,-37.66000,4.12000
154.76000,drogue,1.06000,37688.00000,6373.89000,-37.57000,4.09000
154.86000,drogue,1.21000,37707.00000,6370.37000,-37.46000,4.09000
154.96000,drogue,1.24000,37717.00000,6368.52000,-37.30000,4.09000
155.06000,drogue,1.15000,37732.00000,6365.74000,-37.15000,4.09000
155.16000,drogue,0.96000,37763.00000,6360.00000,-37.00000,4.11000
155.26000,drogue,0.72000,37767.00000,6359.26000,-36.92000,4.09000
155.36000,drogue,0.50000,37760.00000,6360.56000,-36.85000,4.09000
155.46000,drogue,0.33000,37792.00000,6354.63000,-36.80000,4.09000
155.56000,drogue,0.18000,37777.00000,6357.41000,-36.79000,4.09000
155.66000,drogue,0.01000,37839.00000,6345.94000,-36.78000,4.09000
155.76000,drogue,-0.22000,37861.00000,6341.88000,-36.76000,4.12000
155.86000,drogue,-0.55000,37915.00000,6331.91000,-36.75000,4.09000
155.96000,drogue,-0.97000,37955.00000,6324.53000,-36.77000,4.09000
156.06000,drogue,-1.47000,37966.00000,6322.50000,-36.88000,4.09000
156.16000,drogue,-2.03000,37981.00000,6319.74000,-37.03000,4.09000
156.26000,drogue,-2.59000,37975.00000,6320.84000,-37.21000,4.09000
156.36000,drogue,-3.14000,37988.00000,6318.45000,-37.47000,4.09000
156.46000,drogue,-3.61000,37995.00000,6317.16000,-37.78000,4.09000
156.56000,drogue,-3.96000,38013.00000,6313.85000,-38.20000,4.09000
156.66000,drogue,-4.14000,38026.00000,6311.45000,-38.60000,4.09000
156.76000,drogue,-4.14000,38032.00000,6310.35000,-39.05000,4.09000
156.86000,drogue,-3.94000,38055.00000,6306.12000,-39.50000,4.12000
156.96000,drogue,-3.52000,38091.00000,6299.50000,-39.93000,4.09000
157.06000,drogue,-2.91000,38127.00000,6292.88000,-40.30000,4.09000
157.16000,drogue,-2.13000,38150.00000,6288.66000,-40.64000,4.11000
157.26000,drogue,-1.26000,38201.00000,6279.30000,-40.88000,4.09000
157.36000,drogue,-0.37000,38189.00000,6281.50000,-40.99000,4.09000
157.46000,drogue,0.50000,38211.00000,6277.46000,-41.02000,4.09000
157.56000,drogue,1.35000,38236.00000,6272.88000,-40.94000,4.09000
157.66000,drogue,2.19000,38271.00000,6266.47000,-40.82000,4.09000
157.76000,drogue,3.07000,38295.00000,6262.08000,-40.60000,4.09000
157.86000,drogue,4.01000,38323.00000,6256.95000,-40.32000,4.09000
157.96000,drogue,4.97000,38354.00000,6251.28000,-39.94000,4.11000
158.06000,drogue,5.89000,38379.00000,6246.72000,-39.43000,4.09000
158.16000,drogue,6.69000,38400.00000,6242.88000,-38.84000,4.09000
158.26000,drogue,7.27000,38397.00000,6243.43000,-38.11000,4.09000
158.36000,drogue,7.57000,38449.00000,6233.94000,-37.34000,4.09000
158.46000,drogue,7.55000,38460.00000,6231.93000,-36.53000,4.09000
158.56000,drogue,7.18000,38505.00000,6223.73000,-35.72000,4.09000
158.66000,drogue,6.53000,38490.00000,6226.46000,-34.93000,4.09000
158.76000,drogue,5.66000,38521.00000,6220.81000,-34.24000,4.09000
158.86000,drogue,4.69000,38542.00000,6216.99000,-33.66000,4.09000
158.96000,drogue,3.69000,38553.00000,6214.98000,-33.19000,4.09000
159.06000,drogue,2.75000,38551.00000,6215.35000,-32.86000,4.11000
159.16000,drogue,1.88000,38571.00000,6211.71000,-32.58000,4.09000
159.26000,drogue,1.04000,38576.00000,6210.80000,-32.41000,4.09000
159.36000,drogue,0.21000,38572.00000,6211.53000,-32.31000,4.09000
159.46000,drogue,-0.63000,38604.00000,6205.70000,-32.27000,4.09000
159.56000,drogue,-1.47000,38645.00000,6198.25000,-32.33000,4.09000
159.66000,drogue,-2.28000,38677.00000,6192.44000,-32.48000,4.09000
159.76000,drogue,-3.01000,38700.00000,6188.27000,-32.72000,4.09000
159.86000,drogue,-3.61000,38727.00000,6183.37000,-33.06000,4.09000
159.96000,drogue,-4.08000,38729.00000,6183.00000,-33.43000,4.09000
160.06000,drogue,-4.45000,38732.00000,6182.46000,-33.86000,4.09000
160.16000,drogue,-4.71000,38752.00000,6178.83000,-34.34000,4.11000
160.26000,drogue,-4.86000,38731.00000,6182.64000,-34.79000,4.09000
160.36000,drogue,-4.88000,38750.00000,6179.20000,-35.30000,4.11000
160.46000,drogue,-4.77000,38772.00000,6175.21000,-35.82000,4.09000
160.56000,drogue,-4.54000,38791.00000,6171.77000,-36.35000,4.09000
160.66000,drogue,-4.23000,38820.00000,6166.52000,-36.80000,4.09000
160.76000,drogue,-3.86000,38895.00000,6152.95000,-37.20000,4.09000
160.86000,drogue,-3.44000,38937.00000,6145.36000,-37.60000,4.09000
160.96000,drogue,-2.96000,38945.00000,6143.92000,-37.97000,4.09000
161.06000,drogue,-2.41000,38972.00000,6139.04000,-38.28000,4.09000
161.16000,drogue,-1.83000,38949.00000,6143.20000,-38.53000,4.09000
161.26000,drogue,-1.22000,38951.00000,6142.83000,-38.71000,4.12000
161.36000,drogue,-0.62000,38986.00000,6136.52000,-38.81000,4.09000
161.46000,drogue,-0.03000,38977.00000,6138.14000,-38.88000,4.09000
161.56000,drogue,0.56000,39014.00000,6131.47000,-38.91000,4.09000
161.66000,drogue,1.12000,39043.00000,6126.24000,-38.84000,4.09000
161.76000,drogue,1.61000,39090.00000,6117.78000,-38.70000,4.09000
161.86000,drogue,2.01000,39135.00000,6109.68000,-38.54000,4.11000
161.96000,drogue,2.28000,39131.00000,6110.40000,-38.31000,4.09000
162.06000,drogue,2.41000,39163.00000,6104.65000,-38.05000,4.09000
162.16000,drogue,2.42000,39198.00000,6098.36000,-37.82000,4.09000
162.26000,drogue,2.30000,39195.00000,6098.90000,-37.53000,4.09000
162.36000,drogue,2.08000,39227.00000,6093.15000,-37.27000,4.11000
162.46000,drogue,1.81000,39269.00000,6085.62000,-37.07000,4.09000
162.56000,drogue,1.53000,39270.00000,6085.44000,-36.89000,4.09000
162.66000,drogue,1.28000,39262.00000,6086.87000,-36.73000,4.09000
162.76000,drogue,1.09000,39260.00000,6087.23000,-36.63000,4.09000
162.86000,drogue,0.94000,39327.00000,6075.22000,-36.54000,4.09000
162.96000,drogue,0.80000,39352.00000,6070.74000,-36.44000,4.09000
163.06000,drogue,0.63000,39372.00000,6067.16000,-36.36000,4.09000
163.16000,drogue,0.44000,39373.00000,6066.98000,-36.26000,4.09000
163.26000,drogue,0.25000,39384.00000,6065.02000,-36.22000,4.09000
163.36000,drogue,0.11000,39396.00000,6062.87000,-36.21000,4.09000
163.46000,drogue,0.07000,39424.00000,6057.86000,-36.22000,4.11000
163.56000,drogue,0.15000,39457.00000,6051.96000,-36.24000,4.09000
163.66000,drogue,0.35000,39432.00000,6056.43000,-36.23000,4.09000
163.76000,drogue,0.62000,39472.00000,6049.28000,-36.23000,4.09000
163.86000,drogue,0.94000,39524.00000,6040.00000,-36.18000,4.09000
163.96000,drogue,1.25000,39547.00000,6035.90000,-36.07000,4.09000
164.06000,drogue,1.51000,39583.00000,6029.48000,-35.92000,4.09000
164.16000,drogue,1.71000,39625.00000,6022.00000,-35.79000,4.09000
164.26000,drogue,1.86000,39617.00000,6023.43000,-35.58000,4.09000
164.36000,drogue,1.97000,39634.00000,6020.40000,-35.39000,4.09000
164.46000,drogue,2.02000,39671.00000,6013.82000,-35.21000,4.09000
164.56000,drogue,2.00000,39661.00000,6015.60000,-35.00000,4.11000
164.66000,drogue,1.90000,39666.00000,6014.71000,-34.77000,4.09000
164.76000,drogue,1.74000,39674.00000,6013.28000,-34.54000,4.09000
164.86000,drogue,1.53000,39689.00000,6010.62000,-34.38000,4.09000
164.96000,drogue,1.32000,39714.00000,6006.17000,-34.23000,4.09000
165.06000,drogue,1.12000,39751.00000,5999.60000,-34.11000,4.09000
165.16000,drogue,0.89000,39788.00000,5993.03000,-33.99000,4.09000
165.26000,drogue,0.60000,39834.00000,5984.87000,-33.90000,4.09000
165.36000,drogue,0.21000,39839.00000,5983.99000,-33.82000,4.09000
165.46000,drogue,-0.27000,39863.00000,5979.73000,-33.75000,4.09000
165.56000,drogue,-0.80000,39865.00000,5979.38000,-33.79000,4.09000
165.66000,drogue,-1.32000,39841.00000,5983.63000,-33.86000,4.11000
165.76000,drogue,-1.76000,39863.00000,5979.73000,-34.01000,4.09000
165.86000,drogue,-2.05000,39870.00000,5978.49000,-34.22000,4.09000
165.96000,drogue,-2.18000,39900.00000,5973.18000,-34.46000,4.09000
166.06000,drogue,-2.16000,39927.00000,5968.40000,-34.69000,4.09000
166.16000,drogue,-2.04000,39986.00000,5957.97000,-34.95000,4.09000
166.26000,drogue,-1.85000,39983.00000,5958.50000,-35.14000,4.09000
166.36000,drogue,-1.63000,40032.00000,5949.84000,-35.33000,4.09000
166.46000,drogue,-1.40000,40047.00000,5947.19000,-35.50000,4.09000
166.56000,drogue,-1.20000,40058.00000,5945.25000,-35.64000,4.09000
166.66000,drogue,-1.03000,40074.00000,5942.43000,-35.74000,4.09000
166.76000,drogue,-0.92000,40085.00000,5940.49000,-35.85000,4.11000
166.86000,drogue,-0.85000,40102.00000,5937.49000,-35.92000,4.09000
166.96000,drogue,-0.78000,40105.00000,5936.96000,-35.99000,4.09000
167.06000,drogue,-0.69000,40134.00000,5931.85000,-36.08000,4.11000
167.16000,drogue,-0.52000,40150.00000,5929.03000,-36.17000,4.09000
167.26000,drogue,-0.31000,40176.00000,5924.45000,-36.25000,4.09000
167.36000,drogue,-0.11000,40182.00000,5923.40000,-36.28000,4.11000
167.46000,drogue,-0.00000,40184.00000,5923.04000,-36.27000,4.11000
167.56000,drogue,-0.04000,40283.00000,5905.63000,-36.24000,4.09000
167.66000,drogue,-0.26000,40316.00000,5899.84000,-36.19000,4.09000
167.76000,drogue,-0.64000,40345.00000,5894.75000,-36.21000,4.09000
167.86000,drogue,-1.13000,40353.00000,5893.34000,-36.25000,4.11000
167.96000,drogue,-1.66000,40358.00000,5892.47000,-36.34000,4.09000
168.06000,drogue,-2.17000,40348.00000,5894.22000,-36.52000,4.09000
168.16000,drogue,-2.61000,40369.00000,5890.54000,-36.76000,4.09000
168.26000,drogue,-2.93000,40362.00000,5891.77000,-37.03000,4.09000
168.36000,drogue,-3.13000,40400.00000,5885.10000,-37.36000,4.11000
168.46000,drogue,-3.22000,40405.00000,5884.23000,-37.69000,4.09000
168.56000,drogue,-3.23000,40439.00000,5878.27000,-38.03000,4.09000
168.66000,drogue,-3.18000,40464.00000,5873.89000,-38.35000,4.11000
168.76000,drogue,-3.09000,40502.00000,5867.24000,-38.67000,4.09000
168.86000,drogue,-2.96000,40510.00000,5865.85000,-38.99000,4.09000
168.96000,drogue,-2.79000,40541.00000,5860.43000,-39.28000,4.12000
169.06000,drogue,-2.55000,40584.00000,5852.91000,-39.59000,4.09000
169.16000,drogue,-2.26000,40602.00000,5849.77000,-39.84000,4.09000
169.26000,drogue,-1.90000,40618.00000,5846.98000,-40.08000,4.09000
169.36000,drogue,-1.46000,40633.00000,5844.36000,-40.30000,4.09000
169.46000,drogue,-0.92000,40625.00000,5845.76000,-40.42000,4.09000
169.56000,drogue,-0.24000,40670.00000,5837.91000,-40.56000,4.09000
169.66000,drogue,0.56000,40702.00000,5832.33000,-40.62000,4.09000
169.76000,drogue,1.45000,40753.00000,5823.45000,-40.59000,4.09000
169.86000,drogue,2.34000,40769.00000,5820.67000,-40.44000,4.09000
169.96000,drogue,3.16000,40788.00000,5817.36000,-40.20000,4.09000
170.06000,drogue,3.85000,40831.00000,5809.89000,-39.83000,4.11000
170.16000,drogue,4.38000,40844.00000,5807.63000,-39.42000,4.09000
170.26000,drogue,4.80000,40869.00000,5803.29000,-38.95000,4.09000
170.36000,drogue,5.15000,40889.00000,5799.81000,-38.48000,4.09000
170.46000,drogue,5.48000,40890.00000,5799.64000,-37.95000,4.09000
170.56000,drogue,5.81000,40909.00000,5796.34000,-37.41000,4.09000
170.66000,drogue,6.12000,40912.00000,5795.82000,-36.84000,4.09000
170.76000,drogue,6.40000,40938.00000,5791.31000,-36.23000,4.09000
170.86000,drogue,6.60000,40979.00000,5784.21000,-35.56000,4.09000
170.96000,drogue,6.68000,40998.00000,5780.92000,-34.88000,4.09000
171.06000,drogue,6.58000,41046.00000,5772.61000,-34.20000,4.09000
171.16000,drogue,6.27000,41037.00000,5774.16000,-33.51000,4.11000
171.26000,drogue,5.74000,41096.00000,5763.96000,-32.83000,4.09000
171.36000,drogue,5.02000,41133.00000,5757.57000,-32.21000,4.09000
171.46000,drogue,4.18000,41121.00000,5759.64000,-31.68000,4.09000
171.56000,drogue,3.28000,41133.00000,5757.57000,-31.28000,4.11000
171.66000,drogue,2.39000,41144.00000,5755.67000,-30.95000,4.09000
171.76000,drogue,1.52000,41157.00000,5753.42000,-30.73000,4.09000
171.86000,drogue,0.65000,41161.00000,5752.73000,-30.57000,4.09000
171.96000,drogue,-0.22000,41182.00000,5749.11000,-30.50000,4.09000
172.06000,drogue,-1.12000,41172.00000,5750.83000,-30.52000,4.09000
172.16000,drogue,-2.03000,41212.00000,5743.93000,-30.63000,4.09000
172.26000,drogue,-2.94000,41235.00000,5739.96000,-30.82000,4.11000
172.36000,drogue,-3.83000,41277.00000,5732.73000,-31.13000,4.09000
172.46000,drogue,-4.66000,41272.00000,5733.59000,-31.51000,4.09000
172.56000,drogue,-5.38000,41294.00000,5729.80000,-32.00000,4.09000
172.66000,drogue,-5.92000,41302.00000,5728.42000,-32.54000,4.09000
172.76000,drogue,-6.24000,41294.00000,5729.80000,-33.20000,4.09000
172.86000,drogue,-6.31000,41309.00000,5727.22000,-33.87000,4.09000
172.96000,drogue,-6.11000,41328.00000,5723.95000,-34.53000,4.09000
173.06000,drogue,-5.67000,41345.00000,5721.02000,-35.20000,4.09000
173.16000,drogue,-5.06000,41377.00000,5715.52000,-35.77000,4.09000
173.26000,drogue,-4.33000,41408.00000,5710.19000,-36.33000,4.09000
173.36000,drogue,-3.56000,41467.00000,5700.06000,-36.76000,4.12000
173.46000,drogue,-2.79000,41530.00000,5689.26000,-37.09000,4.09000
173.56000,drogue,-2.02000,41552.00000,5685.49000,-37.36000,4.09000
173.66000,drogue,-1.24000,41531.00000,5689.09000,-37.58000,4.09000
173.76000,drogue,-0.46000,41534.00000,5688.57000,-37.72000,4.09000
173.86000,drogue,0.31000,41536.00000,5688.23000,-37.77000,4.09000
173.96000,drogue,1.01000,41554.00000,5685.14000,-37.73000,4.09000
174.06000,drogue,1.61000,41571.00000,5682.23000,-37.58000,4.09000
174.16000,drogue,2.08000,41596.00000,5677.95000,-37.41000,4.09000
174.26000,drogue,2.40000,41625.00000,5672.99000,-37.18000,4.09000
174.36000,drogue,2.58000,41684.00000,5662.90000,-36.94000,4.09000
174.46000,drogue,2.61000,41716.00000,5657.44000,-36.63000,4.11000
174.56000,drogue,2.48000,41753.00000,5651.12000,-36.34000,4.09000
174.66000,drogue,2.18000,41775.00000,5647.37000,-36.08000,4.09000
174.76000,drogue,1.73000,41820.00000,5639.69000,-35.83000,4.09000
174.86000,drogue,1.17000,41799.00000,5643.27000,-35.63000,4.09000
174.96000,drogue,0.54000,41793.00000,5644.30000,-35.50000,4.09000
175.06000,drogue,-0.11000,41815.00000,5640.54000,-35.45000,4.09000
175.16000,drogue,-0.72000,41804.00000,5642.42000,-35.47000,4.09000
175.26000,drogue,-1.23000,41848.00000,5634.92000,-35.54000,4.09000
175.36000,drogue,-1.61000,41814.00000,5640.72000,-35.70000,4.09000
175.46000,drogue,-1.84000,41877.00000,5629.98000,-35.89000,4.09000
175.56000,drogue,-1.94000,41929.00000,5621.14000,-36.12000,4.12000
175.66000,drogue,-1.97000,41986.00000,5611.45000,-36.31000,4.09000
175.76000,drogue,-1.96000,41994.00000,5610.09000,-36.50000,4.09000
175.86000,drogue,-1.93000,42006.00000,5608.05000,-36.69000,4.11000
175.96000,drogue,-1.85000,41989.00000,5610.94000,-36.89000,4.09000
176.06000,drogue,-1.68000,41987.00000,5611.28000,-37.09000,4.09000
176.16000,drogue,-1.38000,42028.00000,5604.31000,-37.30000,4.09000
176.26000,drogue,-0.94000,42045.00000,5601.43000,-37.44000,4.09000
176.36000,drogue,-0.35000,42075.00000,5596.34000,-37.57000,4.11000
176.46000,drogue,0.35000,42096.00000,5592.78000,-37.64000,4.09000
176.56000,drogue,1.11000,42144.00000,5584.64000,-37.63000,4.09000
176.66000,drogue,1.85000,42191.00000,5576.69000,-37.49000,4.11000
176.76000,drogue,2.47000,42210.00000,5573.47000,-37.30000,4.09000
176.86000,drogue,2.94000,42232.00000,5569.75000,-37.01000,4.09000
176.96000,drogue,3.21000,42251.00000,5566.54000,-36.67000,4.09000
177.06000,drogue,3.29000,42288.00000,5560.29000,-36.33000,4.09000
177.16000,drogue,3.19000,42289.00000,5560.12000,-35.97000,4.09000
177.26000,drogue,2.96000,42285.00000,5560.80000,-35.65000,4.09000
177.36000,drogue,2.67000,42314.00000,5555.90000,-35.29000,4.09000
177.46000,drogue,2.40000,42316.00000,5555.56000,-35.05000,4.09000
177.56000,drogue,2.19000,42364.00000,5547.46000,-34.83000,4.09000
177.66000,drogue,2.04000,42372.00000,5546.11000,-34.65000,4.09000
177.76000,drogue,1.89000,42397.00000,5541.90000,-34.46000,4.11000
177.86000,drogue,1.66000,42418.00000,5538.36000,-34.24000,4.09000
177.96000,drogue,1.29000,42442.00000,5534.32000,-34.02000,4.09000
178.06000,drogue,0.81000,42480.00000,5527.92000,-33.85000,4.09000
178.16000,drogue,0.31000,42505.00000,5523.71000,-33.78000,4.09000
178.26000,drogue,-0.14000,42488.00000,5526.57000,-33.77000,4.09000
178.36000,drogue,-0.47000,42511.00000,5522.70000,-33.81000,4.09000
178.46000,drogue,-0.67000,42537.00000,5518.33000,-33.89000,4.09000
178.56000,drogue,-0.75000,42544.00000,5517.16000,-33.96000,4.09000
178.66000,drogue,-0.74000,42528.00000,5519.85000,-34.05000,4.09000
178.76000,drogue,-0.66000,42580.00000,5511.11000,-34.15000,4.09000
178.86000,drogue,-0.55000,42607.00000,5506.57000,-34.22000,4.11000
178.96000,drogue,-0.46000,42645.00000,5500.20000,-34.26000,4.09000
179.06000,drogue,-0.42000,42688.00000,5492.99000,-34.31000,4.09000
179.16000,drogue,-0.44000,42707.00000,5489.80000,-34.33000,4.09000
179.26000,drogue,-0.53000,42733.00000,5485.45000,-34.35000,4.09000
179.36000,drogue,-0.67000,42730.00000,5485.95000,-34.41000,4.09000
179.46000,drogue,-0.84000,42779.00000,5477.74000,-34.46000,4.09000
179.56000,drogue,-1.03000,42757.00000,5481.43000,-34.55000,4.09000
179.66000,drogue,-1.23000,42766.00000,5479.92000,-34.65000,4.09000
179.76000,drogue,-1.42000,42773.00000,5478.75000,-34.79000,4.11000
179.86000,drogue,-1.64000,42769.00000,5479.42000,-34.92000,4.09000
179.96000,drogue,-1.87000,42802.00000,5473.90000,-35.06000,4.11000
180.06000,drogue,-2.14000,42864.00000,5463.53000,-35.26000,4.09000
180.16000,drogue,-2.43000,42921.00000,5454.02000,-35.48000,4.09000
180.26000,drogue,-2.70000,42945.00000,5450.01000,-35.70000,4.09000
180.36000,drogue,-2.93000,42959.00000,5447.68000,-35.97000,4.09000
180.46000,drogue,-3.07000,42980.00000,5444.18000,-36.30000,4.09000
180.56000,drogue,-3.12000,42949.00000,5449.34000,-36.63000,4.09000
180.66000,drogue,-3.06000,42965.00000,5446.68000,-36.94000,4.09000
180.76000,drogue,-2.88000,43018.00000,5437.84000,-37.28000,4.09000
180.86000,drogue,-2.60000,43019.00000,5437.68000,-37.58000,4.09000
180.96000,drogue,-2.23000,43027.00000,5436.34000,-37.85000,4.09000
181.06000,drogue,-1.79000,43064.00000,5430.18000,-38.10000,4.11000
181.16000,drogue,-1.30000,43096.00000,5424.86000,-38.28000,4.09000
181.26000,drogue,-0.79000,43140.00000,5417.54000,-38.41000,4.09000
181.36000,drogue,-0.28000,43172.00000,5412.23000,-38.48000,4.09000
181.46000,drogue,0.20000,43179.00000,5411.06000,-38.52000,4.09000
181.56000,drogue,0.62000,43198.00000,5407.91000,-38.49000,4.09000
181.66000,drogue,0.96000,43233.00000,5402.10000,-38.41000,4.09000
181.76000,drogue,1.21000,43264.00000,5396.96000,-38.29000,4.09000
181.86000,drogue,1.39000,43251.00000,5399.11000,-38.15000,4.09000
181.96000,drogue,1.56000,43271.00000,5395.80000,-38.01000,4.09000
182.06000,drogue,1.75000,43324.00000,5387.02000,-37.86000,4.09000
182.16000,drogue,1.97000,43350.00000,5382.71000,-37.72000,4.11000
182.26000,drogue,2.22000,43380.00000,5377.75000,-37.52000,4.09000
182.36000,drogue,2.45000,43425.00000,5370.30000,-37.28000,4.09000
182.46000,drogue,2.62000,43450.00000,5366.17000,-37.05000,4.09000
182.56000,drogue,2.71000,43454.00000,5365.51000,-36.74000,4.09000
182.66000,drogue,2.77000,43468.00000,5363.20000,-36.45000,4.09000
182.76000,drogue,2.86000,43465.00000,5363.69000,-36.20000,4.09000
182.86000,drogue,3.01000,43463.00000,5364.02000,-35.92000,4.09000
182.96000,drogue,3.26000,43473.00000,5362.37000,-35.66000,4.09000
183.06000,drogue,3.59000,43516.00000,5355.27000,-35.34000,4.09000
183.16000,drogue,3.97000,43543.00000,5350.82000,-35.00000,4.09000
183.26000,drogue,4.32000,43571.00000,5346.20000,-34.57000,4.11000
183.36000,drogue,4.57000,43623.00000,5337.63000,-34.16000,4.09000
183.46000,drogue,4.69000,43639.00000,5335.00000,-33.67000,4.11000
183.56000,drogue,4.66000,43671.00000,5329.73000,-33.13000,4.09000
183.66000,drogue,4.51000,43690.00000,5326.60000,-32.65000,4.09000
183.76000,drogue,4.27000,43715.00000,5322.49000,-32.21000,4.09000
183.86000,drogue,3.96000,43738.00000,5318.71000,-31.78000,4.09000
183.96000,drogue,3.56000,43742.00000,5318.05000,-31.37000,4.09000
184.06000,drogue,3.05000,43745.00000,5317.56000,-30.99000,4.09000
184.16000,drogue,2.43000,43769.00000,5313.62000,-30.65000,4.09000
184.26000,drogue,1.71000,43775.00000,5312.63000,-30.40000,4.11000
184.36000,drogue,0.89000,43788.00000,5310.50000,-30.21000,4.12000
184.46000,drogue,-0.00000,43835.00000,5302.78000,-30.13000,4.09000
184.56000,drogue,-0.97000,43843.00000,5301.47000,-30.11000,4.09000
184.66000,drogue,-2.01000,43862.00000,5298.35000,-30.18000,4.09000
184.76000,drogue,-3.09000,43891.00000,5293.60000,-30.38000,4.09000
184.86000,drogue,-4.16000,43893.00000,5293.27000,-30.68000,4.09000
184.96000,drogue,-5.13000,43938.00000,5285.90000,-31.11000,4.09000
185.06000,drogue,-5.92000,43885.00000,5294.58000,-31.66000,4.09000
185.16000,drogue,-6.47000,43904.00000,5291.47000,-32.31000,4.09000
185.26000,drogue,-6.78000,43870.00000,5297.04000,-32.99000,4.11000
185.36000,drogue,-6.85000,43956.00000,5282.95000,-33.72000,4.09000
185.46000,drogue,-6.72000,43969.00000,5280.83000,-34.42000,4.12000
185.56000,drogue,-6.41000,43983.00000,5278.53000,-35.12000,4.09000
185.66000,drogue,-5.92000,44073.00000,5263.82000,-35.78000,4.09000
185.76000,drogue,-5.26000,44122.00000,5255.82000,-36.41000,4.09000
185.86000,drogue,-4.44000,44153.00000,5250.76000,-36.97000,4.09000
185.96000,drogue,-3.52000,44130.00000,5254.52000,-37.44000,4.09000
186.06000,drogue,-2.54000,44112.00000,5257.45000,-37.79000,4.09000
186.16000,drogue,-1.59000,44124.00000,5255.50000,-38.05000,4.09000
186.26000,drogue,-0.71000,44165.00000,5248.81000,-38.18000,4.09000
186.36000,drogue,0.07000,44180.00000,5246.36000,-38.23000,4.09000
186.46000,drogue,0.75000,44225.00000,5239.03000,-38.22000,4.09000
186.56000,drogue,1.32000,44249.00000,5235.12000,-38.11000,4.11000
186.66000,drogue,1.79000,44276.00000,5230.73000,-37.98000,4.09000
186.76000,drogue,2.16000,44331.00000,5221.78000,-37.78000,4.09000
186.86000,drogue,2.44000,44352.00000,5218.37000,-37.54000,4.09000
186.96000,drogue,2.61000,44392.00000,5211.87000,-37.30000,4.11000
187.06000,drogue,2.68000,44408.00000,5209.27000,-37.00000,4.09000
187.16000,drogue,2.69000,44424.00000,5206.67000,-36.72000,4.09000
187.26000,drogue,2.66000,44417.00000,5207.81000,-36.42000,4.09000
187.36000,drogue,2.65000,44432.00000,5205.37000,-36.21000,4.09000
187.46000,drogue,2.70000,44440.00000,5204.08000,-35.94000,4.09000
187.56000,drogue,2.85000,44477.00000,5198.08000,-35.66000,4.09000
187.66000,drogue,3.08000,44507.00000,5193.21000,-35.40000,4.11000
187.76000,drogue,3.38000,44553.00000,5185.76000,-35.13000,4.09000
187.86000,drogue,3.66000,44557.00000,5185.11000,-34.82000,4.09000
187.96000,drogue,3.86000,44589.00000,5179.93000,-34.40000,4.09000
188.06000,drogue,3.94000,44583.00000,5180.90000,-33.97000,4.09000
188.16000,drogue,3.92000,44594.00000,5179.12000,-33.55000,4.09000
188.26000,drogue,3.83000,44600.00000,5178.15000,-33.17000,4.09000
188.36000,drogue,3.70000,44652.00000,5169.75000,-32.80000,4.09000
188.46000,drogue,3.56000,44670.00000,5166.84000,-32.42000,4.09000
188.56000,drogue,3.39000,44700.00000,5161.99000,-32.04000,4.09000
188.66000,drogue,3.18000,44759.00000,5152.47000,-31.70000,4.09000
188.76000,drogue,2.91000,44761.00000,5152.15000,-31.39000,4.11000
188.86000,drogue,2.59000,44790.00000,5147.47000,-31.08000,4.09000
188.96000,drogue,2.19000,44817.00000,5143.12000,-30.81000,4.09000
189.06000,drogue,1.69000,44833.00000,5140.54000,-30.58000,4.09000
189.16000,drogue,1.06000,44842.00000,5139.09000,-30.40000,4.09000
189.26000,drogue,0.29000,44863.00000,5135.71000,-30.25000,4.09000
189.36000,drogue,-0.59000,44858.00000,5136.51000,-30.20000,4.09000
189.46000,drogue,-1.52000,44832.00000,5140.70000,-30.24000,4.09000
189.56000,drogue,-2.43000,44842.00000,5139.09000,-30.40000,4.09000
189.66000,drogue,-3.25000,44851.00000,5137.64000,-30.66000,4.09000
189.76000,drogue,-3.94000,44886.00000,5132.01000,-31.03000,4.11000
189.86000,drogue,-4.47000,44911.00000,5127.98000,-31.43000,4.12000
189.96000,drogue,-4.84000,44924.00000,5125.89000,-31.91000,4.09000
190.06000,drogue,-5.06000,44982.00000,5116.57000,-32.42000,4.09000
190.16000,drogue,-5.15000,45030.00000,5108.86000,-32.96000,4.09000
190.26000,drogue,-5.10000,45061.00000,5103.88000,-33.47000,4.09000
190.36000,drogue,-4.92000,45080.00000,5100.84000,-34.02000,4.09000
190.46000,drogue,-4.60000,45057.00000,5104.53000,-34.52000,4.11000
190.56000,drogue,-4.15000,45066.00000,5103.08000,-35.00000,4.09000
190.66000,drogue,-3.57000,45119.00000,5094.58000,-35.47000,4.09000
190.76000,drogue,-2.91000,45116.00000,5095.07000,-35.82000,4.09000
190.86000,drogue,-2.21000,45123.00000,5093.94000,-36.12000,4.09000
190.96000,drogue,-1.49000,45146.00000,5090.26000,-36.34000,4.11000
191.06000,drogue,-0.77000,45188.00000,5083.53000,-36.48000,4.09000
191.16000,drogue,-0.06000,45207.00000,5080.49000,-36.56000,4.09000
191.26000,drogue,0.60000,45231.00000,5076.65000,-36.58000,4.09000
191.36000,drogue,1.17000,45278.00000,5069.14000,-36.51000,4.09000
191.46000,drogue,1.64000,45303.00000,5065.14000,-36.34000,4.09000
191.56000,drogue,2.00000,45339.00000,5059.39000,-36.16000,4.09000
191.66000,drogue,2.26000,45363.00000,5055.56000,-35.95000,4.09000
191.76000,drogue,2.45000,45389.00000,5051.42000,-35.73000,4.09000
191.86000,drogue,2.58000,45391.00000,5051.10000,-35.47000,4.09000
191.96000,drogue,2.65000,45421.00000,5046.31000,-35.18000,4.09000
192.06000,drogue,2.66000,45449.00000,5041.85000,-34.93000,4.12000
192.16000,drogue,2.62000,45459.00000,5040.26000,-34.65000,4.09000
192.26000,drogue,2.50000,45453.00000,5041.21000,-34.38000,4.09000
192.36000,drogue,2.30000,45477.00000,5037.39000,-34.12000,4.09000
192.46000,drogue,2.06000,45493.00000,5034.84000,-33.85000,4.09000
192.56000,drogue,1.78000,45530.00000,5028.96000,-33.64000,4.09000
192.66000,drogue,1.50000,45560.00000,5024.18000,-33.49000,4.09000
192.76000,drogue,1.23000,45572.00000,5022.28000,-33.35000,4.09000
192.86000,drogue,0.96000,45600.00000,5017.83000,-33.22000,4.09000
192.96000,drogue,0.71000,45624.00000,5014.01000,-33.10000,4.09000
193.06000,drogue,0.50000,45657.00000,5008.77000,-33.04000,4.09000
193.16000,drogue,0.34000,45680.00000,5005.12000,-33.02000,4.11000
193.26000,drogue,0.26000,45706.00000,5001.00000,-32.99000,4.09000
193.36000,drogue,0.27000,45704.00000,5001.32000,-32.99000,4.09000
193.46000,drogue,0.36000,45705.00000,5001.16000,-32.97000,4.09000
193.56000,drogue,0.51000,45747.00000,4994.50000,-32.94000,4.11000
193.66000,drogue,0.69000,45761.00000,4992.28000,-32.89000,4.09000
193.76000,drogue,0.89000,45777.00000,4989.74000,-32.84000,4.09000
193.86000,drogue,1.08000,45777.00000,4989.74000,-32.74000,4.09000
193.96000,drogue,1.24000,45792.00000,4987.37000,-32.62000,4.09000
194.06000,drogue,1.34000,45843.00000,4979.30000,-32.50000,4.09000
194.16000,drogue,1.35000,45845.00000,4978.98000,-32.35000,4.09000
194.26000,drogue,1.26000,45893.00000,4971.39000,-32.19000,4.11000
194.36000,drogue,1.06000,45934.00000,4964.91000,-32.04000,4.09000
194.46000,drogue,0.76000,45965.00000,4960.01000,-31.91000,4.09000
194.56000,drogue,0.36000,46003.00000,4954.02000,-31.84000,4.09000
194.66000,drogue,-0.12000,46009.00000,4953.07000,-31.79000,4.09000
194.76000,drogue,-0.68000,46005.00000,4953.70000,-31.78000,4.09000
194.86000,drogue,-1.30000,46000.00000,4954.49000,-31.83000,4.09000
194.96000,drogue,-1.93000,45994.00000,4955.44000,-31.95000,4.09000
195.06000,drogue,-2.53000,46038.00000,4948.50000,-32.16000,4.09000
195.16000,drogue,-3.04000,46073.00000,4942.98000,-32.43000,4.09000
195.26000,drogue,-3.45000,46067.00000,4943.93000,-32.77000,4.09000
195.36000,drogue,-3.76000,46103.00000,4938.25000,-33.11000,4.11000
195.46000,drogue,-3.99000,46119.00000,4935.73000,-33.49000,4.09000
195.56000,drogue,-4.13000,46129.00000,4934.16000,-33.92000,4.09000
195.66000,drogue,-4.17000,46164.00000,4928.65000,-34.35000,4.09000
195.76000,drogue,-4.12000,46201.00000,4922.83000,-34.78000,4.09000
195.86000,drogue,-3.96000,46204.00000,4922.36000,-35.20000,4.09000
195.96000,drogue,-3.67000,46224.00000,4919.22000,-35.61000,4.09000
196.06000,drogue,-3.26000,46251.00000,4914.98000,-36.03000,4.09000
196.16000,drogue,-2.71000,46271.00000,4911.83000,-36.35000,4.09000
196.26000,drogue,-2.01000,46304.00000,4906.65000,-36.65000,4.09000
196.36000,drogue,-1.16000,46322.00000,4903.83000,-36.87000,4.09000
196.46000,drogue,-0.17000,46347.00000,4899.91000,-37.02000,4.11000
196.56000,drogue,0.90000,46383.00000,4894.26000,-37.07000,4.09000
196.66000,drogue,1.97000,46403.00000,4891.13000,-36.99000,4.09000
196.76000,drogue,2.95000,46434.00000,4886.27000,-36.76000,4.09000
196.86000,drogue,3.76000,46461.00000,4882.05000,-36.42000,4.09000
196.96000,drogue,4.36000,46494.00000,4876.88000,-35.99000,4.09000
197.06000,drogue,4.76000,46543.00000,4869.22000,-35.55000,4.09000
197.16000,drogue,4.93000,46555.00000,4867.35000,-35.05000,4.09000
197.26000,drogue,4.89000,46580.00000,4863.44000,-34.50000,4.09000
197.36000,drogue,4.68000,46557.00000,4867.04000,-33.97000,4.09000
197.46000,drogue,4.35000,46587.00000,4862.35000,-33.49000,4.09000
197.56000,drogue,3.97000,46597.00000,4860.79000,-33.05000,4.12000
197.66000,drogue,3.58000,46614.00000,4858.13000,-32.66000,4.09000
197.76000,drogue,3.19000,46642.00000,4853.76000,-32.31000,4.09000
197.86000,drogue,2.77000,46677.00000,4848.30000,-31.99000,4.09000
197.96000,drogue,2.30000,46715.00000,4842.38000,-31.69000,4.09000
198.06000,drogue,1.77000,46750.00000,4836.93000,-31.45000,4.09000
198.16000,drogue,1.18000,46733.00000,4839.58000,-31.26000,4.09000
198.26000,drogue,0.56000,46770.00000,4833.82000,-31.14000,4.09000
198.36000,drogue,-0.07000,46788.00000,4831.01000,-31.09000,4.09000
198.46000,drogue,-0.67000,46814.00000,4826.97000,-31.09000,4.09000
198.56000,drogue,-1.25000,46808.00000,4827.90000,-31.17000,4.09000
198.66000,drogue,-1.78000,46820.00000,4826.04000,-31.30000,4.11000
198.76000,drogue,-2.25000,46807.00000,4828.06000,-31.48000,4.09000
198.86000,drogue,-2.64000,46831.00000,4824.32000,-31.73000,4.09000
198.96000,drogue,-2.93000,46856.00000,4820.44000,-32.01000,4.09000
199.06000,drogue,-3.12000,46904.00000,4812.98000,-32.32000,4.09000
199.16000,drogue,-3.23000,46900.00000,4813.60000,-32.65000,4.09000
199.26000,drogue,-3.30000,46939.00000,4807.55000,-33.00000,4.09000
199.36000,drogue,-3.37000,46993.00000,4799.17000,-33.30000,4.09000
199.46000,drogue,-3.45000,47054.00000,4789.71000,-33.64000,4.09000
199.56000,drogue,-3.54000,47081.00000,4785.53000,-33.97000,4.09000
199.66000,drogue,-3.60000,47084.00000,4785.07000,-34.33000,4.09000
199.76000,drogue,-3.56000,47066.00000,4787.85000,-34.69000,4.12000
199.86000,drogue,-3.38000,47071.00000,4787.08000,-35.08000,4.09000
199.96000,drogue,-3.06000,47060.00000,4788.78000,-35.47000,4.09000
200.06000,drogue,-2.61000,47077.00000,4786.15000,-35.81000,4.09000
200.16000,drogue,-2.09000,47113.00000,4780.58000,-36.05000,4.09000
200.26000,drogue,-1.55000,47137.00000,4776.86000,-36.27000,4.09000
200.36000,drogue,-1.04000,47197.00000,4767.59000,-36.42000,4.09000
200.46000,drogue,-0.58000,47216.00000,4764.65000,-36.51000,4.09000
200.56000,drogue,-0.18000,47255.00000,4758.63000,-36.56000,4.09000
200.66000,drogue,0.13000,47287.00000,4753.69000,-36.57000,4.09000
200.76000,drogue,0.37000,47312.00000,4749.83000,-36.53000,4.09000
200.86000,drogue,0.54000,47350.00000,4743.98000,-36.48000,4.11000
200.96000,drogue,0.65000,47366.00000,4741.51000,-36.42000,4.09000
201.06000,drogue,0.73000,47370.00000,4740.89000,-36.37000,4.09000
201.16000,drogue,0.83000,47402.00000,4735.96000,-36.27000,4.09000
201.26000,drogue,0.97000,47430.00000,4731.65000,-36.19000,4.09000
201.36000,drogue,1.21000,47420.00000,4733.19000,-36.12000,4.11000
201.46000,drogue,1.55000,47464.00000,4726.42000,-36.03000,4.09000
201.56000,drogue,1.97000,47485.00000,4723.19000,-35.91000,4.09000
201.66000,drogue,2.40000,47520.00000,4717.81000,-35.70000,4.09000
201.76000,drogue,2.78000,47539.00000,4714.89000,-35.44000,4.09000
201.86000,drogue,3.08000,47584.00000,4707.98000,-35.14000,4.09000
201.96000,drogue,3.28000,47595.00000,4706.29000,-34.82000,4.11000
202.06000,drogue,3.38000,47594.00000,4706.45000,-34.49000,4.09000
202.16000,drogue,3.40000,47593.00000,4706.60000,-34.13000,4.09000
202.26000,drogue,3.38000,47617.00000,4702.92000,-33.76000,4.09000
202.36000,drogue,3.33000,47637.00000,4699.85000,-33.43000,4.09000
202.46000,drogue,3.29000,47659.00000,4696.48000,-33.11000,4.09000
202.56000,drogue,3.29000,47722.00000,4686.82000,-32.79000,4.09000
202.66000,drogue,3.32000,47752.00000,4682.23000,-32.47000,4.09000
202.76000,drogue,3.34000,47778.00000,4678.25000,-32.13000,4.09000
202.86000,drogue,3.30000,47811.00000,4673.20000,-31.80000,4.09000
202.96000,drogue,3.16000,47834.00000,4669.69000,-31.45000,4.09000
203.06000,drogue,2.88000,47849.00000,4667.39000,-31.08000,4.12000
203.16000,drogue,2.45000,47872.00000,4663.88000,-30.78000,4.09000
203.26000,drogue,1.85000,47889.00000,4661.28000,-30.54000,4.09000
203.36000,drogue,1.10000,47908.00000,4658.38000,-30.30000,4.09000
203.46000,drogue,0.24000,47893.00000,4660.67000,-30.16000,4.09000
203.56000,drogue,-0.63000,47910.00000,4658.07000,-30.13000,4.09000
203.66000,drogue,-1.42000,47897.00000,4660.06000,-30.21000,4.09000
203.76000,drogue,-2.07000,47918.00000,4656.85000,-30.39000,4.09000
203.86000,drogue,-2.55000,47939.00000,4653.65000,-30.66000,4.09000
203.96000,drogue,-2.90000,47969.00000,4649.07000,-30.93000,4.09000
204.06000,drogue,-3.17000,47995.00000,4645.11000,-31.20000,4.09000
204.16000,drogue,-3.37000,47992.00000,4645.56000,-31.53000,4.12000
204.26000,drogue,-3.51000,48032.00000,4639.47000,-31.88000,4.09000
204.36000,drogue,-3.58000,48087.00000,4631.09000,-32.24000,4.09000
204.46000,drogue,-3.56000,48136.00000,4623.64000,-32.61000,4.09000
204.56000,drogue,-3.43000,48160.00000,4619.99000,-32.99000,4.09000
204.66000,drogue,-3.20000,48173.00000,4618.01000,-33.35000,4.09000
204.76000,drogue,-2.87000,48166.00000,4619.08000,-33.68000,4.09000
204.86000,drogue,-2.43000,48175.00000,4617.71000,-34.00000,4.09000
204.96000,drogue,-1.90000,48180.00000,4616.95000,-34.26000,4.09000
205.06000,drogue,-1.31000,48175.00000,4617.71000,-34.44000,4.09000
205.16000,drogue,-0.67000,48236.00000,4608.44000,-34.59000,4.09000
205.26000,drogue,-0.03000,48267.00000,4603.74000,-34.67000,4.12000
205.36000,drogue,0.53000,48272.00000,4602.98000,-34.66000,4.09000
205.46000,drogue,0.95000,48309.00000,4597.37000,-34.58000,4.09000
205.56000,drogue,1.17000,48380.00000,4586.61000,-34.45000,4.09000
205.66000,drogue,1.18000,48421.00000,4580.40000,-34.28000,4.09000
205.76000,drogue,1.06000,48453.00000,4575.55000,-34.12000,4.09000
205.86000,drogue,0.86000,48453.00000,4575.55000,-34.01000,4.09000
205.96000,drogue,0.66000,48414.00000,4581.46000,-33.95000,4.09000
206.06000,drogue,0.46000,48412.00000,4581.76000,-33.91000,4.09000
206.16000,drogue,0.27000,48478.00000,4571.77000,-33.84000,4.09000
206.26000,drogue,0.08000,48485.00000,4570.72000,-33.78000,4.09000
206.36000,drogue,-0.08000,48504.00000,4567.84000,-33.80000,4.12000
206.46000,drogue,-0.22000,48535.00000,4563.16000,-33.84000,4.09000
206.56000,drogue,-0.34000,48560.00000,4559.38000,-33.85000,4.09000
206.66000,drogue,-0.48000,48595.00000,4554.10000,-33.88000,4.09000
206.76000,drogue,-0.64000,48647.00000,4546.25000,-33.91000,4.09000
206.86000,drogue,-0.83000,48675.00000,4542.03000,-33.97000,4.09000
206.96000,drogue,-1.00000,48687.00000,4540.22000,-34.05000,4.09000
207.06000,drogue,-1.08000,48687.00000,4540.22000,-34.16000,4.09000
207.16000,drogue,-1.07000,48717.00000,4535.71000,-34.31000,4.09000
207.26000,drogue,-0.98000,48709.00000,4536.91000,-34.44000,4.09000
207.36000,drogue,-0.83000,48704.00000,4537.66000,-34.54000,4.09000
207.46000,drogue,-0.65000,48722.00000,4534.95000,-34.61000,4.11000
207.56000,drogue,-0.42000,48751.00000,4530.59000,-34.67000,4.09000
207.66000,drogue,-0.16000,48778.00000,4526.52000,-34.73000,4.09000
207.76000,drogue,0.09000,48844.00000,4516.60000,-34.78000,4.09000
207.86000,drogue,0.31000,48903.00000,4507.73000,-34.76000,4.09000
207.96000,drogue,0.46000,48961.00000,4499.03000,-34.69000,4.09000
208.06000,drogue,0.54000,48959.00000,4499.33000,-34.60000,4.09000
208.16000,drogue,0.60000,48936.00000,4502.78000,-34.57000,4.09000
208.26000,drogue,0.68000,48932.00000,4503.38000,-34.53000,4.09000
208.36000,drogue,0.79000,49004.00000,4492.58000,-34.47000,4.09000
208.46000,drogue,0.91000,49003.00000,4492.73000,-34.39000,4.09000
208.56000,drogue,0.99000,48996.00000,4493.78000,-34.30000,4.12000
208.66000,drogue,1.01000,49043.00000,4486.74000,-34.17000,4.09000
208.76000,drogue,0.96000,49075.00000,4481.94000,-34.07000,4.09000
208.86000,drogue,0.86000,49117.00000,4475.66000,-33.96000,4.09000
208.96000,drogue,0.74000,49135.00000,4472.97000,-33.86000,4.09000
209.06000,drogue,0.62000,49170.00000,4467.73000,-33.79000,4.09000
209.16000,drogue,0.54000,49165.00000,4468.48000,-33.74000,4.09000
209.26000,drogue,0.51000,49166.00000,4468.33000,-33.70000,4.09000
209.36000,drogue,0.50000,49181.00000,4466.09000,-33.66000,4.09000
209.46000,drogue,0.48000,49185.00000,4465.49000,-33.61000,4.09000
209.56000,drogue,0.43000,49210.00000,4461.75000,-33.55000,4.09000
209.66000,drogue,0.33000,49278.00000,4451.60000,-33.47000,4.11000
209.76000,drogue,0.23000,49336.00000,4442.95000,-33.45000,4.09000
209.86000,drogue,0.14000,49337.00000,4442.80000,-33.43000,4.09000
209.96000,drogue,0.08000,49374.00000,4437.29000,-33.44000,4.09000
210.06000,drogue,0.07000,49399.00000,4433.56000,-33.44000,4.09000
210.16000,drogue,0.08000,49418.00000,4430.73000,-33.42000,4.09000
210.26000,drogue,0.10000,49448.00000,4426.27000,-33.41000,4.09000
210.36000,drogue,0.12000,49429.00000,4429.10000,-33.43000,4.09000
210.46000,drogue,0.13000,49420.00000,4430.44000,-33.41000,4.09000
210.56000,drogue,0.10000,49444.00000,4426.86000,-33.36000,4.09000
210.66000,drogue,0.03000,49434.00000,4428.35000,-33.36000,4.09000
210.76000,drogue,-0.10000,49493.00000,4419.57000,-33.34000,4.12000
210.86000,drogue,-0.26000,49534.00000,4413.48000,-33.35000,4.09000
210.96000,drogue,-0.43000,49592.00000,4404.86000,-33.36000,4.09000
211.06000,drogue,-0.59000,49639.00000,4397.89000,-33.42000,4.09000
211.16000,drogue,-0.72000,49652.00000,4395.96000,-33.48000,4.09000
211.26000,drogue,-0.83000,49680.00000,4391.81000,-33.56000,4.09000
211.36000,drogue,-0.92000,49683.00000,4391.36000,-33.66000,4.09000
211.46000,drogue,-1.00000,49656.00000,4395.37000,-33.75000,4.09000
211.56000,drogue,-1.07000,49648.00000,4396.55000,-33.82000,4.09000
211.66000,drogue,-1.11000,49655.00000,4395.52000,-33.95000,4.11000
211.76000,drogue,-1.11000,49724.00000,4385.29000,-34.08000,4.09000
211.86000,drogue,-1.05000,49756.00000,4380.55000,-34.18000,4.11000
211.96000,drogue,-0.91000,49814.00000,4371.97000,-34.31000,4.09000
212.06000,drogue,-0.69000,49863.00000,4364.72000,-34.41000,4.09000
212.16000,drogue,-0.40000,49892.00000,4360.44000,-34.49000,4.09000
212.26000,drogue,-0.09000,49916.00000,4356.89000,-34.55000,4.09000
212.36000,drogue,0.22000,49897.00000,4359.70000,-34.56000,4.09000
212.46000,drogue,0.45000,49878.00000,4362.50000,-34.51000,4.09000
212.56000,drogue,0.61000,49893.00000,4360.29000,-34.46000,4.09000
212.66000,drogue,0.69000,49934.00000,4354.23000,-34.36000,4.09000
212.76000,drogue,0.75000,49931.00000,4354.68000,-34.29000,4.09000
212.86000,drogue,0.83000,49981.00000,4347.30000,-34.23000,4.09000
212.96000,drogue,0.98000,50021.00000,4341.40000,-34.16000,4.11000
213.06000,drogue,1.24000,50087.00000,4331.67000,-34.08000,4.09000
213.16000,drogue,1.58000,50119.00000,4326.96000,-33.97000,4.09000
213.26000,drogue,1.94000,50143.00000,4323.43000,-33.83000,4.09000
213.36000,drogue,2.20000,50157.00000,4321.37000,-33.66000,4.09000
213.46000,drogue,2.28000,50154.00000,4321.81000,-33.37000,4.09000
213.56000,drogue,2.10000,50139.00000,4324.02000,-33.08000,4.09000
213.66000,drogue,1.67000,50174.00000,4318.87000,-32.81000,4.09000
213.76000,drogue,1.06000,50190.00000,4316.52000,-32.62000,4.09000
213.86000,drogue,0.40000,50239.00000,4309.31000,-32.51000,4.09000
213.96000,drogue,-0.19000,50286.00000,4302.41000,-32.48000,4.09000
214.06000,drogue,-0.64000,50292.00000,4301.53000,-32.53000,4.12000
214.16000,drogue,-0.93000,50308.00000,4299.18000,-32.64000,4.09000
214.26000,drogue,-1.09000,50324.00000,4296.84000,-32.78000,4.09000
214.36000,drogue,-1.22000,50340.00000,4294.49000,-32.89000,4.09000
214.46000,drogue,-1.36000,50339.00000,4294.64000,-32.97000,4.09000
214.56000,drogue,-1.55000,50382.00000,4288.33000,-33.09000,4.09000
214.66000,drogue,-1.77000,50375.00000,4289.36000,-33.26000,4.09000
214.76000,drogue,-1.97000,50436.00000,4280.42000,-33.42000,4.09000
214.86000,drogue,-2.04000,50466.00000,4276.03000,-33.63000,4.09000
214.96000,drogue,-1.93000,50484.00000,4273.39000,-33.87000,4.09000
215.06000,drogue,-1.59000,50516.00000,4268.71000,-34.12000,4.09000
215.16000,drogue,-1.04000,50540.00000,4265.20000,-34.34000,4.11000
215.26000,drogue,-0.33000,50554.00000,4263.16000,-34.46000,4.09000
215.36000,drogue,0.42000,50564.00000,4261.69000,-34.50000,4.09000
215.46000,drogue,1.10000,50515.00000,4268.86000,-34.45000,4.09000
215.56000,drogue,1.66000,50578.00000,4259.65000,-34.30000,4.09000
215.66000,drogue,2.07000,50609.00000,4255.12000,-34.10000,4.09000
215.76000,drogue,2.35000,50663.00000,4247.24000,-33.86000,4.09000
215.86000,drogue,2.56000,50735.00000,4236.74000,-33.63000,4.09000
215.96000,drogue,2.72000,50775.00000,4230.91000,-33.38000,4.09000
216.06000,drogue,2.83000,50813.00000,4225.38000,-33.09000,4.09000
216.16000,drogue,2.87000,50838.00000,4221.74000,-32.80000,4.09000
216.26000,drogue,2.81000,50830.00000,4222.90000,-32.50000,4.11000
216.36000,drogue,2.60000,50802.00000,4226.98000,-32.19000,4.09000
216.46000,drogue,2.25000,50776.00000,4230.76000,-31.90000,4.09000
216.56000,drogue,1.75000,50805.00000,4226.54000,-31.66000,4.09000
216.66000,drogue,1.16000,50846.00000,4220.57000,-31.44000,4.09000
216.76000,drogue,0.52000,50865.00000,4217.81000,-31.32000,4.09000
216.86000,drogue,-0.08000,50920.00000,4209.81000,-31.28000,4.09000
216.96000,drogue,-0.58000,50962.00000,4203.71000,-31.31000,4.09000
217.06000,drogue,-0.95000,50994.00000,4199.07000,-31.41000,4.09000
217.16000,drogue,-1.19000,51008.00000,4197.03000,-31.52000,4.09000
217.26000,drogue,-1.37000,50985.00000,4200.37000,-31.67000,4.09000
217.36000,drogue,-1.56000,50998.00000,4198.49000,-31.81000,4.12000
217.46000,drogue,-1.79000,51021.00000,4195.15000,-31.91000,4.09000
217.56000,drogue,-2.03000,51026.00000,4194.42000,-32.08000,4.09000
217.66000,drogue,-2.22000,51047.00000,4191.38000,-32.31000,4.09000
217.76000,drogue,-2.26000,51098.00000,4183.98000,-32.54000,4.09000
217.86000,drogue,-2.10000,51151.00000,4176.31000,-32.82000,4.09000
217.96000,drogue,-1.73000,51175.00000,4172.83000,-33.08000,4.09000
218.06000,drogue,-1.23000,51191.00000,4170.52000,-33.29000,4.09000
218.16000,drogue,-0.71000,51224.00000,4165.74000,-33.41000,4.09000
218.26000,drogue,-0.27000,51232.00000,4164.59000,-33.46000,4.09000
218.36000,drogue,-0.01000,51226.00000,4165.45000,-33.44000,4.09000
218.46000,drogue,0.09000,51259.00000,4160.68000,-33.39000,4.12000
218.56000,drogue,0.06000,51285.00000,4156.93000,-33.37000,4.09000
218.66000,drogue,-0.02000,51296.00000,4155.34000,-33.36000,4.09000
218.76000,drogue,-0.08000,51344.00000,4148.41000,-33.37000,4.09000
218.86000,drogue,-0.06000,51389.00000,4141.91000,-33.40000,4.09000
218.96000,drogue,0.05000,51419.00000,4137.59000,-33.42000,4.09000
219.06000,drogue,0.25000,51446.00000,4133.69000,-33.44000,4.09000
219.16000,drogue,0.47000,51419.00000,4137.59000,-33.43000,4.09000
219.26000,drogue,0.64000,51451.00000,4132.97000,-33.37000,4.09000
219.36000,drogue,0.70000,51445.00000,4133.84000,-33.28000,4.09000
219.46000,drogue,0.63000,51452.00000,4132.83000,-33.17000,4.09000
219.56000,drogue,0.48000,51503.00000,4125.48000,-33.08000,4.11000
219.66000,drogue,0.31000,51577.00000,4114.84000,-33.04000,4.09000
219.76000,drogue,0.20000,51582.00000,4114.12000,-33.02000,4.09000
219.86000,drogue,0.20000,51636.00000,4106.35000,-33.03000,4.09000
219.96000,drogue,0.31000,51646.00000,4104.92000,-33.04000,4.09000
220.06000,drogue,0.51000,51647.00000,4104.77000,-33.02000,4.09000
220.16000,drogue,0.72000,51632.00000,4106.93000,-32.98000,4.09000
220.26000,drogue,0.88000,51658.00000,4103.19000,-32.90000,4.11000
220.36000,drogue,0.95000,51682.00000,4099.75000,-32.77000,4.09000
220.46000,drogue,0.93000,51735.00000,4092.14000,-32.65000,4.09000
220.56000,drogue,0.85000,51769.00000,4087.26000,-32.56000,4.09000
220.66000,drogue,0.75000,51796.00000,4083.39000,-32.48000,4.11000
220.76000,drogue,0.67000,51830.00000,4078.52000,-32.40000,4.09000
220.86000,drogue,0.65000,51837.00000,4077.52000,-32.34000,4.09000
220.96000,drogue,0.70000,51850.00000,4075.66000,-32.29000,4.09000
221.06000,drogue,0.78000,51882.00000,4071.08000,-32.25000,4.09000
221.16000,drogue,0.81000,51883.00000,4070.93000,-32.17000,4.09000
221.26000,drogue,0.74000,51900.00000,4068.50000,-32.07000,4.09000
221.36000,drogue,0.53000,51891.00000,4069.79000,-31.94000,4.09000
221.46000,drogue,0.21000,51905.00000,4067.78000,-31.85000,4.09000
221.56000,drogue,-0.12000,51982.00000,4056.77000,-31.83000,4.09000
221.66000,drogue,-0.37000,52043.00000,4048.06000,-31.89000,4.09000
221.76000,drogue,-0.52000,52050.00000,4047.06000,-31.94000,4.11000
221.86000,drogue,-0.57000,52079.00000,4042.92000,-32.02000,4.09000
221.96000,drogue,-0.58000,52101.00000,4039.78000,-32.09000,4.09000
222.06000,drogue,-0.63000,52102.00000,4039.64000,-32.13000,4.09000
222.16000,drogue,-0.75000,52090.00000,4041.35000,-32.18000,4.09000
222.26000,drogue,-0.93000,52115.00000,4037.79000,-32.21000,4.09000
222.36000,drogue,-1.12000,52109.00000,4038.64000,-32.31000,4.11000
222.46000,drogue,-1.26000,52155.00000,4032.08000,-32.44000,4.09000
222.56000,drogue,-1.30000,52212.00000,4023.96000,-32.60000,4.09000
222.66000,drogue,-1.22000,52247.00000,4018.98000,-32.74000,4.11000
222.76000,drogue,-1.03000,52252.00000,4018.27000,-32.88000,4.09000
222.86000,drogue,-0.75000,52282.00000,4014.00000,-33.01000,4.12000
222.96000,drogue,-0.43000,52308.00000,4010.30000,-33.09000,4.09000
223.06000,drogue,-0.12000,52338.00000,4006.04000,-33.13000,4.11000
223.16000,drogue,0.13000,52344.00000,4005.19000,-33.13000,4.09000
223.26000,drogue,0.29000,52321.00000,4008.46000,-33.10000,4.09000
223.36000,drogue,0.37000,52331.00000,4007.03000,-33.04000,4.09000
223.46000,drogue,0.43000,52413.00000,3995.39000,-32.99000,4.09000
223.56000,drogue,0.53000,52461.00000,3988.58000,-32.97000,4.09000
223.66000,drogue,0.71000,52497.00000,3983.47000,-32.94000,4.09000
223.76000,drogue,0.99000,52513.00000,3981.20000,-32.88000,4.09000
223.86000,drogue,1.32000,52524.00000,3979.64000,-32.80000,4.09000
223.96000,drogue,1.65000,52530.00000,3978.79000,-32.67000,4.12000
224.06000,drogue,1.91000,52533.00000,3978.37000,-32.50000,4.09000
224.16000,drogue,2.03000,52582.00000,3971.43000,-32.27000,4.09000
224.26000,drogue,2.00000,52561.00000,3974.40000,-32.05000,4.09000
224.36000,drogue,1.83000,52639.00000,3963.36000,-31.80000,4.09000
224.46000,drogue,1.58000,52652.00000,3961.52000,-31.60000,4.09000
224.56000,drogue,1.31000,52701.00000,3954.59000,-31.45000,4.09000
224.66000,drogue,1.07000,52701.00000,3954.59000,-31.34000,4.09000
224.76000,drogue,0.91000,52715.00000,3952.62000,-31.24000,4.09000
224.86000,drogue,0.83000,52751.00000,3947.53000,-31.16000,4.09000
224.96000,drogue,0.78000,52744.00000,3948.52000,-31.09000,4.09000
225.06000,drogue,0.71000,52736.00000,3949.65000,-31.03000,4.11000
225.16000,drogue,0.54000,52772.00000,3944.57000,-30.94000,4.09000
225.26000,drogue,0.25000,52792.00000,3941.74000,-30.84000,4.09000
225.36000,drogue,-0.13000,52853.00000,3933.14000,-30.76000,4.09000
225.46000,drogue,-0.53000,52890.00000,3927.92000,-30.79000,4.09000
225.56000,drogue,-0.87000,52913.00000,3924.68000,-30.88000,4.09000
225.66000,drogue,-1.10000,52932.00000,3922.01000,-30.99000,4.09000
225.76000,drogue,-1.24000,52958.00000,3918.34000,-31.11000,4.09000
225.86000,drogue,-1.31000,52968.00000,3916.94000,-31.24000,4.09000
225.96000,drogue,-1.35000,52956.00000,3918.63000,-31.38000,4.09000
226.06000,drogue,-1.38000,52971.00000,3916.51000,-31.51000,4.09000
226.16000,drogue,-1.40000,52969.00000,3916.80000,-31.66000,4.11000
226.26000,drogue,-1.40000,53015.00000,3910.32000,-31.78000,4.09000
226.36000,drogue,-1.39000,53028.00000,3908.50000,-31.93000,4.11000
226.46000,drogue,-1.34000,53077.00000,3901.61000,-32.08000,4.09000
226.56000,drogue,-1.24000,53127.00000,3894.58000,-32.22000,4.09000
226.66000,drogue,-1.07000,53163.00000,3889.53000,-32.35000,4.09000
226.76000,drogue,-0.82000,53198.00000,3884.62000,-32.47000,4.11000
226.86000,drogue,-0.53000,53202.00000,3884.06000,-32.58000,4.09000
226.96000,drogue,-0.21000,53199.00000,3884.48000,-32.63000,4.11000
227.06000,drogue,0.08000,53212.00000,3882.66000,-32.65000,4.09000
227.16000,drogue,0.32000,53188.00000,3886.02000,-32.63000,4.09000
227.26000,drogue,0.48000,53235.00000,3879.43000,-32.57000,4.11000
227.36000,drogue,0.57000,53265.00000,3875.23000,-32.51000,4.09000
227.46000,drogue,0.64000,53341.00000,3864.59000,-32.46000,4.09000
227.56000,drogue,0.68000,53376.00000,3859.69000,-32.39000,4.09000
227.66000,drogue,0.71000,53395.00000,3857.03000,-32.32000,4.09000
227.76000,drogue,0.73000,53412.00000,3854.65000,-32.25000,4.09000
227.86000,drogue,0.74000,53439.00000,3850.88000,-32.18000,4.09000
227.96000,drogue,0.73000,53450.00000,3849.34000,-32.09000,4.09000
228.06000,drogue,0.70000,53453.00000,3848.92000,-32.02000,4.09000
228.16000,drogue,0.64000,53462.00000,3847.67000,-31.95000,4.11000
228.26000,drogue,0.54000,53485.00000,3844.46000,-31.88000,4.09000
228.36000,drogue,0.41000,53487.00000,3844.18000,-31.80000,4.11000
228.46000,drogue,0.28000,53548.00000,3835.66000,-31.77000,4.09000
228.56000,drogue,0.16000,53563.00000,3833.57000,-31.75000,4.09000
228.66000,drogue,0.11000,53617.00000,3826.04000,-31.74000,4.09000
228.76000,drogue,0.12000,53646.00000,3822.00000,-31.76000,4.09000
228.86000,drogue,0.19000,53649.00000,3821.58000,-31.74000,4.09000
228.96000,drogue,0.29000,53665.00000,3819.35000,-31.73000,4.09000
229.06000,drogue,0.40000,53684.00000,3816.71000,-31.72000,4.09000
229.16000,drogue,0.50000,53665.00000,3819.35000,-31.65000,4.09000
229.26000,drogue,0.56000,53683.00000,3816.85000,-31.61000,4.09000
229.36000,drogue,0.59000,53724.00000,3811.14000,-31.54000,4.09000
229.46000,drogue,0.58000,53789.00000,3802.10000,-31.48000,4.11000
229.56000,drogue,0.54000,53824.00000,3797.24000,-31.41000,4.09000
229.66000,drogue,0.47000,53858.00000,3792.51000,-31.35000,4.09000
229.76000,drogue,0.39000,53878.00000,3789.74000,-31.30000,4.09000
229.86000,drogue,0.32000,53899.00000,3786.82000,-31.27000,4.09000
229.96000,drogue,0.26000,53913.00000,3784.88000,-31.24000,4.09000
230.06000,drogue,0.20000,53927.00000,3782.94000,-31.21000,4.09000
230.16000,drogue,0.12000,53927.00000,3782.94000,-31.19000,4.09000
230.26000,drogue,0.02000,53904.00000,3786.13000,-31.17000,4.09000
230.36000,drogue,-0.11000,53926.00000,3783.08000,-31.16000,4.09000
230.46000,drogue,-0.26000,53980.00000,3775.59000,-31.17000,4.09000
230.56000,drogue,-0.38000,54002.00000,3772.54000,-31.19000,4.11000
230.66000,drogue,-0.44000,54052.00000,3765.61000,-31.24000,4.09000
230.76000,drogue,-0.42000,54104.00000,3758.42000,-31.32000,4.09000
230.86000,drogue,-0.34000,54113.00000,3757.17000,-31.37000,4.09000
230.96000,drogue,-0.21000,54146.00000,3752.61000,-31.41000,4.09000
231.06000,drogue,-0.08000,54162.00000,3750.39000,-31.43000,4.09000
231.16000,drogue,0.03000,54142.00000,3753.16000,-31.43000,4.09000
231.26000,drogue,0.12000,54169.00000,3749.43000,-31.42000,4.09000
231.36000,drogue,0.19000,54150.00000,3752.05000,-31.40000,4.09000
231.46000,drogue,0.24000,54178.00000,3748.18000,-31.39000,4.09000
231.56000,drogue,0.28000,54221.00000,3742.24000,-31.35000,4.09000
231.66000,drogue,0.31000,54295.00000,3732.03000,-31.33000,4.11000
231.76000,drogue,0.33000,54335.00000,3726.51000,-31.29000,4.09000
231.86000,drogue,0.32000,54369.00000,3721.82000,-31.26000,4.09000
231.96000,drogue,0.28000,54387.00000,3719.34000,-31.22000,4.09000
232.06000,drogue,0.19000,54384.00000,3719.76000,-31.19000,4.09000
232.16000,drogue,0.05000,54398.00000,3717.83000,-31.16000,4.09000
232.26000,drogue,-0.14000,54382.00000,3720.03000,-31.14000,4.09000
232.36000,drogue,-0.36000,54411.00000,3716.04000,-31.15000,4.09000
232.46000,drogue,-0.58000,54414.00000,3715.63000,-31.19000,4.09000
232.56000,drogue,-0.77000,54451.00000,3710.53000,-31.24000,4.09000
232.66000,drogue,-0.90000,54497.00000,3704.20000,-31.35000,4.09000
232.76000,drogue,-0.98000,54549.00000,3697.05000,-31.44000,4.11000
232.86000,drogue,-0.99000,54551.00000,3696.78000,-31.53000,4.09000
232.96000,drogue,-0.93000,54575.00000,3693.48000,-31.66000,4.09000
233.06000,drogue,-0.81000,54582.00000,3692.52000,-31.77000,4.09000
233.16000,drogue,-0.63000,54618.00000,3687.57000,-31.85000,4.09000
233.26000,drogue,-0.41000,54633.00000,3685.52000,-31.94000,4.09000
233.36000,drogue,-0.18000,54632.00000,3685.65000,-31.96000,4.09000
233.46000,drogue,0.04000,54656.00000,3682.36000,-31.98000,4.09000
233.56000,drogue,0.25000,54680.00000,3679.07000,-31.96000,4.09000
233.66000,drogue,0.44000,54747.00000,3669.88000,-31.96000,4.09000
233.76000,drogue,0.62000,54770.00000,3666.73000,-31.90000,4.09000
233.86000,drogue,0.76000,54806.00000,3661.80000,-31.83000,4.11000
233.96000,drogue,0.86000,54825.00000,3659.20000,-31.75000,4.09000
234.06000,drogue,0.93000,54838.00000,3657.42000,-31.65000,4.09000
234.16000,drogue,0.98000,54864.00000,3653.86000,-31.56000,4.09000
234.26000,drogue,0.99000,54883.00000,3651.26000,-31.46000,4.09000
234.36000,drogue,0.98000,54894.00000,3649.76000,-31.36000,4.09000
234.46000,drogue,0.91000,54886.00000,3650.85000,-31.24000,4.09000
234.56000,drogue,0.82000,54913.00000,3647.16000,-31.14000,4.09000
234.66000,drogue,0.68000,54978.00000,3638.28000,-31.06000,4.11000
234.76000,drogue,0.52000,54945.00000,3642.79000,-31.00000,4.11000
234.86000,drogue,0.36000,55008.00000,3634.18000,-30.93000,4.09000
234.96000,drogue,0.21000,55065.00000,3626.40000,-30.90000,4.11000
235.06000,drogue,0.10000,55078.00000,3624.63000,-30.87000,4.09000
235.16000,drogue,0.05000,55101.00000,3621.50000,-30.89000,4.09000
235.26000,drogue,0.05000,55120.00000,3618.91000,-30.90000,4.09000
235.36000,drogue,0.09000,55102.00000,3621.36000,-30.90000,4.09000
235.46000,drogue,0.13000,55116.00000,3619.45000,-30.89000,4.09000
235.56000,drogue,0.14000,55117.00000,3619.32000,-30.86000,4.09000
235.66000,drogue,0.09000,55153.00000,3614.41000,-30.86000,4.09000
235.76000,drogue,-0.02000,55172.00000,3611.82000,-30.81000,4.09000
235.86000,drogue,-0.19000,55229.00000,3604.06000,-30.81000,4.09000
235.96000,drogue,-0.38000,55296.00000,3594.95000,-30.82000,4.09000
236.06000,drogue,-0.54000,55332.00000,3590.06000,-30.86000,4.11000
236.16000,drogue,-0.66000,55356.00000,3586.80000,-30.94000,4.09000
236.26000,drogue,-0.71000,55376.00000,3584.08000,-31.03000,4.09000
236.36000,drogue,-0.73000,55353.00000,3587.21000,-31.11000,4.09000
236.46000,drogue,-0.76000,55340.00000,3588.97000,-31.15000,4.09000
236.56000,drogue,-0.82000,55352.00000,3587.34000,-31.23000,4.09000
236.66000,drogue,-0.92000,55368.00000,3585.17000,-31.32000,4.09000
236.76000,drogue,-1.03000,55411.00000,3579.33000,-31.38000,4.11000
236.86000,drogue,-1.11000,55446.00000,3574.58000,-31.49000,4.09000
236.96000,drogue,-1.11000,55500.00000,3567.26000,-31.62000,4.09000
237.06000,drogue,-1.02000,55533.00000,3562.79000,-31.76000,4.09000
237.16000,drogue,-0.86000,55569.00000,3557.92000,-31.88000,4.11000
237.26000,drogue,-0.63000,55561.00000,3559.00000,-31.97000,4.09000
237.36000,drogue,-0.39000,55579.00000,3556.56000,-32.02000,4.09000
237.46000,drogue,-0.18000,55578.00000,3556.70000,-32.07000,4.09000
237.56000,drogue,-0.01000,55576.00000,3556.97000,-32.09000,4.09000
237.66000,drogue,0.12000,55613.00000,3551.96000,-32.08000,4.09000
237.76000,drogue,0.21000,55622.00000,3550.74000,-32.02000,4.09000
237.86000,drogue,0.33000,55714.00000,3538.30000,-32.02000,4.09000
237.96000,drogue,0.49000,55764.00000,3531.55000,-32.01000,4.09000
238.06000,drogue,0.73000,55806.00000,3525.88000,-31.98000,4.09000
238.16000,drogue,1.02000,55841.00000,3521.16000,-31.91000,4.09000
238.26000,drogue,1.31000,55841.00000,3521.16000,-31.82000,4.12000
238.36000,drogue,1.54000,55822.00000,3523.72000,-31.67000,4.09000
238.46000,drogue,1.67000,55806.00000,3525.88000,-31.49000,4.09000
238.56000,drogue,1.67000,55835.00000,3521.97000,-31.31000,4.09000
238.66000,drogue,1.56000,55826.00000,3523.19000,-31.11000,4.09000
238.76000,drogue,1.37000,55882.00000,3515.63000,-30.94000,4.09000
238.86000,drogue,1.17000,55923.00000,3510.11000,-30.80000,4.09000
238.96000,drogue,1.01000,55963.00000,3504.72000,-30.69000,4.09000
239.06000,drogue,0.93000,56020.00000,3497.05000,-30.61000,4.09000
239.16000,drogue,0.92000,56015.00000,3497.73000,-30.54000,4.09000
239.26000,drogue,0.96000,56035.00000,3495.04000,-30.46000,4.09000
239.36000,drogue,0.98000,56052.00000,3492.75000,-30.36000,4.11000
239.46000,drogue,0.91000,56090.00000,3487.64000,-30.25000,4.09000
239.56000,drogue,0.71000,56092.00000,3487.37000,-30.12000,4.09000
239.66000,drogue,0.36000,56088.00000,3487.91000,-30.04000,4.09000
239.76000,drogue,-0.09000,56095.00000,3486.97000,-29.94000,4.09000
239.86000,drogue,-0.56000,56187.00000,3474.62000,-29.96000,4.09000
239.96000,drogue,-0.94000,56195.00000,3473.54000,-30.04000,4.09000
240.06000,drogue,-1.19000,56228.00000,3469.12000,-30.16000,4.09000
240.16000,drogue,-1.29000,56231.00000,3468.72000,-30.32000,4.09000
240.26000,drogue,-1.32000,56260.00000,3464.83000,-30.49000,4.09000
240.36000,drogue,-1.35000,56272.00000,3463.22000,-30.59000,4.09000
240.46000,drogue,-1.46000,56276.00000,3462.68000,-30.69000,4.12000
240.56000,drogue,-1.66000,56301.00000,3459.33000,-30.83000,4.09000
240.66000,drogue,-1.90000,56294.00000,3460.27000,-30.98000,4.09000
240.76000,drogue,-2.12000,56326.00000,3455.99000,-31.17000,4.09000
240.86000,drogue,-2.22000,56391.00000,3447.28000,-31.41000,4.09000
240.96000,drogue,-2.18000,56414.00000,3444.21000,-31.66000,4.09000
241.06000,drogue,-1.96000,56454.00000,3438.86000,-31.92000,4.09000
241.16000,drogue,-1.59000,56484.00000,3434.85000,-32.14000,4.09000
241.26000,drogue,-1.09000,56499.00000,3432.85000,-32.32000,4.09000
241.36000,drogue,-0.55000,56485.00000,3434.72000,-32.43000,4.09000
241.46000,drogue,-0.01000,56492.00000,3433.78000,-32.49000,4.09000
241.56000,drogue,0.45000,56507.00000,3431.78000,-32.49000,4.12000
241.66000,drogue,0.83000,56554.00000,3425.50000,-32.41000,4.09000
241.76000,drogue,1.12000,56565.00000,3424.03000,-32.28000,4.09000
241.86000,drogue,1.37000,56644.00000,3413.50000,-32.19000,4.09000
241.96000,drogue,1.60000,56710.00000,3404.70000,-32.06000,4.09000
242.06000,drogue,1.81000,56727.00000,3402.44000,-31.91000,4.09000
242.16000,drogue,1.98000,56774.00000,3396.18000,-31.71000,4.09000
242.26000,drogue,2.05000,56771.00000,3396.58000,-31.49000,4.09000
242.36000,drogue,1.99000,56705.00000,3405.37000,-31.27000,4.09000
242.46000,drogue,1.79000,56727.00000,3402.44000,-31.04000,4.09000
242.56000,drogue,1.46000,56768.00000,3396.98000,-30.85000,4.11000
242.66000,drogue,1.00000,56792.00000,3393.79000,-30.66000,4.12000
242.76000,drogue,0.49000,56831.00000,3388.60000,-30.55000,4.09000
242.86000,drogue,-0.03000,56886.00000,3381.29000,-30.51000,4.09000
242.96000,drogue,-0.51000,56910.00000,3378.10000,-30.52000,4.09000
243.06000,drogue,-0.89000,56946.00000,3373.32000,-30.59000,4.09000
243.16000,drogue,-1.18000,56960.00000,3371.47000,-30.70000,4.09000
243.26000,drogue,-1.36000,56966.00000,3370.67000,-30.83000,4.09000
243.36000,drogue,-1.46000,56962.00000,3371.20000,-30.99000,4.09000
243.46000,drogue,-1.48000,56956.00000,3372.00000,-31.14000,4.09000
243.56000,drogue,-1.45000,56997.00000,3366.56000,-31.30000,4.09000
243.66000,drogue,-1.37000,56995.00000,3366.82000,-31.46000,4.09000
243.76000,drogue,-1.25000,57045.00000,3360.19000,-31.59000,4.12000
243.86000,drogue,-1.05000,57110.00000,3351.58000,-31.71000,4.09000
243.96000,drogue,-0.77000,57138.00000,3347.87000,-31.86000,4.09000
244.06000,drogue,-0.41000,57164.00000,3344.43000,-31.94000,4.09000
244.16000,drogue,-0.01000,57167.00000,3344.04000,-32.00000,4.09000
244.26000,drogue,0.41000,57176.00000,3342.85000,-32.01000,4.09000
244.36000,drogue,0.80000,57210.00000,3338.35000,-31.93000,4.09000
244.46000,drogue,1.14000,57233.00000,3335.31000,-31.85000,4.09000
244.56000,drogue,1.42000,57274.00000,3329.89000,-31.74000,4.09000
244.66000,drogue,1.64000,57273.00000,3330.02000,-31.58000,4.09000
244.76000,drogue,1.79000,57346.00000,3320.38000,-31.41000,4.09000
244.86000,drogue,1.86000,57351.00000,3319.72000,-31.22000,4.11000
244.96000,drogue,1.86000,57389.00000,3314.71000,-31.01000,4.09000
245.06000,drogue,1.77000,57417.00000,3311.02000,-30.81000,4.09000
245.16000,drogue,1.63000,57425.00000,3309.96000,-30.63000,4.09000
245.26000,drogue,1.44000,57444.00000,3307.46000,-30.46000,4.09000
245.36000,drogue,1.21000,57478.00000,3302.98000,-30.31000,4.09000
245.46000,drogue,0.94000,57469.00000,3304.16000,-30.18000,4.09000
245.56000,drogue,0.68000,57466.00000,3304.56000,-30.09000,4.09000
245.66000,drogue,0.43000,57485.00000,3302.05000,-30.01000,4.09000
245.76000,drogue,0.22000,57493.00000,3301.00000,-29.99000,4.09000
245.86000,drogue,0.03000,57523.00000,3297.05000,-29.98000,4.09000
245.96000,drogue,-0.16000,57600.00000,3286.92000,-29.98000,4.11000
246.06000,drogue,-0.39000,57634.00000,3282.45000,-29.97000,4.09000
246.16000,drogue,-0.66000,57666.00000,3278.24000,-30.00000,4.09000
246.26000,drogue,-0.93000,57699.00000,3273.91000,-30.06000,4.09000
246.36000,drogue,-1.16000,57733.00000,3269.44000,-30.17000,4.09000
246.46000,drogue,-1.32000,57738.00000,3268.79000,-30.29000,4.09000
246.56000,drogue,-1.38000,57715.00000,3271.81000,-30.45000,4.09000
246.66000,drogue,-1.36000,57706.00000,3272.99000,-30.61000,4.09000
246.76000,drogue,-1.27000,57725.00000,3270.49000,-30.76000,4.09000
246.86000,drogue,-1.15000,57753.00000,3266.82000,-30.87000,4.09000
246.96000,drogue,-1.03000,57785.00000,3262.62000,-30.99000,4.09000
247.06000,drogue,-0.92000,57845.00000,3254.75000,-31.10000,4.12000
247.16000,drogue,-0.82000,57904.00000,3247.02000,-31.18000,4.09000
247.26000,drogue,-0.73000,57925.00000,3244.27000,-31.25000,4.09000
247.36000,drogue,-0.65000,57949.00000,3241.13000,-31.34000,4.09000
247.46000,drogue,-0.59000,57967.00000,3238.78000,-31.40000,4.09000
247.56000,drogue,-0.52000,57967.00000,3238.78000,-31.45000,4.09000
247.66000,drogue,-0.43000,57970.00000,3238.38000,-31.51000,4.09000
247.76000,drogue,-0.31000,57993.00000,3235.38000,-31.55000,4.11000
247.86000,drogue,-0.11000,57979.00000,3237.21000,-31.60000,4.09000
247.96000,drogue,0.16000,58010.00000,3233.15000,-31.63000,4.09000
248.06000,drogue,0.49000,58045.00000,3228.58000,-31.64000,4.09000
248.16000,drogue,0.81000,58132.00000,3217.21000,-31.59000,4.12000
248.26000,drogue,1.08000,58178.00000,3211.21000,-31.49000,4.09000
248.36000,drogue,1.23000,58212.00000,3206.78000,-31.35000,4.09000
248.46000,drogue,1.25000,58223.00000,3205.34000,-31.22000,4.09000
248.56000,drogue,1.12000,58248.00000,3202.08000,-31.06000,4.09000
248.66000,drogue,0.87000,58261.00000,3200.39000,-30.92000,4.11000
248.76000,drogue,0.55000,58211.00000,3206.91000,-30.81000,4.09000
248.86000,drogue,0.22000,58233.00000,3204.04000,-30.76000,4.09000
248.96000,drogue,-0.05000,58279.00000,3198.04000,-30.76000,4.09000
249.06000,drogue,-0.22000,58303.00000,3194.92000,-30.79000,4.09000
249.16000,drogue,-0.29000,58327.00000,3191.79000,-30.83000,4.09000
249.26000,drogue,-0.29000,58370.00000,3186.20000,-30.87000,4.11000
249.36000,drogue,-0.28000,58417.00000,3180.08000,-30.90000,4.09000
249.46000,drogue,-0.28000,58442.00000,3176.83000,-30.93000,4.09000
249.56000,drogue,-0.32000,58473.00000,3172.81000,-30.93000,4.09000
249.66000,drogue,-0.38000,58490.00000,3170.60000,-30.96000,4.09000
249.76000,drogue,-0.42000,58503.00000,3168.91000,-31.01000,4.09000
249.86000,drogue,-0.40000,58525.00000,3166.05000,-31.05000,4.11000
249.96000,drogue,-0.28000,58506.00000,3168.52000,-31.11000,4.09000
250.06000,drogue,-0.04000,58525.00000,3166.05000,-31.15000,4.09000
250.16000,drogue,0.31000,58534.00000,3164.88000,-31.20000,4.09000
250.26000,drogue,0.72000,58552.00000,3162.55000,-31.18000,4.09000
250.36000,drogue,1.13000,58590.00000,3157.62000,-31.11000,4.11000
250.46000,drogue,1.48000,58674.00000,3146.73000,-30.97000,4.09000
250.56000,drogue,1.70000,58719.00000,3140.90000,-30.80000,4.09000
250.66000,drogue,1.79000,58759.00000,3135.72000,-30.62000,4.09000
250.76000,drogue,1.76000,58775.00000,3133.65000,-30.39000,4.09000
250.86000,drogue,1.62000,58808.00000,3129.38000,-30.20000,4.09000
250.96000,drogue,1.42000,58833.00000,3126.15000,-30.05000,4.09000
251.06000,drogue,1.18000,58805.00000,3129.77000,-29.91000,4.09000
251.16000,drogue,0.91000,58794.00000,3131.19000,-29.77000,4.09000
251.26000,drogue,0.64000,58828.00000,3126.80000,-29.67000,4.09000
251.36000,drogue,0.35000,58828.00000,3126.80000,-29.62000,4.09000
251.46000,drogue,0.06000,58864.00000,3122.14000,-29.59000,4.11000
251.56000,drogue,-0.24000,58885.00000,3119.43000,-29.57000,4.09000
251.66000,drogue,-0.52000,58952.00000,3110.78000,-29.59000,4.09000
251.76000,drogue,-0.78000,58994.00000,3105.36000,-29.64000,4.09000
251.86000,drogue,-0.99000,59020.00000,3102.01000,-29.74000,4.11000
251.96000,drogue,-1.12000,59034.00000,3100.20000,-29.85000,4.09000
252.06000,drogue,-1.16000,59023.00000,3101.62000,-29.99000,4.09000
252.16000,drogue,-1.12000,59031.00000,3100.59000,-30.12000,4.09000
252.26000,drogue,-1.02000,59017.00000,3102.39000,-30.23000,4.09000
252.36000,drogue,-0.87000,59055.00000,3097.49000,-30.33000,4.09000
252.46000,drogue,-0.68000,59070.00000,3095.56000,-30.45000,4.09000
252.56000,drogue,-0.46000,59139.00000,3086.67000,-30.50000,4.12000
252.66000,drogue,-0.20000,59191.00000,3079.98000,-30.56000,4.09000
252.76000,drogue,0.10000,59226.00000,3075.48000,-30.57000,4.09000
252.86000,drogue,0.41000,59269.00000,3069.95000,-30.58000,4.09000
252.96000,drogue,0.71000,59273.00000,3069.44000,-30.56000,4.09000
253.06000,drogue,0.95000,59289.00000,3067.38000,-30.47000,4.09000
253.16000,drogue,1.07000,59261.00000,3070.98000,-30.33000,4.09000
253.26000,drogue,1.05000,59306.00000,3065.20000,-30.20000,4.09000
253.36000,drogue,0.90000,59341.00000,3060.71000,-30.08000,4.09000
253.46000,drogue,0.65000,59352.00000,3059.29000,-29.98000,4.09000
253.56000,drogue,0.36000,59361.00000,3058.14000,-29.89000,4.11000
253.66000,drogue,0.06000,59414.00000,3051.34000,-29.86000,4.12000
253.76000,drogue,-0.21000,59443.00000,3047.62000,-29.87000,4.09000
253.86000,drogue,-0.43000,59487.00000,3041.98000,-29.89000,4.09000
253.96000,drogue,-0.58000,59506.00000,3039.55000,-29.95000,4.09000
254.06000,drogue,-0.69000,59518.00000,3038.01000,-30.02000,4.09000
254.16000,drogue,-0.75000,59512.00000,3038.78000,-30.10000,4.09000
254.26000,drogue,-0.78000,59510.00000,3039.04000,-30.17000,4.09000
254.36000,drogue,-0.81000,59519.00000,3037.88000,-30.26000,4.09000
254.46000,drogue,-0.85000,59551.00000,3033.79000,-30.33000,4.09000
254.56000,drogue,-0.89000,59561.00000,3032.50000,-30.41000,4.09000
254.66000,drogue,-0.91000,59650.00000,3021.12000,-30.49000,4.09000
254.76000,drogue,-0.89000,59692.00000,3015.75000,-30.60000,4.12000
254.86000,drogue,-0.81000,59744.00000,3009.11000,-30.71000,4.09000
254.96000,drogue,-0.68000,59752.00000,3008.09000,-30.79000,4.09000
255.06000,drogue,-0.53000,59759.00000,3007.20000,-30.87000,4.09000
255.16000,drogue,-0.37000,59728.00000,3011.15000,-30.91000,4.09000
255.26000,drogue,-0.24000,59770.00000,3005.79000,-30.95000,4.09000
255.36000,drogue,-0.15000,59805.00000,3001.33000,-30.98000,4.09000
255.46000,drogue,-0.11000,59815.00000,3000.05000,-30.97000,4.09000
255.56000,drogue,-0.13000,59841.00000,2996.73000,-30.97000,4.09000
255.66000,drogue,-0.17000,59887.00000,2990.87000,-30.98000,4.09000
255.76000,drogue,-0.21000,59929.00000,2985.52000,-30.99000,4.09000
255.86000,drogue,-0.20000,59942.00000,2983.86000,-31.02000,4.12000
255.96000,drogue,-0.15000,59991.00000,2977.63000,-31.06000,4.09000
256.06000,drogue,-0.07000,60013.00000,2974.83000,-31.10000,4.09000
256.16000,drogue,-0.00000,60018.00000,2974.19000,-31.08000,4.09000
256.26000,drogue,0.04000,60008.00000,2975.46000,-31.07000,4.09000
256.36000,drogue,0.04000,60026.00000,2973.17000,-31.06000,4.09000
256.46000,drogue,0.02000,60009.00000,2975.34000,-31.08000,4.09000
256.56000,drogue,0.00000,60042.00000,2971.14000,-31.04000,4.09000
256.66000,drogue,0.01000,60081.00000,2966.18000,-31.05000,4.09000
256.76000,drogue,0.08000,60183.00000,2953.23000,-31.06000,4.09000
256.86000,drogue,0.20000,60223.00000,2948.15000,-31.09000,4.09000
256.96000,drogue,0.37000,60250.00000,2944.73000,-31.07000,4.11000
257.06000,drogue,0.54000,60275.00000,2941.56000,-31.03000,4.09000
257.16000,drogue,0.69000,60286.00000,2940.16000,-30.95000,4.09000
257.26000,drogue,0.81000,60280.00000,2940.92000,-30.89000,4.11000
257.36000,drogue,0.89000,60277.00000,2941.30000,-30.81000,4.09000
257.46000,drogue,0.92000,60273.00000,2941.81000,-30.71000,4.09000
257.56000,drogue,0.91000,60346.00000,2932.56000,-30.60000,4.09000
257.66000,drogue,0.86000,60343.00000,2932.94000,-30.50000,4.09000
257.76000,drogue,0.81000,60390.00000,2926.99000,-30.42000,4.09000
257.86000,drogue,0.78000,60432.00000,2921.68000,-30.33000,4.09000
257.96000,drogue,0.82000,60471.00000,2916.74000,-30.27000,4.09000
258.06000,drogue,0.94000,60488.00000,2914.59000,-30.22000,4.12000
258.16000,drogue,1.11000,60475.00000,2916.24000,-30.14000,4.09000
258.26000,drogue,1.26000,60512.00000,2911.56000,-30.02000,4.09000
258.36000,drogue,1.32000,60537.00000,2908.40000,-29.90000,4.09000
258.46000,drogue,1.25000,60580.00000,2902.97000,-29.71000,4.09000
258.56000,drogue,1.04000,60543.00000,2907.64000,-29.54000,4.09000
258.66000,drogue,0.79000,60584.00000,2902.47000,-29.42000,4.09000
258.76000,drogue,0.55000,60647.00000,2894.52000,-29.38000,4.09000
258.86000,drogue,0.40000,60685.00000,2889.73000,-29.35000,4.09000
258.96000,drogue,0.33000,60706.00000,2887.08000,-29.32000,4.09000
259.06000,drogue,0.31000,60725.00000,2884.68000,-29.29000,4.09000
259.16000,drogue,0.29000,60745.00000,2882.16000,-29.27000,4.11000
259.26000,drogue,0.22000,60764.00000,2879.77000,-29.23000,4.09000
259.36000,drogue,0.09000,60749.00000,2881.66000,-29.19000,4.09000
259.46000,drogue,-0.12000,60766.00000,2879.52000,-29.15000,4.09000
259.56000,drogue,-0.38000,60795.00000,2875.87000,-29.18000,4.09000
259.66000,drogue,-0.67000,60820.00000,2872.72000,-29.20000,4.09000
259.76000,drogue,-0.96000,60868.00000,2866.68000,-29.26000,4.09000
259.86000,drogue,-1.21000,60902.00000,2862.41000,-29.37000,4.09000
259.96000,drogue,-1.41000,60934.00000,2858.39000,-29.50000,4.09000
260.06000,drogue,-1.55000,60979.00000,2852.73000,-29.65000,4.09000
260.16000,drogue,-1.60000,60961.00000,2854.99000,-29.82000,4.09000
260.26000,drogue,-1.57000,60967.00000,2854.24000,-29.99000,4.11000
260.36000,drogue,-1.49000,60966.00000,2854.37000,-30.16000,4.09000
260.46000,drogue,-1.39000,60956.00000,2855.62000,-30.34000,4.09000
260.56000,drogue,-1.32000,60995.00000,2850.72000,-30.46000,4.09000
260.66000,drogue,-1.30000,61075.00000,2840.68000,-30.56000,4.09000
260.76000,drogue,-1.34000,61137.00000,2832.91000,-30.68000,4.09000
260.86000,drogue,-1.42000,61171.00000,2828.65000,-30.82000,4.09000
260.96000,drogue,-1.53000,61186.00000,2826.77000,-30.96000,4.11000
261.06000,drogue,-1.64000,61211.00000,2823.64000,-31.10000,4.09000
261.16000,drogue,-1.75000,61220.00000,2822.52000,-31.27000,4.09000
261.26000,drogue,-1.83000,61230.00000,2821.26000,-31.45000,4.09000
261.36000,drogue,-1.83000,61218.00000,2822.77000,-31.63000,4.11000
261.46000,drogue,-1.74000,61246.00000,2819.26000,-31.84000,4.09000
261.56000,drogue,-1.56000,61271.00000,2816.13000,-32.05000,4.09000
261.66000,drogue,-1.29000,61290.00000,2813.76000,-32.21000,4.09000
261.76000,drogue,-0.98000,61334.00000,2808.26000,-32.34000,4.09000
261.86000,drogue,-0.62000,61382.00000,2802.26000,-32.44000,4.09000
261.96000,drogue,-0.21000,61418.00000,2797.76000,-32.50000,4.09000
262.06000,drogue,0.26000,61454.00000,2793.27000,-32.56000,4.09000
262.16000,drogue,0.77000,61511.00000,2786.16000,-32.54000,4.09000
262.26000,drogue,1.27000,61495.00000,2788.15000,-32.46000,4.09000
262.36000,drogue,1.75000,61494.00000,2788.28000,-32.32000,4.11000
262.46000,drogue,2.18000,61521.00000,2784.91000,-32.12000,4.12000
262.56000,drogue,2.57000,61522.00000,2784.79000,-31.90000,4.09000
262.66000,drogue,2.93000,61526.00000,2784.29000,-31.66000,4.09000
262.76000,drogue,3.26000,61571.00000,2778.68000,-31.36000,4.09000
262.86000,drogue,3.52000,61645.00000,2769.46000,-31.03000,4.09000
262.96000,drogue,3.66000,61705.00000,2762.00000,-30.64000,4.11000
263.06000,drogue,3.64000,61725.00000,2759.51000,-30.25000,4.09000
263.16000,drogue,3.46000,61789.00000,2751.56000,-29.86000,4.09000
263.26000,drogue,3.13000,61806.00000,2749.44000,-29.49000,4.09000
263.36000,drogue,2.67000,61827.00000,2746.84000,-29.15000,4.09000
263.46000,drogue,2.14000,61850.00000,2743.98000,-28.86000,4.09000
263.56000,drogue,1.56000,61831.00000,2746.34000,-28.65000,4.11000
263.66000,drogue,0.96000,61777.00000,2753.05000,-28.51000,4.09000
263.76000,drogue,0.36000,61775.00000,2753.30000,-28.40000,4.09000
263.86000,drogue,-0.23000,61807.00000,2749.32000,-28.37000,4.09000
263.96000,drogue,-0.79000,61852.00000,2743.73000,-28.38000,4.09000
264.06000,drogue,-1.29000,61931.00000,2733.93000,-28.47000,4.11000
264.16000,drogue,-1.69000,61956.00000,2730.83000,-28.64000,4.09000
264.26000,drogue,-1.98000,61980.00000,2727.85000,-28.82000,4.09000
264.36000,drogue,-2.15000,61992.00000,2726.37000,-29.02000,4.09000
264.46000,drogue,-2.20000,62005.00000,2724.76000,-29.26000,4.09000
264.56000,drogue,-2.14000,62044.00000,2719.93000,-29.52000,4.09000
264.66000,drogue,-1.98000,62040.00000,2720.42000,-29.75000,4.11000
264.76000,drogue,-1.73000,62048.00000,2719.43000,-29.93000,4.09000
264.86000,drogue,-1.44000,62088.00000,2714.48000,-30.14000,4.09000
264.96000,drogue,-1.13000,62117.00000,2710.89000,-30.29000,4.09000
265.06000,drogue,-0.83000,62166.00000,2704.83000,-30.38000,4.09000
265.16000,drogue,-0.53000,62203.00000,2700.26000,-30.47000,4.09000
265.26000,drogue,-0.23000,62241.00000,2695.56000,-30.51000,4.09000
265.36000,drogue,0.05000,62261.00000,2693.09000,-30.54000,4.09000
265.46000,drogue,0.31000,62267.00000,2692.35000,-30.55000,4.09000
265.56000,drogue,0.51000,62303.00000,2687.91000,-30.51000,4.09000
265.66000,drogue,0.64000,62311.00000,2686.92000,-30.42000,4.09000
265.76000,drogue,0.70000,62283.00000,2690.38000,-30.34000,4.11000
265.86000,drogue,0.73000,62315.00000,2686.43000,-30.27000,4.09000
265.96000,drogue,0.74000,62340.00000,2683.34000,-30.21000,4.09000
266.06000,drogue,0.75000,62419.00000,2673.60000,-30.13000,4.09000
266.16000,drogue,0.74000,62455.00000,2669.17000,-30.07000,4.09000
266.26000,drogue,0.70000,62485.00000,2665.47000,-29.97000,4.09000
266.36000,drogue,0.64000,62508.00000,2662.64000,-29.89000,4.09000
266.46000,drogue,0.60000,62535.00000,2659.32000,-29.83000,4.09000
266.56000,drogue,0.60000,62560.00000,2656.24000,-29.79000,4.09000
266.66000,drogue,0.64000,62539.00000,2658.83000,-29.73000,4.09000
266.76000,drogue,0.71000,62498.00000,2663.87000,-29.68000,4.09000
266.86000,drogue,0.79000,62564.00000,2655.75000,-29.62000,4.12000
266.96000,drogue,0.83000,62570.00000,2655.01000,-29.51000,4.09000
267.06000,drogue,0.84000,62606.00000,2650.59000,-29.43000,4.09000
267.16000,drogue,0.80000,62685.00000,2640.88000,-29.34000,4.09000
267.26000,drogue,0.72000,62739.00000,2634.25000,-29.25000,4.09000
267.36000,drogue,0.64000,62783.00000,2628.85000,-29.17000,4.09000
267.46000,drogue,0.55000,62804.00000,2626.28000,-29.11000,4.09000
267.56000,drogue,0.47000,62806.00000,2626.03000,-29.07000,4.09000
267.66000,drogue,0.38000,62814.00000,2625.05000,-29.02000,4.11000
267.76000,drogue,0.30000,62824.00000,2623.83000,-28.96000,4.09000
267.86000,drogue,0.22000,62812.00000,2625.30000,-28.94000,4.09000
267.96000,drogue,0.16000,62822.00000,2624.07000,-28.92000,4.11000
268.06000,drogue,0.12000,62781.00000,2629.10000,-28.92000,4.09000
268.16000,drogue,0.07000,62874.00000,2617.70000,-28.92000,4.09000
268.26000,drogue,0.00000,62886.00000,2616.23000,-28.89000,4.09000
268.36000,drogue,-0.11000,62979.00000,2604.84000,-28.87000,4.09000
268.46000,drogue,-0.26000,63034.00000,2598.12000,-28.88000,4.09000
268.56000,drogue,-0.42000,63051.00000,2596.04000,-28.92000,4.09000
268.66000,drogue,-0.58000,63070.00000,2593.72000,-28.96000,4.09000
268.76000,drogue,-0.72000,63082.00000,2592.25000,-29.00000,4.09000
268.86000,drogue,-0.85000,63051.00000,2596.04000,-29.10000,4.09000
268.96000,drogue,-0.98000,63032.00000,2598.36000,-29.18000,4.11000
269.06000,drogue,-1.09000,63094.00000,2590.78000,-29.26000,4.11000
269.16000,drogue,-1.17000,63117.00000,2587.98000,-29.38000,4.09000
269.26000,drogue,-1.24000,63155.00000,2583.34000,-29.51000,4.09000
269.36000,drogue,-1.27000,63208.00000,2576.87000,-29.64000,4.09000
269.46000,drogue,-1.27000,63272.00000,2569.06000,-29.76000,4.09000
269.56000,drogue,-1.21000,63271.00000,2569.19000,-29.90000,4.09000
269.66000,drogue,-1.11000,63286.00000,2567.36000,-30.03000,4.09000
269.76000,drogue,-0.95000,63294.00000,2566.38000,-30.16000,4.09000
269.86000,drogue,-0.78000,63312.00000,2564.19000,-30.26000,4.09000
269.96000,drogue,-0.61000,63313.00000,2564.07000,-30.34000,4.09000
270.06000,drogue,-0.47000,63313.00000,2564.07000,-30.37000,4.09000
270.16000,drogue,-0.34000,63333.00000,2561.63000,-30.44000,4.11000
270.26000,drogue,-0.20000,63349.00000,2559.68000,-30.44000,4.09000
270.36000,drogue,-0.01000,63423.00000,2550.68000,-30.49000,4.09000
270.46000,drogue,0.24000,63492.00000,2542.29000,-30.52000,4.09000
270.56000,drogue,0.51000,63544.00000,2535.97000,-30.49000,4.09000
270.66000,drogue,0.75000,63583.00000,2531.23000,-30.44000,4.09000
270.76000,drogue,0.92000,63598.00000,2529.41000,-30.35000,4.09000
270.86000,drogue,0.99000,63599.00000,2529.29000,-30.22000,4.09000
270.96000,drogue,0.99000,63571.00000,2532.69000,-30.10000,4.09000
271.06000,drogue,0.98000,63573.00000,2532.45000,-30.01000,4.09000
271.16000,drogue,0.97000,63603.00000,2528.81000,-29.94000,4.09000
271.26000,drogue,0.97000,63638.00000,2524.56000,-29.84000,4.11000
271.36000,drogue,0.92000,63676.00000,2519.95000,-29.73000,4.09000
271.46000,drogue,0.79000,63731.00000,2513.28000,-29.64000,4.09000
271.56000,drogue,0.55000,63794.00000,2505.65000,-29.51000,4.09000
271.66000,drogue,0.23000,63806.00000,2504.20000,-29.43000,4.09000
271.76000,drogue,-0.12000,63816.00000,2502.99000,-29.42000,4.09000
271.86000,drogue,-0.43000,63826.00000,2501.78000,-29.44000,4.09000
271.96000,drogue,-0.69000,63808.00000,2503.96000,-29.49000,4.09000
272.06000,drogue,-0.88000,63820.00000,2502.51000,-29.58000,4.09000
272.16000,drogue,-1.03000,63847.00000,2499.24000,-29.69000,4.09000
272.26000,drogue,-1.15000,63842.00000,2499.84000,-29.77000,4.09000
272.36000,drogue,-1.22000,63923.00000,2490.05000,-29.89000,4.12000
272.46000,drogue,-1.24000,63958.00000,2485.82000,-30.03000,4.09000
272.56000,drogue,-1.18000,63994.00000,2481.47000,-30.17000,4.09000
272.66000,drogue,-1.03000,64036.00000,2476.40000,-30.30000,4.11000
272.76000,drogue,-0.82000,64051.00000,2474.59000,-30.42000,4.09000
272.86000,drogue,-0.59000,64086.00000,2470.37000,-30.51000,4.09000
272.96000,drogue,-0.38000,64129.00000,2465.18000,-30.56000,4.09000
273.06000,drogue,-0.19000,64129.00000,2465.18000,-30.58000,4.09000
273.16000,drogue,-0.00000,64156.00000,2461.93000,-30.59000,4.09000
273.26000,drogue,0.21000,64100.00000,2468.68000,-30.60000,4.09000
273.36000,drogue,0.48000,64112.00000,2467.23000,-30.60000,4.09000
273.46000,drogue,0.77000,64146.00000,2463.13000,-30.57000,4.11000
273.56000,drogue,1.06000,64170.00000,2460.24000,-30.50000,4.09000
273.66000,drogue,1.29000,64274.00000,2447.72000,-30.36000,4.09000
273.76000,drogue,1.43000,64374.00000,2435.69000,-30.21000,4.09000
273.86000,drogue,1.45000,64388.00000,2434.01000,-30.06000,4.09000
273.96000,drogue,1.35000,64390.00000,2433.77000,-29.90000,4.09000
274.06000,drogue,1.12000,64411.00000,2431.24000,-29.74000,4.09000
274.16000,drogue,0.80000,64395.00000,2433.16000,-29.61000,4.09000
274.26000,drogue,0.40000,64363.00000,2437.01000,-29.50000,4.09000
274.36000,drogue,-0.04000,64370.00000,2436.17000,-29.47000,4.09000
274.46000,drogue,-0.48000,64424.00000,2429.68000,-29.47000,4.09000
274.56000,drogue,-0.89000,64471.00000,2424.04000,-29.53000,4.12000
274.66000,drogue,-1.23000,64516.00000,2418.64000,-29.62000,4.09000
274.76000,drogue,-1.46000,64576.00000,2411.44000,-29.76000,4.09000
274.86000,drogue,-1.53000,64592.00000,2409.52000,-29.93000,4.09000
274.96000,drogue,-1.47000,64611.00000,2407.25000,-30.14000,4.09000
275.06000,drogue,-1.29000,64620.00000,2406.17000,-30.30000,4.09000
275.16000,drogue,-1.07000,64629.00000,2405.09000,-30.44000,4.09000
275.26000,drogue,-0.85000,64650.00000,2402.57000,-30.52000,4.09000
275.36000,drogue,-0.66000,64667.00000,2400.54000,-30.60000,4.09000
275.46000,drogue,-0.45000,64662.00000,2401.14000,-30.67000,4.09000
275.56000,drogue,-0.15000,64671.00000,2400.06000,-30.69000,4.09000
275.66000,drogue,0.30000,64699.00000,2396.71000,-30.76000,4.12000
275.76000,drogue,0.92000,64770.00000,2388.21000,-30.79000,4.09000
275.86000,drogue,1.67000,64830.00000,2381.04000,-30.72000,4.09000
275.96000,drogue,2.46000,64874.00000,2375.78000,-30.55000,4.09000
276.06000,drogue,3.15000,64886.00000,2374.35000,-30.31000,4.09000
276.16000,drogue,3.62000,64910.00000,2371.48000,-29.94000,4.09000
276.26000,drogue,3.82000,64948.00000,2366.95000,-29.52000,4.09000
276.36000,drogue,3.75000,64961.00000,2365.40000,-29.07000,4.09000
276.46000,drogue,3.45000,64993.00000,2361.58000,-28.66000,4.09000
276.56000,drogue,3.03000,65026.00000,2357.64000,-28.31000,4.09000
276.66000,drogue,2.56000,65047.00000,2355.14000,-28.00000,4.09000
276.76000,drogue,2.09000,65080.00000,2351.21000,-27.75000,4.11000
276.86000,drogue,1.65000,65098.00000,2349.06000,-27.55000,4.09000
276.96000,drogue,1.19000,65111.00000,2347.52000,-27.39000,4.09000
277.06000,drogue,0.72000,65068.00000,2352.64000,-27.27000,4.09000
277.16000,drogue,0.19000,65075.00000,2351.80000,-27.17000,4.09000
277.26000,drogue,-0.40000,65108.00000,2347.87000,-27.14000,4.09000
277.36000,drogue,-1.05000,65143.00000,2343.71000,-27.18000,4.11000
277.46000,drogue,-1.72000,65179.00000,2339.42000,-27.28000,4.09000
277.56000,drogue,-2.37000,65193.00000,2337.76000,-27.44000,4.09000
277.66000,drogue,-2.92000,65277.00000,2327.77000,-27.68000,4.09000
277.76000,drogue,-3.29000,65273.00000,2328.24000,-28.01000,4.09000
277.86000,drogue,-3.43000,65297.00000,2325.39000,-28.39000,4.12000
277.96000,drogue,-3.33000,65302.00000,2324.80000,-28.79000,4.09000
278.06000,drogue,-3.05000,65331.00000,2321.35000,-29.16000,4.09000
278.16000,drogue,-2.69000,65296.00000,2325.51000,-29.48000,4.09000
278.26000,drogue,-2.35000,65362.00000,2317.67000,-29.73000,4.09000
278.36000,drogue,-2.08000,65377.00000,2315.89000,-29.94000,4.09000
278.46000,drogue,-1.90000,65438.00000,2308.65000,-30.13000,4.09000
278.56000,drogue,-1.80000,65499.00000,2301.42000,-30.31000,4.09000
278.66000,drogue,-1.70000,65533.00000,2297.39000,-30.48000,4.09000
278.76000,drogue,-1.58000,65542.00000,2296.33000,-30.66000,4.09000
278.86000,drogue,-1.41000,65582.00000,2291.59000,-30.84000,4.09000
278.96000,drogue,-1.19000,65581.00000,2291.71000,-31.00000,4.11000
279.06000,drogue,-0.97000,65570.00000,2293.01000,-31.11000,4.09000
279.16000,drogue,-0.78000,65555.00000,2294.79000,-31.19000,4.09000
279.26000,drogue,-0.62000,65592.00000,2290.41000,-31.26000,4.09000
279.36000,drogue,-0.48000,65639.00000,2284.84000,-31.32000,4.09000
279.46000,drogue,-0.32000,65683.00000,2279.64000,-31.37000,4.11000
279.56000,drogue,-0.11000,65730.00000,2274.08000,-31.41000,4.09000
279.66000,drogue,0.20000,65770.00000,2269.36000,-31.44000,4.09000
279.76000,drogue,0.60000,65817.00000,2263.81000,-31.44000,4.09000
279.86000,drogue,1.06000,65847.00000,2260.27000,-31.40000,4.09000
279.96000,drogue,1.55000,65870.00000,2257.55000,-31.30000,4.09000
280.06000,drogue,1.99000,65859.00000,2258.85000,-31.14000,4.12000
280.16000,drogue,2.35000,65846.00000,2260.39000,-30.91000,4.09000
280.26000,drogue,2.60000,65831.00000,2262.16000,-30.66000,4.09000
280.36000,drogue,2.77000,65883.00000,2256.02000,-30.38000,4.09000
280.46000,drogue,2.88000,65932.00000,2250.24000,-30.09000,4.09000
280.56000,drogue,2.94000,66005.00000,2241.64000,-29.81000,4.09000
280.66000,drogue,2.96000,66068.00000,2234.22000,-29.51000,4.09000
280.76000,drogue,2.93000,66111.00000,2229.16000,-29.20000,4.09000
280.86000,drogue,2.82000,66148.00000,2224.81000,-28.89000,4.09000
280.96000,drogue,2.59000,66151.00000,2224.46000,-28.60000,4.09000
281.06000,drogue,2.22000,66141.00000,2225.64000,-28.33000,4.09000
281.16000,drogue,1.71000,66120.00000,2228.11000,-28.06000,4.11000
281.26000,drogue,1.08000,66105.00000,2229.87000,-27.86000,4.09000
281.36000,drogue,0.38000,66152.00000,2224.34000,-27.74000,4.09000
281.46000,drogue,-0.31000,66171.00000,2222.11000,-27.71000,4.09000
281.56000,drogue,-0.93000,66229.00000,2215.29000,-27.76000,4.09000
281.66000,drogue,-1.42000,66249.00000,2212.94000,-27.87000,4.09000
281.76000,drogue,-1.76000,66293.00000,2207.78000,-28.04000,4.09000
281.86000,drogue,-1.93000,66330.00000,2203.44000,-28.24000,4.09000
281.96000,drogue,-1.95000,66319.00000,2204.73000,-28.48000,4.09000
282.06000,drogue,-1.87000,66315.00000,2205.20000,-28.69000,4.09000
282.16000,drogue,-1.75000,66345.00000,2201.68000,-28.89000,4.09000
282.26000,drogue,-1.64000,66367.00000,2199.10000,-29.03000,4.11000
282.36000,drogue,-1.54000,66397.00000,2195.58000,-29.20000,4.09000
282.46000,drogue,-1.43000,66442.00000,2190.31000,-29.34000,4.09000
282.56000,drogue,-1.27000,66478.00000,2186.09000,-29.50000,4.09000
282.66000,drogue,-1.01000,66513.00000,2181.99000,-29.66000,4.09000
282.76000,drogue,-0.69000,66537.00000,2179.19000,-29.78000,4.09000
282.86000,drogue,-0.35000,66553.00000,2177.31000,-29.85000,4.09000
282.96000,drogue,-0.06000,66594.00000,2172.52000,-29.87000,4.09000
283.06000,drogue,0.14000,66610.00000,2170.65000,-29.86000,4.09000
283.16000,drogue,0.25000,66604.00000,2171.35000,-29.81000,4.09000
283.26000,drogue,0.27000,66628.00000,2168.54000,-29.77000,4.09000
283.36000,drogue,0.26000,66665.00000,2164.22000,-29.75000,4.11000
283.46000,drogue,0.23000,66724.00000,2157.33000,-29.72000,4.09000
283.56000,drogue,0.20000,66757.00000,2153.48000,-29.71000,4.09000
283.66000,drogue,0.17000,66782.00000,2150.56000,-29.68000,4.09000
283.76000,drogue,0.13000,66802.00000,2148.23000,-29.66000,4.09000
283.86000,drogue,0.05000,66822.00000,2145.89000,-29.65000,4.09000
283.96000,drogue,-0.03000,66852.00000,2142.40000,-29.63000,4.09000
284.06000,drogue,-0.11000,66842.00000,2143.56000,-29.63000,4.09000
284.16000,drogue,-0.13000,66852.00000,2142.40000,-29.65000,4.11000
284.26000,drogue,-0.06000,66831.00000,2144.84000,-29.69000,4.09000
284.36000,drogue,0.11000,66887.00000,2138.32000,-29.72000,4.09000
284.46000,drogue,0.34000,66888.00000,2138.20000,-29.73000,4.11000
284.56000,drogue,0.61000,66977.00000,2127.84000,-29.69000,4.09000
284.66000,drogue,0.84000,67041.00000,2120.39000,-29.63000,4.09000
284.76000,drogue,1.01000,67062.00000,2117.95000,-29.52000,4.09000
284.86000,drogue,1.10000,67088.00000,2114.92000,-29.40000,4.09000
284.96000,drogue,1.13000,67117.00000,2111.55000,-29.29000,4.09000
285.06000,drogue,1.10000,67153.00000,2107.37000,-29.17000,4.09000
285.16000,drogue,1.05000,67167.00000,2105.75000,-29.05000,4.09000
285.26000,drogue,0.97000,67202.00000,2101.68000,-28.94000,4.09000
285.36000,drogue,0.89000,67198.00000,2102.15000,-28.85000,4.09000
285.46000,drogue,0.81000,67184.00000,2103.77000,-28.76000,4.09000
285.56000,drogue,0.71000,67199.00000,2102.03000,-28.68000,4.12000
285.66000,drogue,0.59000,67209.00000,2100.87000,-28.61000,4.09000
285.76000,drogue,0.45000,67243.00000,2096.92000,-28.53000,4.09000
285.86000,drogue,0.29000,67287.00000,2091.82000,-28.48000,4.09000
285.96000,drogue,0.12000,67348.00000,2084.75000,-28.46000,4.09000
286.06000,drogue,-0.06000,67401.00000,2078.61000,-28.45000,4.09000
286.16000,drogue,-0.25000,67418.00000,2076.64000,-28.46000,4.09000
286.26000,drogue,-0.43000,67448.00000,2073.17000,-28.46000,4.09000
286.36000,drogue,-0.57000,67450.00000,2072.94000,-28.53000,4.09000
286.46000,drogue,-0.65000,67433.00000,2074.91000,-28.58000,4.09000
286.56000,drogue,-0.62000,67410.00000,2077.57000,-28.67000,4.09000
286.66000,drogue,-0.51000,67458.00000,2072.01000,-28.78000,4.11000
286.76000,drogue,-0.36000,67481.00000,2069.35000,-28.82000,4.09000
286.86000,drogue,-0.20000,67539.00000,2062.64000,-28.84000,4.09000
286.96000,drogue,-0.04000,67608.00000,2054.67000,-28.86000,4.09000
287.06000,drogue,0.11000,67642.00000,2050.74000,-28.86000,4.09000
287.16000,drogue,0.27000,67680.00000,2046.36000,-28.86000,4.09000
287.26000,drogue,0.42000,67696.00000,2044.51000,-28.84000,4.09000
287.36000,drogue,0.55000,67700.00000,2044.05000,-28.80000,4.09000
287.46000,drogue,0.62000,67687.00000,2045.55000,-28.72000,4.09000
287.56000,drogue,0.60000,67712.00000,2042.66000,-28.64000,4.09000
287.66000,drogue,0.51000,67730.00000,2040.59000,-28.57000,4.09000
287.76000,drogue,0.36000,67757.00000,2037.47000,-28.51000,4.12000
287.86000,drogue,0.17000,67791.00000,2033.55000,-28.46000,4.09000
287.96000,drogue,-0.00000,67841.00000,2027.79000,-28.44000,4.09000
288.06000,drogue,-0.14000,67865.00000,2025.03000,-28.46000,4.09000
288.16000,drogue,-0.23000,67889.00000,2022.27000,-28.48000,4.09000
288.26000,drogue,-0.28000,67902.00000,2020.77000,-28.52000,4.09000
288.36000,drogue,-0.32000,67947.00000,2015.59000,-28.55000,4.09000
288.46000,drogue,-0.37000,67944.00000,2015.94000,-28.57000,4.09000
288.56000,drogue,-0.42000,67973.00000,2012.60000,-28.59000,4.09000
288.66000,drogue,-0.47000,68005.00000,2008.92000,-28.65000,4.09000
288.76000,drogue,-0.51000,67977.00000,2012.14000,-28.71000,4.09000
288.86000,drogue,-0.53000,68027.00000,2006.39000,-28.75000,4.12000
288.96000,drogue,-0.53000,68097.00000,1998.35000,-28.82000,4.09000
289.06000,drogue,-0.53000,68112.00000,1996.63000,-28.86000,4.09000
289.16000,drogue,-0.55000,68155.00000,1991.69000,-28.91000,4.09000
289.26000,drogue,-0.59000,68174.00000,1989.51000,-28.98000,4.09000
289.36000,drogue,-0.69000,68180.00000,1988.82000,-29.02000,4.09000
289.46000,drogue,-0.85000,68193.00000,1987.33000,-29.07000,4.09000
289.56000,drogue,-1.05000,68207.00000,1985.72000,-29.15000,4.09000
289.66000,drogue,-1.26000,68241.00000,1981.83000,-29.24000,4.09000
289.76000,drogue,-1.42000,68250.00000,1980.79000,-29.38000,4.09000
289.86000,drogue,-1.49000,68280.00000,1977.36000,-29.54000,4.09000
289.96000,drogue,-1.45000,68317.00000,1973.12000,-29.73000,4.11000
290.06000,drogue,-1.32000,68375.00000,1966.48000,-29.88000,4.09000
290.16000,drogue,-1.15000,68414.00000,1962.01000,-30.02000,4.09000
290.26000,drogue,-0.96000,68442.00000,1958.81000,-30.13000,4.09000
290.36000,drogue,-0.76000,68457.00000,1957.09000,-30.23000,4.09000
290.46000,drogue,-0.55000,68472.00000,1955.38000,-30.28000,4.09000
290.56000,drogue,-0.31000,68492.00000,1953.09000,-30.36000,4.09000
290.66000,drogue,-0.02000,68498.00000,1952.41000,-30.42000,4.09000
290.76000,drogue,0.29000,68508.00000,1951.26000,-30.41000,4.09000
290.86000,drogue,0.63000,68491.00000,1953.21000,-30.37000,4.09000
290.96000,drogue,0.98000,68545.00000,1947.04000,-30.33000,4.09000
291.06000,drogue,1.35000,68571.00000,1944.07000,-30.23000,4.11000
291.16000,drogue,1.71000,68650.00000,1935.05000,-30.10000,4.09000
291.26000,drogue,2.03000,68717.00000,1927.41000,-29.93000,4.09000
291.36000,drogue,2.26000,68734.00000,1925.47000,-29.70000,4.09000
291.46000,drogue,2.40000,68782.00000,1920.00000,-29.45000,4.09000
291.56000,drogue,2.41000,68797.00000,1918.29000,-29.20000,4.09000
291.66000,drogue,2.32000,68816.00000,1916.13000,-28.94000,4.09000
291.76000,drogue,2.15000,68856.00000,1911.58000,-28.69000,4.09000
291.86000,drogue,1.93000,68868.00000,1910.21000,-28.46000,4.09000
291.96000,drogue,1.71000,68865.00000,1910.55000,-28.26000,4.09000
292.06000,drogue,1.50000,68845.00000,1912.83000,-28.11000,4.09000
292.16000,drogue,1.32000,68868.00000,1910.21000,-27.98000,4.12000
292.26000,drogue,1.14000,68873.00000,1909.64000,-27.84000,4.09000
292.36000,drogue,0.95000,68917.00000,1904.64000,-27.71000,4.09000
292.46000,drogue,0.73000,68952.00000,1900.66000,-27.61000,4.09000
292.56000,drogue,0.48000,69038.00000,1890.88000,-27.53000,4.09000
292.66000,drogue,0.20000,69053.00000,1889.18000,-27.49000,4.09000
292.76000,drogue,-0.11000,69059.00000,1888.50000,-27.46000,4.09000
292.86000,drogue,-0.42000,69061.00000,1888.27000,-27.45000,4.11000
292.96000,drogue,-0.68000,69089.00000,1885.09000,-27.51000,4.09000
293.06000,drogue,-0.84000,69122.00000,1881.35000,-27.59000,4.09000
293.16000,drogue,-0.86000,69143.00000,1878.97000,-27.71000,4.09000
293.26000,drogue,-0.75000,69174.00000,1875.45000,-27.83000,4.11000
293.36000,drogue,-0.58000,69176.00000,1875.22000,-27.92000,4.09000
293.46000,drogue,-0.40000,69222.00000,1870.01000,-27.98000,4.09000
293.56000,drogue,-0.27000,69255.00000,1866.27000,-28.00000,4.09000
293.66000,drogue,-0.21000,69273.00000,1864.23000,-27.99000,4.09000
293.76000,drogue,-0.21000,69298.00000,1861.40000,-28.02000,4.09000
293.86000,drogue,-0.26000,69336.00000,1857.10000,-28.04000,4.09000
293.96000,drogue,-0.35000,69353.00000,1855.17000,-28.06000,4.09000
294.06000,drogue,-0.45000,69381.00000,1852.01000,-28.07000,4.09000
294.16000,drogue,-0.56000,69388.00000,1851.22000,-28.12000,4.09000
294.26000,drogue,-0.64000,69383.00000,1851.78000,-28.19000,4.09000
294.36000,drogue,-0.66000,69407.00000,1849.07000,-28.27000,4.12000
294.46000,drogue,-0.63000,69456.00000,1843.53000,-28.33000,4.09000
294.56000,drogue,-0.55000,69480.00000,1840.82000,-28.42000,4.09000
294.66000,drogue,-0.46000,69530.00000,1835.17000,-28.48000,4.09000
294.76000,drogue,-0.39000,69540.00000,1834.04000,-28.51000,4.09000
294.86000,drogue,-0.33000,69583.00000,1829.18000,-28.53000,4.09000
294.96000,drogue,-0.29000,69624.00000,1824.56000,-28.57000,4.09000
295.06000,drogue,-0.24000,69653.00000,1821.29000,-28.61000,4.09000
295.16000,drogue,-0.16000,69650.00000,1821.63000,-28.64000,4.09000
295.26000,drogue,-0.06000,69654.00000,1821.18000,-28.66000,4.09000
295.36000,drogue,0.05000,69675.00000,1818.81000,-28.66000,4.09000
295.46000,drogue,0.16000,69674.00000,1818.92000,-28.66000,4.11000
295.56000,drogue,0.23000,69713.00000,1814.52000,-28.64000,4.09000
295.66000,drogue,0.26000,69722.00000,1813.51000,-28.60000,4.09000
295.76000,drogue,0.26000,69832.00000,1801.13000,-28.56000,4.09000
295.86000,drogue,0.25000,69860.00000,1797.98000,-28.54000,4.09000
295.96000,drogue,0.25000,69894.00000,1794.15000,-28.52000,4.09000
296.06000,drogue,0.26000,69901.00000,1793.36000,-28.50000,4.09000
296.16000,drogue,0.28000,69934.00000,1789.65000,-28.48000,4.09000
296.26000,drogue,0.28000,69958.00000,1786.96000,-28.45000,4.09000
296.36000,drogue,0.24000,69938.00000,1789.21000,-28.40000,4.09000
296.46000,drogue,0.18000,69920.00000,1791.23000,-28.37000,4.09000
296.56000,drogue,0.09000,69955.00000,1787.29000,-28.36000,4.11000
296.66000,drogue,-0.01000,69979.00000,1784.60000,-28.36000,4.09000
296.76000,drogue,-0.12000,70031.00000,1778.76000,-28.35000,4.09000
296.86000,drogue,-0.26000,70073.00000,1774.04000,-28.35000,4.09000
296.96000,drogue,-0.41000,70126.00000,1768.10000,-28.38000,4.09000
297.06000,drogue,-0.60000,70158.00000,1764.51000,-28.42000,4.09000
297.16000,drogue,-0.80000,70178.00000,1762.27000,-28.47000,4.09000
297.26000,drogue,-1.02000,70195.00000,1760.36000,-28.54000,4.09000
297.36000,drogue,-1.22000,70196.00000,1760.25000,-28.64000,4.09000
297.46000,drogue,-1.36000,70229.00000,1756.56000,-28.77000,4.11000
297.56000,drogue,-1.40000,70232.00000,1756.22000,-28.93000,4.09000
297.66000,drogue,-1.31000,70253.00000,1753.87000,-29.08000,4.11000
297.76000,drogue,-1.10000,70294.00000,1749.28000,-29.27000,4.09000
297.86000,drogue,-0.83000,70343.00000,1743.79000,-29.39000,4.09000
297.96000,drogue,-0.54000,70368.00000,1741.00000,-29.47000,4.09000
298.06000,drogue,-0.28000,70403.00000,1737.09000,-29.50000,4.09000
298.16000,drogue,-0.08000,70418.00000,1735.41000,-29.51000,4.09000
298.26000,drogue,0.08000,70434.00000,1733.62000,-29.53000,4.09000
298.36000,drogue,0.21000,70417.00000,1735.52000,-29.51000,4.09000
298.46000,drogue,0.33000,70438.00000,1733.17000,-29.48000,4.09000
298.56000,drogue,0.48000,70509.00000,1725.24000,-29.45000,4.09000
298.66000,drogue,0.66000,70529.00000,1723.01000,-29.42000,4.09000
298.76000,drogue,0.89000,70558.00000,1719.77000,-29.36000,4.11000
298.86000,drogue,1.15000,70590.00000,1716.20000,-29.28000,4.09000
298.96000,drogue,1.39000,70639.00000,1710.74000,-29.17000,4.09000
299.06000,drogue,1.60000,70676.00000,1706.62000,-29.01000,4.09000
299.16000,drogue,1.73000,70729.00000,1700.71000,-28.84000,4.09000
299.26000,drogue,1.77000,70744.00000,1699.04000,-28.66000,4.09000
299.36000,drogue,1.72000,70767.00000,1696.48000,-28.46000,4.11000
299.46000,drogue,1.60000,70805.00000,1692.25000,-28.27000,4.09000
299.56000,drogue,1.44000,70808.00000,1691.92000,-28.10000,4.09000
299.66000,drogue,1.29000,70792.00000,1693.70000,-27.96000,4.09000
299.76000,drogue,1.18000,70791.00000,1693.81000,-27.85000,4.09000
299.86000,drogue,1.11000,70757.00000,1697.59000,-27.74000,4.12000
299.96000,drogue,1.07000,70796.00000,1693.25000,-27.63000,4.09000
300.06000,drogue,1.01000,70846.00000,1687.69000,-27.53000,4.09000
300.16000,drogue,0.91000,70898.00000,1681.91000,-27.43000,4.09000
300.26000,drogue,0.73000,71000.00000,1670.58000,-27.31000,4.09000
300.36000,drogue,0.50000,71031.00000,1667.14000,-27.21000,4.09000
300.46000,drogue,0.24000,71070.00000,1662.81000,-27.16000,4.09000
300.56000,drogue,0.00000,71084.00000,1661.26000,-27.15000,4.09000
300.66000,drogue,-0.18000,71092.00000,1660.37000,-27.16000,4.09000
300.76000,drogue,-0.29000,71070.00000,1662.81000,-27.19000,4.09000
300.86000,drogue,-0.37000,71069.00000,1662.92000,-27.24000,4.09000
300.96000,drogue,-0.42000,71073.00000,1662.48000,-27.27000,4.11000
301.06000,drogue,-0.46000,71096.00000,1659.93000,-27.31000,4.09000
301.16000,drogue,-0.51000,71146.00000,1654.38000,-27.36000,4.09000
301.26000,drogue,-0.56000,71195.00000,1648.95000,-27.40000,4.09000
301.36000,drogue,-0.62000,71227.00000,1645.41000,-27.45000,4.09000
301.46000,drogue,-0.66000,71260.00000,1641.75000,-27.52000,4.09000
301.56000,drogue,-0.69000,71303.00000,1637.00000,-27.60000,4.09000
301.66000,drogue,-0.74000,71335.00000,1633.46000,-27.66000,4.09000
301.76000,drogue,-0.80000,71339.00000,1633.01000,-27.74000,4.09000
301.86000,drogue,-0.89000,71318.00000,1635.34000,-27.80000,4.11000
301.96000,drogue,-0.98000,71343.00000,1632.57000,-27.88000,4.09000
302.06000,drogue,-1.04000,71351.00000,1631.69000,-27.99000,4.11000
302.16000,drogue,-1.03000,71394.00000,1626.93000,-28.10000,4.09000
302.26000,drogue,-0.94000,71397.00000,1626.60000,-28.24000,4.09000
302.36000,drogue,-0.76000,71479.00000,1617.54000,-28.34000,4.09000
302.46000,drogue,-0.53000,71535.00000,1611.36000,-28.43000,4.09000
302.56000,drogue,-0.31000,71557.00000,1608.93000,-28.48000,4.09000
302.66000,drogue,-0.14000,71579.00000,1606.51000,-28.51000,4.09000
302.76000,drogue,-0.07000,71599.00000,1604.30000,-28.50000,4.09000
302.86000,drogue,-0.09000,71616.00000,1602.43000,-28.48000,4.09000
302.96000,drogue,-0.19000,71592.00000,1605.07000,-28.47000,4.09000
303.06000,drogue,-0.31000,71629.00000,1600.99000,-28.47000,4.09000
303.16000,drogue,-0.37000,71666.00000,1596.92000,-28.52000,4.12000
303.26000,drogue,-0.34000,71684.00000,1594.93000,-28.59000,4.09000
303.36000,drogue,-0.20000,71733.00000,1589.54000,-28.66000,4.09000
303.46000,drogue,0.02000,71768.00000,1585.68000,-28.68000,4.09000
303.56000,drogue,0.26000,71809.00000,1581.17000,-28.68000,4.09000
303.66000,drogue,0.44000,71818.00000,1580.18000,-28.65000,4.09000
303.76000,drogue,0.54000,71850.00000,1576.66000,-28.60000,4.09000
303.86000,drogue,0.52000,71867.00000,1574.79000,-28.50000,4.09000
303.96000,drogue,0.40000,71854.00000,1576.22000,-28.43000,4.09000
304.06000,drogue,0.21000,71902.00000,1570.95000,-28.39000,4.09000
304.16000,drogue,0.01000,71917.00000,1569.30000,-28.36000,4.09000
304.26000,drogue,-0.14000,71947.00000,1566.00000,-28.36000,4.12000
304.36000,drogue,-0.20000,71975.00000,1562.93000,-28.40000,4.09000
304.46000,drogue,-0.16000,72022.00000,1557.77000,-28.45000,4.09000
304.56000,drogue,-0.05000,72059.00000,1553.71000,-28.48000,4.09000
304.66000,drogue,0.06000,72086.00000,1550.75000,-28.50000,4.09000
304.76000,drogue,0.11000,72111.00000,1548.01000,-28.47000,4.09000
304.86000,drogue,0.03000,72138.00000,1545.05000,-28.44000,4.09000
304.96000,drogue,-0.16000,72169.00000,1541.65000,-28.38000,4.09000
305.06000,drogue,-0.43000,72179.00000,1540.55000,-28.39000,4.09000
305.16000,drogue,-0.69000,72225.00000,1535.51000,-28.44000,4.09000
305.26000,drogue,-0.85000,72251.00000,1532.67000,-28.53000,4.09000
305.36000,drogue,-0.88000,72253.00000,1532.45000,-28.64000,4.12000
305.46000,drogue,-0.76000,72210.00000,1537.16000,-28.76000,4.09000
305.56000,drogue,-0.53000,72240.00000,1533.87000,-28.88000,4.09000
305.66000,drogue,-0.22000,72260.00000,1531.68000,-28.92000,4.09000
305.76000,drogue,0.10000,72314.00000,1525.77000,-28.94000,4.09000
305.86000,drogue,0.39000,72349.00000,1521.95000,-28.94000,4.09000
305.96000,drogue,0.64000,72428.00000,1513.31000,-28.87000,4.09000
306.06000,drogue,0.85000,72492.00000,1506.32000,-28.81000,4.11000
306.16000,drogue,1.01000,72508.00000,1504.58000,-28.71000,4.09000
306.26000,drogue,1.14000,72547.00000,1500.32000,-28.61000,4.09000
306.36000,drogue,1.26000,72566.00000,1498.25000,-28.49000,4.09000
306.46000,drogue,1.37000,72557.00000,1499.23000,-28.37000,4.12000
306.56000,drogue,1.46000,72559.00000,1499.01000,-28.24000,4.09000
306.66000,drogue,1.52000,72564.00000,1498.47000,-28.08000,4.09000
306.76000,drogue,1.51000,72539.00000,1501.19000,-27.92000,4.09000
306.86000,drogue,1.41000,72597.00000,1494.87000,-27.76000,4.09000
306.96000,drogue,1.24000,72635.00000,1490.72000,-27.58000,4.09000
307.06000,drogue,1.00000,72727.00000,1480.70000,-27.45000,4.09000
307.16000,drogue,0.73000,72773.00000,1475.69000,-27.35000,4.09000
307.26000,drogue,0.42000,72820.00000,1470.58000,-27.29000,4.09000
307.36000,drogue,0.09000,72821.00000,1470.47000,-27.24000,4.09000
307.46000,drogue,-0.25000,72829.00000,1469.60000,-27.20000,4.09000
307.56000,drogue,-0.59000,72831.00000,1469.38000,-27.23000,4.11000
307.66000,drogue,-0.88000,72787.00000,1474.17000,-27.31000,4.09000
307.76000,drogue,-1.09000,72801.00000,1472.65000,-27.42000,4.09000
307.86000,drogue,-1.22000,72855.00000,1466.77000,-27.53000,4.09000
307.96000,drogue,-1.26000,72877.00000,1464.38000,-27.66000,4.09000
308.06000,drogue,-1.20000,72928.00000,1458.84000,-27.82000,4.11000
308.16000,drogue,-1.08000,72952.00000,1456.23000,-27.95000,4.09000
308.26000,drogue,-0.90000,73004.00000,1450.59000,-28.06000,4.09000
308.36000,drogue,-0.68000,73050.00000,1445.60000,-28.16000,4.09000
308.46000,drogue,-0.45000,73073.00000,1443.10000,-28.23000,4.09000
308.56000,drogue,-0.22000,73089.00000,1441.36000,-28.27000,4.09000
308.66000,drogue,-0.03000,73100.00000,1440.17000,-28.30000,4.11000
308.76000,drogue,0.12000,73128.00000,1437.14000,-28.28000,4.09000
308.86000,drogue,0.19000,73154.00000,1434.32000,-28.27000,4.09000
308.96000,drogue,0.17000,73141.00000,1435.73000,-28.23000,4.09000
309.06000,drogue,0.06000,73223.00000,1426.84000,-28.19000,4.09000
309.16000,drogue,-0.13000,73246.00000,1424.35000,-28.16000,4.09000
309.26000,drogue,-0.38000,73266.00000,1422.19000,-28.18000,4.09000
309.36000,drogue,-0.70000,73291.00000,1419.48000,-28.21000,4.09000
309.46000,drogue,-1.07000,73320.00000,1416.35000,-28.27000,4.09000
309.56000,drogue,-1.47000,73355.00000,1412.56000,-28.37000,4.09000
309.66000,drogue,-1.87000,73380.00000,1409.86000,-28.50000,4.09000
309.76000,drogue,-2.25000,73362.00000,1411.80000,-28.69000,4.11000
309.86000,drogue,-2.59000,73378.00000,1410.07000,-28.95000,4.09000
309.96000,drogue,-2.89000,73387.00000,1409.10000,-29.22000,4.09000
310.06000,drogue,-3.14000,73458.00000,1401.43000,-29.51000,4.09000
310.16000,drogue,-3.32000,73494.00000,1397.54000,-29.81000,4.09000
310.26000,drogue,-3.41000,73519.00000,1394.84000,-30.15000,4.09000
310.36000,drogue,-3.35000,73566.00000,1389.77000,-30.54000,4.09000
310.46000,drogue,-3.12000,73602.00000,1385.89000,-30.90000,4.09000
310.56000,drogue,-2.69000,73617.00000,1384.27000,-31.25000,4.09000
310.66000,drogue,-2.08000,73638.00000,1382.01000,-31.54000,4.09000
310.76000,drogue,-1.31000,73627.00000,1383.19000,-31.78000,4.09000
310.86000,drogue,-0.45000,73648.00000,1380.93000,-31.95000,4.11000
310.96000,drogue,0.48000,73643.00000,1381.47000,-31.98000,4.09000
311.06000,drogue,1.42000,73670.00000,1378.56000,-31.92000,4.09000
311.16000,drogue,2.32000,73743.00000,1370.70000,-31.80000,4.09000
311.26000,drogue,3.16000,73858.00000,1358.32000,-31.55000,4.09000
311.36000,drogue,3.90000,73906.00000,1353.16000,-31.22000,4.09000
311.46000,drogue,4.53000,73949.00000,1348.54000,-30.79000,4.09000
311.56000,drogue,5.04000,73993.00000,1343.82000,-30.33000,4.09000
311.66000,drogue,5.42000,73997.00000,1343.39000,-29.82000,4.09000
311.76000,drogue,5.62000,74008.00000,1342.21000,-29.24000,4.09000
311.86000,drogue,5.63000,73989.00000,1344.25000,-28.65000,4.09000
311.96000,drogue,5.44000,73973.00000,1345.96000,-28.03000,4.11000
312.06000,drogue,5.06000,73981.00000,1345.10000,-27.46000,4.09000
312.16000,drogue,4.54000,74015.00000,1341.45000,-26.94000,4.09000
312.26000,drogue,3.93000,74095.00000,1332.87000,-26.46000,4.09000
312.36000,drogue,3.29000,74180.00000,1323.76000,-26.07000,4.09000
312.46000,drogue,2.67000,74203.00000,1321.29000,-25.75000,4.09000
312.56000,drogue,2.08000,74231.00000,1318.29000,-25.48000,4.09000
312.66000,drogue,1.52000,74222.00000,1319.26000,-25.30000,4.09000
312.76000,drogue,0.97000,74241.00000,1317.22000,-25.14000,4.09000
312.86000,drogue,0.39000,74236.00000,1317.76000,-25.04000,4.09000
312.96000,drogue,-0.21000,74180.00000,1323.76000,-24.99000,4.09000
313.06000,drogue,-0.80000,74186.00000,1323.12000,-24.99000,4.11000
313.16000,drogue,-1.31000,74272.00000,1313.91000,-25.07000,4.09000
313.26000,drogue,-1.65000,74280.00000,1313.05000,-25.27000,4.09000
313.36000,drogue,-1.78000,74321.00000,1308.66000,-25.48000,4.09000
313.46000,drogue,-1.72000,74345.00000,1306.09000,-25.68000,4.09000
313.56000,drogue,-1.53000,74433.00000,1296.69000,-25.88000,4.09000
313.66000,drogue,-1.29000,74457.00000,1294.12000,-26.04000,4.09000
313.76000,drogue,-1.10000,74468.00000,1292.95000,-26.17000,4.09000
313.86000,drogue,-1.03000,74484.00000,1291.24000,-26.25000,4.09000
313.96000,drogue,-1.10000,74478.00000,1291.88000,-26.31000,4.09000
314.06000,drogue,-1.32000,74507.00000,1288.78000,-26.39000,4.09000
314.16000,drogue,-1.59000,74547.00000,1284.51000,-26.50000,4.11000
314.26000,drogue,-1.83000,74590.00000,1279.92000,-26.67000,4.09000
314.36000,drogue,-1.97000,74622.00000,1276.51000,-26.89000,4.09000
314.46000,drogue,-1.99000,74640.00000,1274.59000,-27.12000,4.09000
314.56000,drogue,-1.90000,74652.00000,1273.31000,-27.33000,4.09000
314.66000,drogue,-1.77000,74682.00000,1270.11000,-27.53000,4.09000
314.76000,drogue,-1.68000,74647.00000,1273.84000,-27.71000,4.09000
314.86000,drogue,-1.70000,74665.00000,1271.93000,-27.86000,4.09000
314.96000,drogue,-1.85000,74705.00000,1267.66000,-27.99000,4.09000
315.06000,drogue,-2.11000,74716.00000,1266.49000,-28.13000,4.09000
315.16000,drogue,-2.42000,74781.00000,1259.57000,-28.35000,4.09000
315.26000,drogue,-2.72000,74867.00000,1250.42000,-28.61000,4.11000
315.36000,drogue,-2.97000,74886.00000,1248.40000,-28.89000,4.09000
315.46000,drogue,-3.12000,74892.00000,1247.76000,-29.18000,4.09000
315.56000,drogue,-3.18000,74932.00000,1243.51000,-29.53000,4.09000
315.66000,drogue,-3.14000,74917.00000,1245.10000,-29.86000,4.09000
315.76000,drogue,-2.98000,74943.00000,1242.34000,-30.19000,4.09000
315.86000,drogue,-2.74000,74955.00000,1241.06000,-30.51000,4.09000
315.96000,drogue,-2.42000,74986.00000,1237.77000,-30.79000,4.09000
316.06000,drogue,-2.04000,75047.00000,1231.29000,-31.05000,4.09000
316.16000,drogue,-1.63000,75090.00000,1226.73000,-31.25000,4.09000
316.26000,drogue,-1.19000,75140.00000,1221.43000,-31.42000,4.09000
316.36000,drogue,-0.74000,75172.00000,1218.03000,-31.54000,4.11000
316.46000,drogue,-0.28000,75208.00000,1214.22000,-31.62000,4.09000
316.56000,drogue,0.19000,75206.00000,1214.43000,-31.64000,4.09000
316.66000,drogue,0.66000,75215.00000,1213.48000,-31.63000,4.09000
316.76000,drogue,1.13000,75199.00000,1215.17000,-31.56000,4.09000
316.86000,drogue,1.60000,75203.00000,1214.75000,-31.44000,4.09000
316.96000,drogue,2.09000,75269.00000,1207.76000,-31.29000,4.09000
317.06000,drogue,2.62000,75298.00000,1204.69000,-31.07000,4.09000
317.16000,drogue,3.17000,75379.00000,1196.11000,-30.83000,4.09000
317.26000,drogue,3.68000,75456.00000,1187.97000,-30.54000,4.09000
317.36000,drogue,4.10000,75482.00000,1185.23000,-30.14000,4.09000
317.46000,drogue,4.34000,75524.00000,1180.79000,-29.68000,4.12000
317.56000,drogue,4.38000,75564.00000,1176.57000,-29.21000,4.09000
317.66000,drogue,4.20000,75569.00000,1176.04000,-28.74000,4.09000
317.76000,drogue,3.85000,75611.00000,1171.61000,-28.29000,4.09000
317.86000,drogue,3.38000,75626.00000,1170.02000,-27.87000,4.09000
317.96000,drogue,2.85000,75623.00000,1170.34000,-27.52000,4.09000
318.06000,drogue,2.33000,75613.00000,1171.39000,-27.25000,4.09000
318.16000,drogue,1.84000,75578.00000,1175.09000,-27.04000,4.09000
318.26000,drogue,1.39000,75623.00000,1170.34000,-26.87000,4.09000
318.36000,drogue,0.94000,75663.00000,1166.12000,-26.72000,4.09000
318.46000,drogue,0.48000,75707.00000,1161.48000,-26.62000,4.09000
318.56000,drogue,-0.02000,75759.00000,1156.00000,-26.56000,4.11000
318.66000,drogue,-0.55000,75801.00000,1151.58000,-26.57000,4.09000
318.76000,drogue,-1.07000,75853.00000,1146.11000,-26.61000,4.09000
318.86000,drogue,-1.53000,75864.00000,1144.95000,-26.71000,4.09000
318.96000,drogue,-1.87000,75866.00000,1144.74000,-26.90000,4.09000
319.06000,drogue,-2.03000,75880.00000,1143.26000,-27.12000,4.09000
319.16000,drogue,-1.98000,75892.00000,1142.00000,-27.36000,4.09000
319.26000,drogue,-1.74000,75885.00000,1142.74000,-27.60000,4.09000
319.36000,drogue,-1.36000,75851.00000,1146.32000,-27.80000,4.09000
319.46000,drogue,-0.90000,75917.00000,1139.37000,-27.94000,4.09000
319.56000,drogue,-0.42000,75992.00000,1131.49000,-28.04000,4.11000
319.66000,drogue,0.05000,76066.00000,1123.72000,-28.06000,4.12000
319.76000,drogue,0.47000,76112.00000,1118.89000,-28.05000,4.09000
319.86000,drogue,0.84000,76142.00000,1115.74000,-28.00000,4.09000
319.96000,drogue,1.13000,76180.00000,1111.75000,-27.91000,4.09000
320.06000,drogue,1.34000,76190.00000,1110.70000,-27.78000,4.09000
320.16000,drogue,1.45000,76203.00000,1109.34000,-27.61000,4.09000
320.26000,drogue,1.49000,76174.00000,1112.38000,-27.46000,4.09000
320.36000,drogue,1.47000,76160.00000,1113.85000,-27.31000,4.09000
320.46000,drogue,1.41000,76192.00000,1110.50000,-27.15000,4.09000
320.56000,drogue,1.33000,76255.00000,1103.89000,-27.01000,4.09000
320.66000,drogue,1.23000,76309.00000,1098.23000,-26.88000,4.09000
320.76000,drogue,1.08000,76344.00000,1094.57000,-26.75000,4.11000
320.86000,drogue,0.87000,76378.00000,1091.01000,-26.63000,4.09000
320.96000,drogue,0.61000,76444.00000,1084.11000,-26.53000,4.09000
321.06000,drogue,0.27000,76442.00000,1084.32000,-26.45000,4.09000
321.16000,drogue,-0.13000,76441.00000,1084.42000,-26.42000,4.09000
321.26000,drogue,-0.56000,76447.00000,1083.79000,-26.43000,4.09000
321.36000,drogue,-0.97000,76456.00000,1082.85000,-26.47000,4.09000
321.46000,drogue,-1.32000,76463.00000,1082.12000,-26.58000,4.09000
321.56000,drogue,-1.55000,76510.00000,1077.21000,-26.74000,4.09000
321.66000,drogue,-1.65000,76502.00000,1078.04000,-26.94000,4.09000
321.76000,drogue,-1.65000,76575.00000,1070.42000,-27.11000,4.09000
321.86000,drogue,-1.57000,76620.00000,1065.72000,-27.28000,4.11000
321.96000,drogue,-1.46000,76653.00000,1062.27000,-27.45000,4.09000
322.06000,drogue,-1.37000,76666.00000,1060.92000,-27.59000,4.09000
322.16000,drogue,-1.33000,76696.00000,1057.79000,-27.73000,4.09000
322.26000,drogue,-1.35000,76727.00000,1054.56000,-27.84000,4.09000
322.36000,drogue,-1.44000,76726.00000,1054.66000,-27.95000,4.09000
322.46000,drogue,-1.55000,76722.00000,1055.08000,-28.09000,4.09000
322.56000,drogue,-1.63000,76774.00000,1049.66000,-28.25000,4.09000
322.66000,drogue,-1.62000,76797.00000,1047.26000,-28.43000,4.09000
322.76000,drogue,-1.51000,76825.00000,1044.34000,-28.61000,4.09000
322.86000,drogue,-1.26000,76873.00000,1039.34000,-28.79000,4.09000
322.96000,drogue,-0.92000,76926.00000,1033.83000,-28.95000,4.11000
323.06000,drogue,-0.52000,76938.00000,1032.58000,-29.04000,4.09000
323.16000,drogue,-0.11000,76983.00000,1027.90000,-29.09000,4.09000
323.26000,drogue,0.25000,77035.00000,1022.49000,-29.10000,4.09000
323.36000,drogue,0.55000,77050.00000,1020.94000,-29.05000,4.09000
323.46000,drogue,0.80000,77048.00000,1021.14000,-28.98000,4.09000
323.56000,drogue,0.99000,77055.00000,1020.42000,-28.91000,4.09000
323.66000,drogue,1.17000,77072.00000,1018.65000,-28.79000,4.09000
323.76000,drogue,1.35000,77056.00000,1020.31000,-28.68000,4.09000
323.86000,drogue,1.54000,77110.00000,1014.70000,-28.55000,4.09000
323.96000,drogue,1.75000,77152.00000,1010.34000,-28.40000,4.09000
324.06000,drogue,1.99000,77194.00000,1005.98000,-28.23000,4.11000
324.16000,drogue,2.26000,77242.00000,1001.01000,-28.03000,4.09000
324.26000,drogue,2.57000,77288.00000,996.24000,-27.82000,4.09000
324.36000,drogue,2.92000,77338.00000,991.05000,-27.57000,4.09000
324.46000,drogue,3.27000,77367.00000,988.05000,-27.28000,4.09000
324.56000,drogue,3.61000,77384.00000,986.29000,-26.95000,4.11000
324.66000,drogue,3.90000,77413.00000,983.29000,-26.58000,4.09000
324.76000,drogue,4.16000,77437.00000,980.80000,-26.17000,4.09000
324.86000,drogue,4.38000,77461.00000,978.32000,-25.75000,4.09000
324.94000,main,4.38000,77461.00000,978.32000,-25.75000,4.09000
324.96000,main,4.60000,77448.00000,979.67000,-25.33000,4.09000
325.06000,main,4.81000,77441.00000,980.39000,-24.86000,4.09000
325.16000,main,4.99000,77466.00000,977.80000,-24.38000,4.12000
325.26000,main,5.11000,77474.00000,976.98000,-23.88000,4.11000
325.36000,main,5.10000,77486.00000,975.73000,-23.35000,4.09000
325.46000,main,4.90000,77550.00000,969.12000,-22.81000,4.09000
325.56000,main,4.45000,77584.00000,965.60000,-22.26000,4.09000
325.66000,main,3.75000,77616.00000,962.30000,-21.78000,4.09000
325.76000,main,2.82000,77659.00000,957.86000,-21.35000,4.09000
325.86000,main,1.72000,77696.00000,954.04000,-21.04000,4.09000
325.96000,main,0.53000,77725.00000,951.04000,-20.87000,4.09000
326.06000,main,-0.70000,77752.00000,948.26000,-20.81000,4.09000
326.16000,main,-1.92000,77768.00000,946.61000,-20.88000,4.09000
326.26000,main,-3.10000,77786.00000,944.75000,-21.08000,4.12000
326.36000,main,-4.20000,77784.00000,944.96000,-21.40000,4.11000
326.46000,main,-5.20000,77765.00000,946.92000,-21.84000,4.09000
326.56000,main,-6.07000,77740.00000,949.50000,-22.37000,4.09000
326.66000,main,-6.81000,77729.00000,950.63000,-23.01000,4.09000
326.76000,main,-7.41000,77751.00000,948.36000,-23.71000,4.09000
326.86000,main,-7.86000,77800.00000,943.31000,-24.49000,4.09000
326.96000,main,-8.18000,77851.00000,938.05000,-25.28000,4.09000
327.06000,main,-8.32000,77861.00000,937.02000,-26.12000,4.09000
327.16000,main,-8.26000,77888.00000,934.24000,-26.99000,4.09000
327.26000,main,-7.95000,77897.00000,933.31000,-27.85000,4.09000
327.36000,main,-7.36000,77930.00000,929.92000,-28.70000,4.11000
327.46000,main,-6.50000,77946.00000,928.27000,-29.49000,4.09000
327.56000,main,-5.40000,77977.00000,925.08000,-30.18000,4.09000
327.66000,main,-4.10000,78057.00000,916.85000,-30.74000,4.11000
327.76000,main,-2.69000,78108.00000,911.61000,-31.18000,4.09000
327.86000,main,-1.22000,78173.00000,904.93000,-31.46000,4.09000
327.96000,main,0.21000,78225.00000,899.59000,-31.58000,4.09000
328.06000,main,1.55000,78243.00000,897.74000,-31.53000,4.09000
328.16000,main,2.75000,78267.00000,895.28000,-31.35000,4.09000
328.26000,main,3.79000,78292.00000,892.71000,-31.05000,4.09000
328.36000,main,4.63000,78298.00000,892.10000,-30.64000,4.11000
328.46000,main,5.28000,78319.00000,889.94000,-30.14000,4.11000
328.56000,main,5.72000,78335.00000,888.30000,-29.58000,4.09000
328.66000,main,5.99000,78367.00000,885.02000,-28.97000,4.09000
328.76000,main,6.11000,78369.00000,884.82000,-28.35000,4.09000
328.86000,main,6.12000,78409.00000,880.72000,-27.73000,4.09000
328.96000,main,6.02000,78435.00000,878.06000,-27.11000,4.09000
329.06000,main,5.80000,78516.00000,869.76000,-26.49000,4.09000
329.16000,main,5.41000,78552.00000,866.08000,-25.89000,4.09000
329.26000,main,4.83000,78603.00000,860.86000,-25.29000,4.09000
329.36000,main,4.07000,78632.00000,857.90000,-24.78000,4.09000
329.46000,main,3.16000,78624.00000,858.72000,-24.35000,4.09000
329.56000,main,2.20000,78615.00000,859.64000,-24.01000,4.12000
329.66000,main,1.24000,78618.00000,859.33000,-23.80000,4.09000
329.76000,main,0.37000,78642.00000,856.88000,-23.70000,4.09000
329.86000,main,-0.41000,78651.00000,855.96000,-23.69000,4.09000
329.96000,main,-1.09000,78658.00000,855.24000,-23.75000,4.09000
330.06000,main,-1.71000,78677.00000,853.30000,-23.86000,4.09000
330.16000,main,-2.29000,78742.00000,846.66000,-24.04000,4.09000
330.26000,main,-2.87000,78773.00000,843.50000,-24.27000,4.09000
330.36000,main,-3.44000,78814.00000,839.31000,-24.55000,4.09000
330.46000,main,-3.99000,78848.00000,835.85000,-24.89000,4.09000
330.56000,main,-4.47000,78873.00000,833.30000,-25.30000,4.09000
330.66000,main,-4.84000,78870.00000,833.60000,-25.77000,4.12000
330.76000,main,-5.06000,78868.00000,833.81000,-26.27000,4.09000
330.86000,main,-5.10000,78871.00000,833.50000,-26.82000,4.09000
330.96000,main,-4.95000,78872.00000,833.40000,-27.35000,4.09000
331.06000,main,-4.59000,78896.00000,830.95000,-27.90000,4.09000
331.16000,main,-4.05000,78928.00000,827.69000,-28.38000,4.09000
331.26000,main,-3.40000,78946.00000,825.86000,-28.81000,4.09000
331.36000,main,-2.68000,79034.00000,816.90000,-29.16000,4.09000
331.46000,main,-1.98000,79102.00000,809.98000,-29.43000,4.09000
331.56000,main,-1.33000,79165.00000,803.57000,-29.60000,4.09000
331.66000,main,-0.75000,79200.00000,800.01000,-29.71000,4.09000
331.76000,main,-0.21000,79231.00000,796.86000,-29.78000,4.11000
331.86000,main,0.31000,79242.00000,795.74000,-29.81000,4.09000
331.96000,main,0.84000,79242.00000,795.74000,-29.79000,4.09000
332.06000,main,1.36000,79225.00000,797.47000,-29.69000,4.09000
332.16000,main,1.86000,79263.00000,793.61000,-29.57000,4.09000
332.26000,main,2.29000,79263.00000,793.61000,-29.37000,4.09000
332.36000,main,2.62000,79321.00000,787.72000,-29.11000,4.09000
332.46000,main,2.81000,79348.00000,784.98000,-28.84000,4.09000
332.56000,main,2.86000,79416.00000,778.09000,-28.53000,4.09000
332.66000,main,2.75000,79479.00000,771.70000,-28.21000,4.09000
332.76000,main,2.51000,79504.00000,769.17000,-27.91000,4.09000
332.86000,main,2.17000,79546.00000,764.91000,-27.64000,4.12000
332.96000,main,1.76000,79531.00000,766.43000,-27.42000,4.09000
333.06000,main,1.31000,79556.00000,763.90000,-27.25000,4.09000
333.16000,main,0.85000,79543.00000,765.22000,-27.11000,4.09000
333.26000,main,0.40000,79567.00000,762.79000,-27.01000,4.09000
333.36000,main,-0.02000,79587.00000,760.76000,-26.99000,4.09000
333.46000,main,-0.38000,79640.00000,755.40000,-27.01000,4.09000
333.56000,main,-0.68000,79652.00000,754.19000,-27.06000,4.09000
333.66000,main,-0.98000,79713.00000,748.02000,-27.13000,4.09000
333.76000,main,-1.30000,79757.00000,743.57000,-27.22000,4.09000
333.86000,main,-1.67000,79808.00000,738.42000,-27.33000,4.09000
333.96000,main,-2.07000,79823.00000,736.90000,-27.50000,4.11000
334.06000,main,-2.48000,79790.00000,740.24000,-27.68000,4.09000
334.16000,main,-2.87000,79809.00000,738.32000,-27.96000,4.09000
334.26000,main,-3.19000,79796.00000,739.63000,-28.25000,4.09000
334.36000,main,-3.43000,79801.00000,739.13000,-28.59000,4.09000
334.46000,main,-3.58000,79873.00000,731.86000,-28.93000,4.09000
334.56000,main,-3.65000,79921.00000,727.01000,-29.32000,4.09000
334.66000,main,-3.63000,79965.00000,722.57000,-29.70000,4.09000
334.76000,main,-3.54000,80052.00000,713.81000,-30.06000,4.09000
334.86000,main,-3.37000,80084.00000,710.58000,-30.43000,4.09000
334.96000,main,-3.13000,80124.00000,706.56000,-30.78000,4.09000
335.06000,main,-2.83000,80130.00000,705.95000,-31.11000,4.12000
335.16000,main,-2.49000,80106.00000,708.37000,-31.40000,4.09000
335.26000,main,-2.14000,80127.00000,706.25000,-31.65000,4.09000
335.36000,main,-1.79000,80161.00000,702.83000,-31.86000,4.09000
335.46000,main,-1.46000,80174.00000,701.52000,-32.04000,4.09000
335.56000,main,-1.12000,80206.00000,698.30000,-32.17000,4.09000
335.66000,main,-0.74000,80238.00000,695.09000,-32.28000,4.09000
335.76000,main,-0.28000,80279.00000,690.96000,-32.37000,4.09000
335.86000,main,0.29000,80340.00000,684.83000,-32.44000,4.09000
335.96000,main,0.94000,80428.00000,676.00000,-32.44000,4.09000
336.06000,main,1.62000,80456.00000,673.19000,-32.34000,4.09000
336.16000,main,2.25000,80523.00000,666.47000,-32.16000,4.11000
336.26000,main,2.81000,80526.00000,666.17000,-31.92000,4.09000
336.36000,main,3.27000,80512.00000,667.57000,-31.61000,4.09000
336.46000,main,3.65000,80525.00000,666.27000,-31.28000,4.09000
336.56000,main,3.98000,80573.00000,661.46000,-30.91000,4.11000
336.66000,main,4.25000,80576.00000,661.16000,-30.50000,4.09000
336.76000,main,4.43000,80621.00000,656.65000,-30.08000,4.09000
336.86000,main,4.49000,80684.00000,650.34000,-29.62000,4.09000
336.96000,main,4.33000,80736.00000,645.14000,-29.14000,4.09000
337.06000,main,3.89000,80768.00000,641.93000,-28.66000,4.09000
337.16000,main,3.14000,80781.00000,640.63000,-28.19000,4.11000
337.26000,main,2.08000,80779.00000,640.83000,-27.83000,4.12000
337.36000,main,0.71000,80788.00000,639.93000,-27.58000,4.09000
337.46000,main,-0.93000,80822.00000,636.53000,-27.47000,4.09000
337.56000,main,-2.82000,80869.00000,631.84000,-27.53000,4.11000
337.66000,main,-4.91000,80905.00000,628.24000,-27.75000,4.09000
337.76000,main,-7.11000,80979.00000,620.85000,-28.21000,4.09000
337.86000,main,-9.33000,81014.00000,617.36000,-28.93000,4.09000
337.96000,main,-11.46000,81020.00000,616.76000,-29.89000,4.09000
338.06000,main,-13.44000,81003.00000,618.46000,-31.07000,4.09000
338.16000,main,-15.22000,80987.00000,620.05000,-32.45000,4.09000
338.26000,main,-16.75000,81003.00000,618.46000,-34.00000,4.11000
338.36000,main,-17.99000,81021.00000,616.66000,-35.71000,4.11000
338.46000,main,-18.86000,81040.00000,614.77000,-37.57000,4.09000
338.56000,main,-19.32000,81083.00000,610.48000,-39.55000,4.09000
338.66000,main,-19.30000,81115.00000,607.29000,-41.54000,4.09000
338.76000,main,-18.78000,81160.00000,602.80000,-43.55000,4.09000
338.86000,main,-17.74000,81198.00000,599.02000,-45.51000,4.09000
338.96000,main,-16.22000,81243.00000,594.54000,-47.38000,4.09000
339.06000,main,-14.28000,81305.00000,588.37000,-49.09000,4.09000
339.16000,main,-12.04000,81363.00000,582.60000,-50.56000,4.09000
339.26000,main,-9.63000,81461.00000,572.86000,-51.79000,4.09000
339.36000,main,-7.17000,81514.00000,567.60000,-52.76000,4.09000
339.46000,main,-4.79000,81595.00000,559.56000,-53.45000,4.11000
339.56000,main,-2.54000,81650.00000,554.10000,-53.90000,4.09000
339.66000,main,-0.49000,81686.00000,550.54000,-54.12000,4.09000
339.76000,main,1.28000,81797.00000,539.54000,-54.14000,4.09000
339.86000,main,2.72000,81891.00000,530.24000,-53.96000,4.09000
339.96000,main,3.75000,81954.00000,524.01000,-53.62000,4.09000
340.06000,main,4.33000,81998.00000,519.66000,-53.16000,4.09000
340.16000,main,4.46000,82036.00000,515.91000,-52.64000,4.09000
340.26000,main,4.20000,82093.00000,510.28000,-52.12000,4.09000
340.36000,main,3.64000,82148.00000,504.85000,-51.65000,4.09000
340.46000,main,2.89000,82218.00000,497.95000,-51.27000,4.09000
340.56000,main,2.05000,82255.00000,494.30000,-50.97000,4.12000
340.66000,main,1.22000,82235.00000,496.27000,-50.76000,4.09000
340.76000,main,0.50000,82269.00000,492.92000,-50.65000,4.09000
340.86000,main,-0.02000,82306.00000,489.28000,-50.63000,4.09000
340.96000,main,-0.24000,82380.00000,481.99000,-50.68000,4.09000
341.06000,main,-0.05000,82399.00000,480.12000,-50.78000,4.09000
341.16000,main,0.65000,82406.00000,479.43000,-50.86000,4.09000
341.26000,main,1.92000,82488.00000,471.37000,-50.89000,4.09000
341.36000,main,3.82000,82543.00000,465.96000,-50.82000,4.09000
341.46000,main,6.33000,82578.00000,462.52000,-50.55000,4.09000
341.56000,main,9.44000,82659.00000,454.57000,-50.01000,4.09000
341.66000,main,13.09000,82760.00000,444.66000,-49.13000,4.12000
341.76000,main,17.20000,82826.00000,438.19000,-47.91000,4.09000
341.86000,main,21.61000,82898.00000,431.13000,-46.28000,4.09000
341.96000,main,26.08000,82974.00000,423.69000,-44.14000,4.09000
342.06000,main,30.35000,83048.00000,416.45000,-41.48000,4.09000
342.16000,main,34.14000,83112.00000,410.20000,-38.35000,4.09000
342.26000,main,37.23000,83161.00000,405.41000,-34.82000,4.09000
342.36000,main,39.46000,83210.00000,400.62000,-30.95000,4.09000
342.46000,main,40.70000,83261.00000,395.65000,-26.86000,4.11000
342.56000,main,40.86000,83269.00000,394.86000,-22.60000,4.09000
342.66000,main,39.90000,83276.00000,394.18000,-18.31000,4.09000
342.76000,main,37.81000,83301.00000,391.74000,-14.14000,4.11000
342.86000,main,34.63000,83328.00000,389.11000,-10.19000,4.09000
342.96000,main,30.39000,83369.00000,385.11000,-6.58000,4.09000
343.06000,main,25.16000,83390.00000,383.06000,-3.37000,4.09000
343.16000,main,18.99000,83370.00000,385.01000,-0.68000,4.09000
343.26000,main,11.99000,83374.00000,384.62000,1.35000,4.09000
343.36000,main,4.35000,83391.00000,382.97000,2.66000,4.09000
343.46000,main,-3.69000,83327.00000,389.21000,3.18000,4.09000
343.56000,main,-11.87000,83260.00000,395.74000,2.83000,4.09000
343.66000,main,-19.86000,83190.00000,402.58000,1.61000,4.09000
343.76000,main,-27.37000,83142.00000,407.26000,-0.46000,4.09000
343.86000,main,-34.12000,83078.00000,413.52000,-3.31000,4.12000
343.96000,main,-39.88000,82933.00000,427.70000,-6.90000,4.09000
344.06000,main,-44.51000,82862.00000,434.66000,-11.10000,4.09000
344.16000,main,-47.93000,82853.00000,435.54000,-15.75000,4.09000
344.26000,main,-50.09000,82912.00000,429.76000,-20.73000,4.09000
344.36000,main,-50.98000,82974.00000,423.69000,-25.95000,4.09000
344.46000,main,-50.59000,83082.00000,413.13000,-31.25000,4.09000
344.56000,main,-48.93000,83123.00000,409.12000,-36.52000,4.11000
344.66000,main,-46.08000,83250.00000,396.72000,-41.63000,4.09000
344.76000,main,-42.16000,83335.00000,388.43000,-46.40000,4.09000
344.86000,main,-37.34000,83369.00000,385.11000,-50.77000,4.09000
344.96000,main,-31.85000,83403.00000,381.80000,-54.63000,4.12000
345.06000,main,-25.91000,83406.00000,381.50000,-57.87000,4.09000
345.16000,main,-19.76000,83455.00000,376.73000,-60.49000,4.09000
345.26000,main,-13.63000,83535.00000,368.94000,-62.46000,4.09000
345.36000,main,-7.74000,83629.00000,359.80000,-63.81000,4.09000
345.46000,main,-2.33000,83764.00000,346.68000,-64.49000,4.09000
345.56000,main,2.45000,83919.00000,331.64000,-64.60000,4.09000
345.66000,main,6.48000,84042.00000,319.72000,-64.21000,4.09000
345.76000,main,9.69000,84159.00000,308.39000,-63.43000,4.09000
345.86000,main,12.10000,84241.00000,300.46000,-62.35000,4.09000
345.96000,main,13.69000,84312.00000,293.60000,-61.01000,4.09000
346.06000,main,14.48000,84340.00000,290.90000,-59.50000,4.11000
346.16000,main,14.52000,84308.00000,293.99000,-57.93000,4.09000
346.26000,main,13.87000,84328.00000,292.06000,-56.36000,4.09000
346.36000,main,12.69000,84390.00000,286.07000,-54.86000,4.09000
346.46000,main,11.17000,84445.00000,280.76000,-53.55000,4.09000
346.56000,main,9.51000,84562.00000,269.48000,-52.41000,4.09000
346.66000,main,7.93000,84622.00000,263.70000,-51.48000,4.09000
346.76000,main,6.61000,84578.00000,267.94000,-50.73000,4.09000
346.86000,main,5.70000,84635.00000,262.45000,-50.13000,4.11000
346.96000,main,5.27000,84652.00000,260.81000,-49.67000,4.09000
347.06000,main,5.36000,84645.00000,261.48000,-49.23000,4.09000
347.16000,main,5.98000,84736.00000,252.73000,-48.76000,4.12000
347.26000,main,7.14000,84803.00000,246.28000,-48.25000,4.09000
347.36000,main,8.84000,84875.00000,239.36000,-47.62000,4.11000
347.46000,main,11.06000,84912.00000,235.81000,-46.82000,4.09000
347.56000,main,13.75000,84988.00000,228.51000,-45.83000,4.09000
347.66000,main,16.78000,85063.00000,221.31000,-44.53000,4.09000
347.76000,main,19.99000,85157.00000,212.30000,-42.84000,4.09000
347.86000,main,23.17000,85240.00000,204.35000,-40.84000,4.09000
347.96000,main,26.12000,85318.00000,196.89000,-38.51000,4.09000
348.06000,main,28.60000,85277.00000,200.81000,-35.84000,4.09000
348.16000,main,30.41000,85271.00000,201.38000,-32.85000,4.09000
348.26000,main,31.43000,85281.00000,200.43000,-29.65000,4.11000
348.36000,main,31.58000,85318.00000,196.89000,-26.35000,4.09000
348.46000,main,30.86000,85492.00000,180.25000,-23.05000,4.09000
348.56000,main,29.33000,85597.00000,170.23000,-19.86000,4.09000
348.66000,main,27.03000,85658.00000,164.41000,-16.81000,4.09000
348.76000,main,24.03000,85681.00000,162.21000,-13.95000,4.09000
348.86000,main,20.39000,85716.00000,158.88000,-11.46000,4.09000
348.96000,main,16.25000,85715.00000,158.97000,-9.35000,4.09000
349.06000,main,11.72000,85613.00000,168.70000,-7.64000,4.09000
349.16000,main,6.99000,85458.00000,183.50000,-6.43000,4.09000
349.26000,main,2.22000,85413.00000,187.80000,-5.73000,4.09000
349.36000,main,-2.44000,85353.00000,193.54000,-5.54000,4.11000
349.46000,main,-6.82000,85328.00000,195.93000,-5.82000,4.09000
349.56000,main,-10.82000,85353.00000,193.54000,-6.58000,4.09000
349.66000,main,-14.33000,85344.00000,194.40000,-7.74000,4.09000
349.76000,main,-17.31000,85250.00000,203.39000,-9.25000,4.09000
349.86000,main,-19.75000,85370.00000,191.91000,-11.11000,4.09000
349.96000,main,-21.70000,85452.00000,184.07000,-13.15000,4.09000
350.06000,main,-23.31000,85442.00000,185.03000,-15.39000,4.09000
350.16000,main,-24.69000,85447.00000,184.55000,-17.78000,4.09000
350.26000,main,-25.92000,85481.00000,181.30000,-20.21000,4.09000
350.36000,main,-26.96000,85519.00000,177.67000,-22.79000,4.09000
350.46000,main,-27.77000,85600.00000,169.94000,-25.55000,4.11000
350.56000,main,-28.27000,85647.00000,165.46000,-28.42000,4.09000
350.66000,main,-28.45000,85660.00000,164.22000,-31.31000,4.09000
350.76000,main,-28.36000,85703.00000,160.12000,-34.18000,4.09000
350.86000,main,-28.09000,85782.00000,152.59000,-37.03000,4.09000
350.96000,main,-27.70000,85785.00000,152.30000,-39.87000,4.09000
351.06000,main,-27.23000,85752.00000,155.45000,-42.66000,4.09000
351.16000,main,-26.65000,85761.00000,154.59000,-45.37000,4.09000
351.26000,main,-25.90000,85785.00000,152.30000,-48.06000,4.09000
351.36000,main,-24.89000,85839.00000,147.16000,-50.68000,4.09000
351.46000,main,-23.57000,85892.00000,142.12000,-53.23000,4.09000
351.56000,main,-21.86000,85938.00000,137.74000,-55.68000,4.11000
351.66000,main,-19.75000,85979.00000,133.84000,-57.94000,4.09000
351.76000,main,-17.22000,86016.00000,130.32000,-59.93000,4.09000
351.86000,main,-14.31000,86142.00000,118.35000,-61.74000,4.09000
351.96000,main,-11.10000,86117.00000,120.73000,-63.26000,4.09000
352.06000,main,-7.75000,86332.00000,100.33000,-64.41000,4.09000
352.16000,main,-4.40000,86421.00000,91.90000,-65.17000,4.09000
352.26000,main,-1.13000,86408.00000,93.13000,-65.53000,4.09000
352.36000,main,2.07000,86600.00000,74.97000,-65.61000,4.09000
352.46000,main,5.33000,86776.00000,58.34000,-65.43000,4.09000
352.56000,main,8.78000,86941.00000,42.78000,-64.95000,4.09000
352.66000,main,12.49000,86967.00000,40.33000,-64.12000,4.11000
352.76000,main,16.47000,86996.00000,37.60000,-62.92000,4.09000
352.86000,main,20.60000,87026.00000,34.78000,-61.33000,4.09000
352.96000,main,24.68000,87100.00000,27.81000,-59.28000,4.09000
353.06000,main,28.47000,87174.00000,20.85000,-56.76000,4.09000
353.16000,main,31.75000,87218.00000,16.72000,-53.81000,4.09000
353.26000,main,34.33000,87239.00000,14.74000,-50.51000,4.09000
353.36000,main,36.06000,87250.00000,13.71000,-46.94000,4.09000
353.46000,main,36.90000,87301.00000,8.92000,-43.18000,4.09000
353.56000,main,36.84000,87325.00000,6.66000,-39.34000,4.09000
353.66000,main,35.95000,87359.00000,3.47000,-35.51000,4.09000
353.76000,main,35.01000,87416.00000,-1.88000,-31.78000,4.11000
353.86000,main,31.65000,87499.00000,-9.66000,-28.28000,4.09000
353.96000,main,24.55000,87539.00000,-13.41000,-24.97000,4.09000
354.06000,main,16.28000,87602.00000,-19.31000,-22.00000,4.11000
354.16000,main,16.28000,87655.00000,-24.27000,-19.32000,4.09000
354.26000,main,16.28000,87673.00000,-25.96000,-19.32000,4.09000
