time_s,state,acceleration_mps2,pressure_pa,height_m,speed_mps,battery_v
-0.30000,boost,1.03000,87777.00000,0.75000,0.00000,4.10000
-0.29000,boost,-0.00000,87777.00000,0.75000,0.00000,4.10000
-0.28000,boost,-1.03000,87777.00000,0.75000,0.00000,4.10000
-0.27000,boost,-1.55000,87777.00000,0.75000,0.00000,4.10000
-0.26000,boost,-0.52000,87772.00000,1.22000,0.00000,4.10000
-0.25000,boost,1.03000,87772.00000,1.22000,0.00000,4.10000
-0.24000,boost,-0.00000,87772.00000,1.22000,0.00000,4.10000
-0.23000,boost,-2.06000,87772.00000,1.22000,0.00000,4.10000
-0.22000,boost,-1.55000,87772.00000,1.22000,0.00000,4.10000
-0.21000,boost,-1.55000,87784.00000,0.09000,0.00000,4.10000
-0.20000,boost,-0.52000,87784.00000,0.09000,0.00000,4.10000
-0.19000,boost,-2.58000,87784.00000,0.09000,0.00000,4.10000
-0.18000,boost,-0.00000,87784.00000,0.09000,0.00000,4.10000
-0.17000,boost,0.52000,87784.00000,0.09000,0.00000,4.10000
-0.16000,boost,-1.03000,87780.00000,0.47000,0.00000,4.10000
-0.15000,boost,0.52000,87780.00000,0.47000,0.00000,4.10000
-0.14000,boost,-1.03000,87780.00000,0.47000,0.00000,4.10000
-0.13000,boost,-3.10000,87780.00000,0.47000,0.00000,4.10000
-0.12000,boost,-0.00000,87780.00000,0.47000,0.00000,4.10000
-0.11000,boost,-2.58000,87801.00000,-1.50000,0.00000,4.10000
-0.10000,boost,-0.00000,87801.00000,-1.50000,0.00000,4.10000
-0.09000,boost,-3.10000,87801.00000,-1.50000,0.00000,4.10000
-0.08000,boost,-0.00000,87801.00000,-1.50000,0.03000,4.10000
-0.07000,boost,-0.52000,87801.00000,-1.50000,0.09000,4.10000
-0.06000,boost,23.74000,87790.00000,-0.47000,0.23000,4.10000
-0.05000,boost,40.78000,87790.00000,-0.47000,0.49000,4.10000
-0.04000,boost,26.32000,87790.00000,-0.47000,0.93000,4.10000
-0.03000,boost,76.90000,87790.00000,-0.47000,1.60000,4.10000
-0.02000,boost,93.42000,87790.00000,-0.47000,2.48000,4.10000
-0.01000,boost,195.62000,87865.00000,-7.48000,3.53000,4.10000
0.00000,boost,131.62000,87865.00000,-7.48000,4.64000,4.10000
0.01000,boost,70.19000,87865.00000,-7.48000,5.71000,4.10000
0.02000,boost,84.65000,87865.00000,-7.48000,6.71000,4.10000
0.03000,boost,73.81000,87865.00000,-7.48000,7.60000,4.10000
0.04000,boost,105.81000,88070.00000,-26.61000,8.41000,4.10000
0.05000,boost,59.36000,88070.00000,-26.61000,9.16000,4.10000
0.06000,boost,71.23000,88070.00000,-26.61000,9.84000,4.10000
0.07000,boost,44.90000,88070.00000,-26.61000,10.46000,4.10000
0.08000,boost,51.10000,88070.00000,-26.61000,11.03000,4.10000
0.09000,boost,50.07000,87713.00000,6.73000,11.59000,4.10000
0.10000,boost,56.78000,87713.00000,6.73000,12.14000,4.10000
0.11000,boost,67.10000,87713.00000,6.73000,12.70000,4.10000
0.12000,boost,62.97000,87713.00000,6.73000,13.25000,4.10000
0.13000,boost,47.48000,87713.00000,6.73000,13.77000,4.10000
0.14000,boost,29.94000,87780.00000,0.47000,14.26000,4.10000
0.15000,boost,54.19000,87780.00000,0.47000,14.74000,4.10000
0.16000,boost,43.36000,87780.00000,0.47000,15.20000,4.10000
0.17000,boost,40.26000,87780.00000,0.47000,15.68000,4.10000
0.18000,boost,62.97000,87780.00000,0.47000,16.18000,4.10000
0.19000,boost,54.19000,87764.00000,1.96000,16.69000,4.10000
0.20000,boost,54.71000,87764.00000,1.96000,17.21000,4.10000
0.21000,boost,33.55000,87764.00000,1.96000,17.71000,4.10000
0.22000,boost,67.10000,87764.00000,1.96000,18.20000,4.10000
0.23000,boost,46.97000,87764.00000,1.96000,18.65000,4.10000
0.24000,boost,33.03000,87774.00000,1.03000,19.07000,4.10000
0.25000,boost,26.32000,87774.00000,1.03000,19.46000,4.10000
0.26000,boost,37.68000,87774.00000,1.03000,19.81000,4.10000
0.27000,boost,40.78000,87774.00000,1.03000,20.11000,4.10000
0.28000,boost,42.32000,87774.00000,1.03000,20.36000,4.10000
0.29000,boost,-31.48000,87752.00000,3.09000,20.52000,4.10000
0.30000,boost,46.97000,87752.00000,3.09000,20.59000,4.10000
0.31000,boost,-27.36000,87752.00000,3.09000,20.61000,4.10000
0.32000,boost,-59.87000,87752.00000,3.09000,20.61000,4.10000
0.33000,boost,52.65000,87752.00000,3.09000,20.64000,4.10000
0.34000,boost,2.58000,87768.00000,1.59000,20.76000,4.07000
0.35000,boost,41.29000,87768.00000,1.59000,20.98000,4.07000
0.36000,boost,19.10000,87768.00000,1.59000,21.29000,4.07000
0.37000,boost,61.94000,87768.00000,1.59000,21.66000,4.07000
0.38000,boost,52.13000,87768.00000,1.59000,22.08000,4.07000
0.39000,boost,28.39000,87889.00000,-9.72000,22.54000,4.07000
0.40000,boost,40.26000,87889.00000,-9.72000,23.04000,4.07000
0.41000,boost,64.52000,87889.00000,-9.72000,23.58000,4.07000
0.42000,boost,83.10000,87889.00000,-9.72000,24.17000,4.07000
0.43000,boost,64.00000,87889.00000,-9.72000,24.77000,4.07000
0.44000,boost,54.19000,87798.00000,-1.22000,25.36000,4.07000
0.45000,boost,56.78000,87798.00000,-1.22000,25.93000,4.07000
0.46000,boost,30.97000,87798.00000,-1.22000,26.47000,4.07000
0.47000,boost,58.84000,87798.00000,-1.22000,27.01000,4.07000
0.48000,boost,60.90000,87798.00000,-1.22000,27.57000,4.07000
0.49000,boost,61.42000,87740.00000,4.21000,28.15000,4.07000
0.50000,boost,62.45000,87740.00000,4.21000,28.75000,4.07000
0.51000,boost,68.65000,87740.00000,4.21000,29.34000,4.07000
0.52000,boost,55.23000,87740.00000,4.21000,29.92000,4.07000
0.53000,boost,46.97000,87740.00000,4.21000,30.49000,4.07000
0.54000,boost,48.00000,87718.00000,6.27000,31.05000,4.07000
0.55000,boost,62.45000,87718.00000,6.27000,31.61000,4.07000
0.56000,boost,62.97000,87718.00000,6.27000,32.18000,4.07000
0.57000,boost,61.94000,87718.00000,6.27000,32.73000,4.07000
0.58000,boost,50.07000,87718.00000,6.27000,33.27000,4.07000
0.59000,boost,45.42000,87703.00000,7.67000,33.78000,4.07000
0.60000,boost,42.84000,87703.00000,7.67000,34.25000,4.07000
0.61000,boost,50.58000,87703.00000,7.67000,34.69000,4.07000
0.62000,boost,30.97000,87703.00000,7.67000,35.13000,4.07000
0.63000,boost,28.39000,87703.00000,7.67000,35.59000,4.07000
0.64000,boost,65.55000,87681.00000,9.73000,36.10000,4.07000
0.65000,boost,63.49000,87681.00000,9.73000,36.69000,4.07000
0.66000,boost,67.61000,87681.00000,9.73000,37.36000,4.08000
0.67000,boost,82.07000,87681.00000,9.73000,38.11000,4.08000
0.68000,boost,98.07000,87681.00000,9.73000,38.92000,4.08000
0.69000,boost,86.71000,87651.00000,12.54000,39.76000,4.08000
0.70000,boost,80.52000,87651.00000,12.54000,40.61000,4.08000
0.71000,boost,85.16000,87651.00000,12.54000,41.45000,4.08000
0.72000,boost,82.07000,87651.00000,12.54000,42.30000,4.08000
0.73000,boost,84.65000,87651.00000,12.54000,43.13000,4.08000
0.74000,boost,86.20000,87661.00000,11.60000,43.94000,4.08000
0.75000,boost,82.07000,87661.00000,11.60000,44.71000,4.08000
0.76000,boost,67.10000,87661.00000,11.60000,45.44000,4.08000
0.77000,boost,62.45000,87661.00000,11.60000,46.11000,4.08000
0.78000,boost,52.65000,87661.00000,11.60000,46.72000,4.08000
0.79000,boost,54.19000,87623.00000,15.16000,47.30000,4.08000
0.80000,boost,44.90000,87623.00000,15.16000,47.87000,4.08000
0.81000,boost,64.52000,87623.00000,15.16000,48.45000,4.08000
0.82000,boost,65.55000,87623.00000,15.16000,49.03000,4.08000
0.83000,boost,60.90000,87623.00000,15.16000,49.62000,4.08000
0.84000,boost,58.32000,87613.00000,16.09000,50.19000,4.08000
0.85000,boost,60.39000,87613.00000,16.09000,50.72000,4.08000
0.86000,boost,41.29000,87613.00000,16.09000,51.18000,4.08000
0.87000,boost,34.58000,87613.00000,16.09000,51.56000,4.08000
0.88000,boost,20.13000,87613.00000,16.09000,51.84000,4.08000
0.89000,boost,9.81000,87600.00000,17.31000,52.03000,4.08000
0.90000,boost,15.48000,87600.00000,17.31000,52.12000,4.08000
0.91000,boost,-20.13000,87600.00000,17.31000,52.15000,4.08000
0.92000,boost,-7.74000,87600.00000,17.31000,52.12000,4.08000
0.93000,boost,1.03000,87600.00000,17.31000,52.07000,4.08000
0.94000,boost,-15.48000,87577.00000,19.47000,52.01000,4.08000
0.95000,boost,-10.84000,87577.00000,19.47000,52.00000,4.08000
0.96000,boost,3.10000,87577.00000,19.47000,52.06000,4.08000
0.97000,boost,19.61000,87577.00000,19.47000,52.24000,4.08000
0.98000,boost,35.61000,87577.00000,19.47000,52.58000,4.09000
0.99000,boost,71.74000,87554.00000,21.62000,53.10000,4.09000
1.00000,boost,90.32000,87554.00000,21.62000,53.77000,4.09000
1.01000,boost,91.87000,87554.00000,21.62000,54.57000,4.09000
1.02000,boost,90.32000,87554.00000,21.62000,55.44000,4.09000
1.03000,boost,99.10000,87554.00000,21.62000,56.35000,4.09000
1.04000,boost,92.91000,87526.00000,24.24000,57.27000,4.09000
1.05000,boost,87.23000,87526.00000,24.24000,58.18000,4.09000
1.06000,boost,92.91000,87526.00000,24.24000,59.08000,4.09000
1.07000,boost,79.49000,87526.00000,24.24000,59.96000,4.09000
1.08000,boost,93.42000,87526.00000,24.24000,60.83000,4.09000
1.09000,boost,82.58000,87504.00000,26.31000,61.68000,4.09000
1.10000,boost,85.68000,87504.00000,26.31000,62.52000,4.09000
1.11000,boost,75.87000,87504.00000,26.31000,63.34000,4.09000
1.12000,boost,81.03000,87504.00000,26.31000,64.16000,4.09000
1.13000,boost,75.87000,87504.00000,26.31000,64.99000,4.09000
1.14000,boost,93.42000,87479.00000,28.65000,65.83000,4.09000
1.15000,boost,89.81000,87479.00000,28.65000,66.68000,4.09000
1.16000,boost,86.20000,87479.00000,28.65000,67.53000,4.09000
1.17000,boost,81.03000,87479.00000,28.65000,68.37000,4.09000
1.18000,boost,86.71000,87479.00000,28.65000,69.18000,4.09000
1.19000,boost,69.68000,87479.00000,28.65000,69.94000,4.09000
1.20000,boost,69.16000,87479.00000,28.65000,70.67000,4.09000
1.21000,boost,66.07000,87479.00000,28.65000,71.35000,4.09000
1.22000,boost,69.16000,87479.00000,28.65000,71.99000,4.09000
1.23000,boost,46.45000,87479.00000,28.65000,72.58000,4.09000
1.24000,boost,59.36000,87450.00000,31.37000,73.14000,4.09000
1.25000,boost,45.42000,87450.00000,31.37000,73.66000,4.09000
1.26000,boost,42.32000,87450.00000,31.37000,74.16000,4.09000
1.27000,boost,57.81000,87450.00000,31.37000,74.64000,4.09000
1.28000,boost,41.29000,87450.00000,31.37000,75.12000,4.09000
1.29000,boost,54.19000,87428.00000,33.43000,75.59000,4.09000
1.30000,boost,31.48000,87428.00000,33.43000,76.07000,4.09000
1.31000,boost,49.03000,87428.00000,33.43000,76.57000,4.09000
1.32000,boost,61.42000,87428.00000,33.43000,77.09000,4.09000
1.33000,boost,65.03000,87428.00000,33.43000,77.64000,4.09000
1.34000,boost,58.84000,87402.00000,35.87000,78.19000,4.09000
1.35000,boost,52.65000,87402.00000,35.87000,78.73000,4.09000
1.36000,boost,44.39000,87402.00000,35.87000,79.24000,4.09000
1.37000,boost,38.71000,87402.00000,35.87000,79.71000,4.09000
1.38000,boost,57.81000,87402.00000,35.87000,80.13000,4.09000
1.39000,boost,35.61000,87377.00000,38.22000,80.51000,4.09000
1.40000,boost,17.55000,87377.00000,38.22000,80.86000,4.09000
1.41000,boost,23.74000,87377.00000,38.22000,81.19000,4.09000
1.42000,boost,25.81000,87377.00000,38.22000,81.55000,4.09000
1.43000,boost,59.87000,87377.00000,38.22000,81.94000,4.09000
1.44000,boost,51.10000,87357.00000,40.09000,82.40000,4.09000
1.45000,boost,37.16000,87357.00000,40.09000,82.92000,4.09000
1.46000,boost,71.74000,87357.00000,40.09000,83.52000,4.09000
1.47000,boost,73.29000,87357.00000,40.09000,84.19000,4.09000
1.48000,boost,68.13000,87357.00000,40.09000,84.94000,4.09000
1.49000,boost,96.52000,87332.00000,42.44000,85.75000,4.09000
1.50000,boost,101.68000,87332.00000,42.44000,86.58000,4.09000
1.51000,boost,103.23000,87332.00000,42.44000,87.36000,4.09000
1.52000,boost,67.10000,87332.00000,42.44000,88.04000,4.09000
1.53000,boost,10.32000,87332.00000,42.44000,88.59000,4.09000
1.54000,boost,21.16000,87302.00000,45.26000,89.04000,4.09000
1.55000,boost,35.61000,87302.00000,45.26000,89.43000,4.09000
1.56000,boost,48.00000,87302.00000,45.26000,89.82000,4.09000
1.57000,boost,52.65000,87302.00000,45.26000,90.24000,4.09000
1.58000,boost,39.74000,87302.00000,45.26000,90.70000,4.09000
1.59000,boost,45.94000,87268.00000,48.45000,91.19000,4.09000
1.60000,boost,59.87000,87268.00000,48.45000,91.70000,4.09000
1.61000,boost,56.78000,87268.00000,48.45000,92.24000,4.09000
1.62000,boost,53.68000,87268.00000,48.45000,92.78000,4.09000
1.63000,boost,58.32000,87268.00000,48.45000,93.32000,4.09000
1.64000,boost,56.78000,87229.00000,52.12000,93.84000,4.09000
1.65000,boost,42.84000,87229.00000,52.12000,94.33000,4.09000
1.66000,boost,33.55000,87229.00000,52.12000,94.81000,4.09000
1.67000,boost,50.58000,87229.00000,52.12000,95.29000,4.09000
1.68000,boost,58.84000,87229.00000,52.12000,95.76000,4.09000
1.69000,boost,40.78000,87161.00000,58.51000,96.25000,4.09000
1.70000,boost,42.84000,87161.00000,58.51000,96.76000,4.09000
1.71000,boost,69.16000,87161.00000,58.51000,97.30000,4.09000
1.72000,boost,53.16000,87161.00000,58.51000,97.86000,4.09000
1.73000,boost,57.81000,87161.00000,58.51000,98.44000,4.09000
1.74000,boost,57.29000,87133.00000,61.14000,99.05000,4.09000
1.75000,boost,76.90000,87133.00000,61.14000,99.69000,4.09000
1.76000,boost,56.26000,87133.00000,61.14000,100.35000,4.09000
1.77000,boost,72.26000,87133.00000,61.14000,101.04000,4.09000
1.78000,boost,77.94000,87133.00000,61.14000,101.76000,4.09000
1.79000,boost,74.84000,87074.00000,66.69000,102.49000,4.09000
1.80000,boost,76.39000,87074.00000,66.69000,103.22000,4.09000
1.81000,boost,84.65000,87074.00000,66.69000,103.93000,4.09000
1.82000,boost,66.07000,87074.00000,66.69000,104.58000,4.09000
1.83000,boost,36.13000,87074.00000,66.69000,105.18000,4.09000
1.84000,boost,39.23000,87019.00000,71.87000,105.74000,4.09000
1.85000,boost,67.10000,87019.00000,71.87000,106.29000,4.09000
1.86000,boost,56.78000,87019.00000,71.87000,106.84000,4.09000
1.87000,boost,57.29000,87019.00000,71.87000,107.41000,4.09000
1.88000,boost,58.32000,87019.00000,71.87000,108.00000,4.09000
1.89000,boost,61.94000,86987.00000,74.88000,108.59000,4.09000
1.90000,boost,63.49000,86987.00000,74.88000,109.18000,4.09000
1.91000,boost,56.78000,86987.00000,74.88000,109.75000,4.09000
1.92000,boost,57.29000,86987.00000,74.88000,110.29000,4.09000
1.93000,boost,46.45000,86987.00000,74.88000,110.79000,4.09000
1.94000,boost,36.13000,86961.00000,77.33000,111.26000,4.08000
1.95000,boost,39.23000,86961.00000,77.33000,111.70000,4.08000
1.96000,boost,41.81000,86961.00000,77.33000,112.14000,4.08000
1.97000,boost,43.36000,86961.00000,77.33000,112.59000,4.08000
1.98000,boost,54.71000,86961.00000,77.33000,113.07000,4.08000
1.99000,boost,56.78000,86946.00000,78.75000,113.57000,4.08000
2.00000,boost,47.48000,86946.00000,78.75000,114.10000,4.08000
2.01000,boost,56.78000,86946.00000,78.75000,114.63000,4.08000
2.02000,boost,57.29000,86946.00000,78.75000,115.18000,4.08000
2.03000,boost,51.61000,86946.00000,78.75000,115.74000,4.08000
2.04000,boost,52.65000,86901.00000,82.99000,116.31000,4.08000
2.05000,boost,71.74000,86901.00000,82.99000,116.90000,4.08000
2.06000,boost,58.84000,86901.00000,82.99000,117.50000,4.08000
2.07000,boost,59.36000,86901.00000,82.99000,118.09000,4.08000
2.08000,boost,61.42000,86901.00000,82.99000,118.67000,4.08000
2.09000,boost,53.16000,86891.00000,83.93000,119.24000,4.08000
2.10000,boost,52.13000,86891.00000,83.93000,119.79000,4.08000
2.11000,boost,43.87000,86891.00000,83.93000,120.35000,4.08000
2.12000,boost,61.42000,86891.00000,83.93000,120.92000,4.08000
2.13000,boost,67.61000,86891.00000,83.93000,121.52000,4.08000
2.14000,boost,68.65000,86863.00000,86.57000,122.15000,4.08000
2.15000,boost,62.97000,86863.00000,86.57000,122.80000,4.08000
2.16000,boost,67.10000,86863.00000,86.57000,123.45000,4.08000
2.17000,boost,59.36000,86863.00000,86.57000,124.10000,4.08000
2.18000,boost,73.29000,86863.00000,86.57000,124.74000,4.08000
2.19000,boost,58.32000,86837.00000,89.02000,125.39000,4.08000
2.20000,boost,63.49000,86837.00000,89.02000,126.04000,4.08000
2.21000,boost,59.87000,86837.00000,89.02000,126.70000,4.08000
2.22000,boost,85.16000,86837.00000,89.02000,127.38000,4.08000
2.23000,boost,61.42000,86837.00000,89.02000,128.05000,4.08000
2.24000,boost,68.13000,86810.00000,91.57000,128.72000,4.08000
2.25000,boost,67.61000,86810.00000,91.57000,129.37000,4.08000
2.26000,boost,64.00000,86810.00000,91.57000,130.00000,4.08000
2.27000,boost,43.87000,86810.00000,91.57000,130.61000,4.08000
2.28000,boost,68.13000,86810.00000,91.57000,131.20000,4.08000
2.29000,boost,52.13000,86768.00000,95.53000,131.80000,4.08000
2.30000,boost,67.10000,86768.00000,95.53000,132.39000,4.08000
2.31000,boost,60.90000,86768.00000,95.53000,132.99000,4.08000
2.32000,boost,60.39000,86768.00000,95.53000,133.57000,4.08000
2.33000,boost,50.58000,86768.00000,95.53000,134.14000,4.08000
2.34000,boost,55.74000,86714.00000,100.63000,134.69000,4.08000
2.35000,boost,46.97000,86714.00000,100.63000,135.22000,4.08000
2.36000,boost,58.32000,86714.00000,100.63000,135.74000,4.08000
2.37000,boost,53.16000,86714.00000,100.63000,136.25000,4.08000
2.38000,boost,33.03000,86714.00000,100.63000,136.76000,4.08000
2.39000,boost,59.87000,86647.00000,106.96000,137.29000,4.08000
2.40000,boost,61.42000,86647.00000,106.96000,137.83000,4.08000
2.41000,boost,54.19000,86647.00000,106.96000,138.40000,4.08000
2.42000,boost,56.26000,86647.00000,106.96000,139.00000,4.08000
2.43000,boost,68.13000,86647.00000,106.96000,139.62000,4.08000
2.44000,boost,69.68000,86611.00000,110.36000,140.26000,4.08000
2.45000,boost,66.58000,86611.00000,110.36000,140.90000,4.08000
2.46000,boost,66.07000,86611.00000,110.36000,141.52000,4.08000
2.47000,boost,54.71000,86611.00000,110.36000,142.13000,4.08000
2.48000,boost,51.10000,86611.00000,110.36000,142.72000,4.08000
2.49000,boost,55.23000,86513.00000,119.63000,143.29000,4.08000
2.50000,boost,59.36000,86513.00000,119.63000,143.87000,4.08000
2.51000,boost,69.68000,86513.00000,119.63000,144.44000,4.08000
2.52000,boost,46.97000,86513.00000,119.63000,145.01000,4.08000
2.53000,boost,53.68000,86513.00000,119.63000,145.57000,4.08000
2.54000,boost,59.36000,86486.00000,122.18000,146.14000,4.08000
2.55000,boost,51.61000,86486.00000,122.18000,146.71000,4.08000
2.56000,boost,60.90000,86486.00000,122.18000,147.29000,4.08000
2.57000,boost,62.45000,86486.00000,122.18000,147.90000,4.08000
2.58000,boost,64.00000,86486.00000,122.18000,148.52000,4.10000
2.59000,boost,67.61000,86442.00000,126.35000,149.14000,4.10000
2.60000,boost,61.94000,86442.00000,126.35000,149.76000,4.10000
2.61000,boost,59.36000,86442.00000,126.35000,150.37000,4.10000
2.62000,boost,63.49000,86442.00000,126.35000,150.96000,4.10000
2.63000,boost,46.97000,86442.00000,126.35000,151.53000,4.10000
2.64000,boost,53.68000,86483.00000,122.47000,152.09000,4.10000
2.65000,boost,51.10000,86483.00000,122.47000,152.64000,4.10000
2.66000,boost,62.45000,86483.00000,122.47000,153.20000,4.10000
2.67000,boost,59.36000,86483.00000,122.47000,153.77000,4.10000
2.68000,boost,56.26000,86483.00000,122.47000,154.34000,4.10000
2.69000,boost,57.29000,86448.00000,125.78000,154.91000,4.10000
2.70000,boost,51.61000,86448.00000,125.78000,155.48000,4.10000
2.71000,boost,63.49000,86448.00000,125.78000,156.04000,4.10000
2.72000,boost,59.87000,86448.00000,125.78000,156.59000,4.10000
2.73000,boost,46.97000,86448.00000,125.78000,157.11000,4.10000
2.74000,boost,43.87000,86414.00000,129.00000,157.61000,4.10000
2.75000,boost,46.45000,86414.00000,129.00000,158.09000,4.10000
2.76000,boost,39.23000,86414.00000,129.00000,158.58000,4.10000
2.77000,boost,48.52000,86414.00000,129.00000,159.08000,4.10000
2.78000,boost,66.58000,86414.00000,129.00000,159.62000,4.10000
2.79000,boost,62.45000,86389.00000,131.37000,160.19000,4.10000
2.80000,boost,61.94000,86389.00000,131.37000,160.79000,4.10000
2.81000,boost,51.61000,86389.00000,131.37000,161.39000,4.10000
2.82000,boost,68.13000,86389.00000,131.37000,161.99000,4.10000
2.83000,boost,66.07000,86389.00000,131.37000,162.57000,4.10000
2.84000,boost,52.65000,86327.00000,137.24000,163.13000,4.10000
2.85000,boost,39.23000,86327.00000,137.24000,163.66000,4.10000
2.86000,boost,40.26000,86327.00000,137.24000,164.19000,4.10000
2.87000,boost,68.65000,86327.00000,137.24000,164.73000,4.10000
2.88000,boost,58.84000,86327.00000,137.24000,165.29000,4.10000
2.89000,boost,65.03000,86222.00000,147.20000,165.85000,4.10000
2.90000,boost,46.45000,86222.00000,147.20000,166.43000,4.09000
2.91000,boost,54.71000,86222.00000,147.20000,167.01000,4.09000
2.92000,boost,63.49000,86222.00000,147.20000,167.59000,4.09000
2.93000,boost,65.55000,86222.00000,147.20000,168.16000,4.09000
2.94000,boost,57.29000,86144.00000,154.60000,168.71000,4.09000
2.95000,boost,52.13000,86144.00000,154.60000,169.22000,4.09000
2.96000,boost,29.42000,86144.00000,154.60000,169.67000,4.09000
2.97000,boost,37.68000,86144.00000,154.60000,170.10000,4.09000
2.98000,boost,34.07000,86144.00000,154.60000,170.51000,4.09000
2.99000,boost,40.78000,86087.00000,160.01000,170.96000,4.09000
3.00000,boost,51.61000,86087.00000,160.01000,171.47000,4.09000
3.01000,boost,61.94000,86087.00000,160.01000,172.07000,4.09000
3.02000,boost,89.29000,86087.00000,160.01000,172.76000,4.09000
3.03000,boost,86.20000,86087.00000,160.01000,173.51000,4.09000
3.04000,boost,72.78000,86041.00000,164.38000,174.30000,4.09000
3.05000,boost,89.29000,86041.00000,164.38000,175.11000,4.09000
3.06000,boost,81.55000,86041.00000,164.38000,175.91000,4.09000
3.07000,boost,79.49000,86041.00000,164.38000,176.68000,4.09000
3.08000,boost,72.26000,86041.00000,164.38000,177.40000,4.09000
3.09000,boost,67.10000,86005.00000,167.80000,178.05000,4.09000
3.10000,boost,48.00000,86005.00000,167.80000,178.62000,4.09000
3.11000,boost,30.45000,86005.00000,167.80000,179.12000,4.09000
3.12000,boost,43.36000,86005.00000,167.80000,179.58000,4.09000
3.13000,boost,41.81000,86005.00000,167.80000,180.04000,4.09000
3.14000,boost,48.52000,85926.00000,175.32000,180.50000,4.09000
3.15000,boost,55.23000,85926.00000,175.32000,181.00000,4.09000
3.16000,boost,53.68000,85926.00000,175.32000,181.51000,4.09000
3.17000,boost,59.36000,85926.00000,175.32000,182.04000,4.09000
3.18000,boost,46.45000,85926.00000,175.32000,182.56000,4.09000
3.19000,boost,55.23000,85862.00000,181.41000,183.07000,4.09000
3.20000,boost,41.29000,85862.00000,181.41000,183.60000,4.09000
3.21000,boost,50.58000,85862.00000,181.41000,184.14000,4.09000
3.22000,boost,61.42000,85862.00000,181.41000,184.72000,4.09000
3.23000,boost,71.23000,85862.00000,181.41000,185.36000,4.09000
3.24000,boost,67.61000,85779.00000,189.31000,186.05000,4.09000
3.25000,boost,81.55000,85779.00000,189.31000,186.80000,4.09000
3.26000,boost,90.84000,85779.00000,189.31000,187.59000,4.09000
3.27000,boost,81.03000,85779.00000,189.31000,188.37000,4.09000
3.28000,boost,82.58000,85779.00000,189.31000,189.13000,4.09000
3.29000,boost,73.81000,85766.00000,190.55000,189.82000,4.09000
3.30000,boost,50.07000,85766.00000,190.55000,190.43000,4.09000
3.31000,boost,27.87000,85766.00000,190.55000,190.98000,4.09000
3.32000,boost,45.94000,85766.00000,190.55000,191.50000,4.09000
3.33000,boost,46.45000,85766.00000,190.55000,192.07000,4.09000
3.34000,boost,72.26000,85751.00000,191.98000,192.72000,4.09000
3.35000,boost,87.23000,85751.00000,191.98000,193.47000,4.09000
3.36000,boost,109.94000,85751.00000,191.98000,194.30000,4.09000
3.37000,boost,101.16000,85751.00000,191.98000,195.13000,4.09000
3.38000,boost,77.94000,85751.00000,191.98000,195.91000,4.09000
3.39000,boost,53.16000,85706.00000,196.27000,196.59000,4.09000
3.40000,boost,41.81000,85706.00000,196.27000,197.15000,4.09000
3.41000,boost,36.13000,85706.00000,196.27000,197.61000,4.09000
3.42000,boost,25.81000,85706.00000,196.27000,198.01000,4.09000
3.43000,boost,33.03000,85706.00000,196.27000,198.38000,4.09000
3.44000,boost,43.36000,85651.00000,201.51000,198.77000,4.09000
3.45000,boost,42.84000,85651.00000,201.51000,199.19000,4.09000
3.46000,boost,46.97000,85651.00000,201.51000,199.67000,4.09000
3.47000,boost,50.58000,85651.00000,201.51000,200.20000,4.09000
3.48000,boost,72.78000,85651.00000,201.51000,200.77000,4.09000
3.49000,boost,67.61000,85579.00000,208.38000,201.38000,4.09000
3.50000,boost,63.49000,85579.00000,208.38000,202.01000,4.09000
3.51000,boost,65.55000,85579.00000,208.38000,202.63000,4.09000
3.52000,boost,54.71000,85579.00000,208.38000,203.25000,4.09000
3.53000,boost,52.13000,85579.00000,208.38000,203.86000,4.09000
3.54000,boost,67.10000,85455.00000,220.22000,204.47000,4.09000
3.55000,boost,70.19000,85455.00000,220.22000,205.08000,4.09000
3.56000,boost,60.39000,85455.00000,220.22000,205.67000,4.09000
3.57000,boost,48.00000,85455.00000,220.22000,206.24000,4.09000
3.58000,boost,56.26000,85455.00000,220.22000,206.79000,4.09000
3.59000,boost,44.39000,85382.00000,227.20000,207.32000,4.09000
3.60000,boost,56.78000,85382.00000,227.20000,207.83000,4.09000
3.61000,boost,53.68000,85382.00000,227.20000,208.32000,4.09000
3.62000,boost,37.68000,85382.00000,227.20000,208.82000,4.09000
3.63000,boost,44.39000,85382.00000,227.20000,209.32000,4.09000
3.64000,boost,54.19000,85344.00000,230.83000,209.84000,4.09000
3.65000,boost,64.52000,85344.00000,230.83000,210.40000,4.09000
3.66000,boost,62.45000,85344.00000,230.83000,210.98000,4.09000
3.67000,boost,56.78000,85344.00000,230.83000,211.59000,4.09000
3.68000,boost,68.13000,85344.00000,230.83000,212.22000,4.09000
3.69000,boost,65.03000,85300.00000,235.04000,212.87000,4.09000
3.70000,boost,65.55000,85300.00000,235.04000,213.52000,4.09000
3.71000,boost,64.52000,85300.00000,235.04000,214.18000,4.09000
3.72000,boost,72.78000,85300.00000,235.04000,214.82000,4.09000
3.73000,boost,71.74000,85300.00000,235.04000,215.43000,4.09000
3.74000,boost,47.48000,85215.00000,243.18000,216.00000,4.09000
3.75000,boost,40.26000,85215.00000,243.18000,216.51000,4.09000
3.76000,boost,28.90000,85215.00000,243.18000,217.01000,4.09000
3.77000,boost,50.58000,85215.00000,243.18000,217.51000,4.09000
3.78000,boost,65.03000,85215.00000,243.18000,218.03000,4.09000
3.79000,boost,75.36000,85167.00000,247.78000,218.58000,4.09000
3.80000,boost,48.52000,85167.00000,247.78000,219.14000,4.09000
3.81000,boost,43.87000,85167.00000,247.78000,219.69000,4.09000
3.82000,boost,54.19000,85167.00000,247.78000,220.22000,4.09000
3.83000,boost,54.71000,85167.00000,247.78000,220.75000,4.09000
3.84000,boost,50.07000,85079.00000,256.21000,221.27000,4.09000
3.85000,boost,55.74000,85079.00000,256.21000,221.78000,4.09000
3.86000,boost,57.29000,85079.00000,256.21000,222.27000,4.09000
3.87000,boost,42.84000,85079.00000,256.21000,222.72000,4.09000
3.88000,boost,24.77000,85079.00000,256.21000,223.14000,4.09000
3.89000,boost,33.03000,85065.00000,257.56000,223.54000,4.09000
3.90000,boost,43.36000,85065.00000,257.56000,223.93000,4.09000
3.91000,boost,42.84000,85065.00000,257.56000,224.34000,4.09000
3.92000,boost,42.84000,85065.00000,257.56000,224.78000,4.09000
3.93000,boost,46.45000,85065.00000,257.56000,225.27000,4.09000
3.94000,boost,56.26000,84967.00000,266.96000,225.80000,4.09000
3.95000,boost,68.65000,84967.00000,266.96000,226.37000,4.09000
3.96000,boost,66.07000,84967.00000,266.96000,226.96000,4.09000
3.97000,boost,65.55000,84967.00000,266.96000,227.55000,4.09000
3.98000,boost,40.78000,84967.00000,266.96000,228.12000,4.09000
3.99000,boost,62.45000,84881.00000,275.22000,228.66000,4.09000
4.00000,boost,45.94000,84881.00000,275.22000,229.17000,4.09000
4.01000,boost,37.16000,84881.00000,275.22000,229.68000,4.09000
4.02000,boost,51.10000,84881.00000,275.22000,230.20000,4.09000
4.03000,boost,61.94000,84881.00000,275.22000,230.76000,4.09000
4.04000,boost,65.03000,84801.00000,282.91000,231.35000,4.09000
4.05000,boost,72.78000,84801.00000,282.91000,231.95000,4.09000
4.06000,boost,58.32000,84801.00000,282.91000,232.56000,4.09000
4.07000,boost,54.19000,84801.00000,282.91000,233.15000,4.09000
4.08000,boost,55.23000,84801.00000,282.91000,233.72000,4.09000
4.09000,boost,56.26000,84727.00000,290.03000,234.25000,4.09000
4.10000,boost,45.42000,84727.00000,290.03000,234.77000,4.09000
4.11000,boost,44.90000,84727.00000,290.03000,235.28000,4.09000
4.12000,boost,50.07000,84727.00000,290.03000,235.80000,4.09000
4.13000,boost,59.87000,84727.00000,290.03000,236.32000,4.09000
4.14000,boost,54.71000,84671.00000,295.42000,236.84000,4.09000
4.15000,boost,53.16000,84671.00000,295.42000,237.36000,4.09000
4.16000,boost,51.61000,84671.00000,295.42000,237.86000,4.09000
4.17000,boost,40.26000,84671.00000,295.42000,238.35000,4.09000
4.18000,boost,44.39000,84671.00000,295.42000,238.84000,4.08000
4.19000,boost,42.84000,84582.00000,303.99000,239.33000,4.08000
4.20000,boost,62.45000,84582.00000,303.99000,239.86000,4.08000
4.21000,boost,62.45000,84582.00000,303.99000,240.40000,4.08000
4.22000,boost,56.26000,84582.00000,303.99000,240.97000,4.08000
4.23000,boost,55.23000,84582.00000,303.99000,241.55000,4.08000
4.24000,boost,55.74000,84532.00000,308.81000,242.13000,4.08000
4.25000,boost,65.03000,84532.00000,308.81000,242.70000,4.08000
4.26000,boost,56.78000,84532.00000,308.81000,243.28000,4.08000
4.27000,boost,53.68000,84532.00000,308.81000,243.86000,4.08000
4.28000,boost,50.58000,84532.00000,308.81000,244.44000,4.08000
4.29000,boost,69.16000,84451.00000,316.62000,245.02000,4.08000
4.30000,boost,65.55000,84451.00000,316.62000,245.58000,4.08000
4.31000,boost,49.03000,84451.00000,316.62000,246.14000,4.08000
4.32000,boost,42.84000,84451.00000,316.62000,246.67000,4.08000
4.33000,boost,50.07000,84451.00000,316.62000,247.19000,4.08000
4.34000,boost,58.32000,84401.00000,321.44000,247.71000,4.08000
4.35000,boost,49.55000,84401.00000,321.44000,248.23000,4.08000
4.36000,boost,50.07000,84401.00000,321.44000,248.76000,4.08000
4.37000,boost,58.84000,84401.00000,321.44000,249.30000,4.08000
4.38000,boost,49.55000,84401.00000,321.44000,249.85000,4.08000
4.39000,boost,60.39000,84280.00000,333.13000,250.41000,4.08000
4.40000,boost,67.61000,84280.00000,333.13000,250.97000,4.08000
4.41000,boost,48.00000,84280.00000,333.13000,251.53000,4.08000
4.42000,boost,52.65000,84280.00000,333.13000,252.08000,4.08000
4.43000,boost,51.10000,84280.00000,333.13000,252.63000,4.08000
4.44000,boost,53.16000,84209.00000,339.99000,253.18000,4.08000
4.45000,boost,62.45000,84209.00000,339.99000,253.73000,4.08000
4.46000,boost,57.81000,84209.00000,339.99000,254.28000,4.08000
4.47000,boost,52.13000,84209.00000,339.99000,254.84000,4.08000
4.48000,boost,53.16000,84209.00000,339.99000,255.40000,4.08000
4.49000,boost,55.74000,84089.00000,351.60000,255.96000,4.08000
4.50000,boost,61.42000,84089.00000,351.60000,256.51000,4.09000
4.51000,boost,53.16000,84089.00000,351.60000,257.06000,4.09000
4.52000,boost,49.55000,84089.00000,351.60000,257.61000,4.09000
4.53000,boost,60.39000,84089.00000,351.60000,258.15000,4.09000
4.54000,boost,56.78000,84036.00000,356.73000,258.68000,4.09000
4.55000,boost,35.10000,84036.00000,356.73000,259.21000,4.09000
4.56000,boost,56.78000,84036.00000,356.73000,259.75000,4.09000
4.57000,boost,64.52000,84036.00000,356.73000,260.29000,4.09000
4.58000,boost,60.90000,84036.00000,356.73000,260.83000,4.09000
4.59000,boost,43.87000,83993.00000,360.90000,261.38000,4.09000
4.60000,boost,49.55000,83993.00000,360.90000,261.92000,4.09000
4.61000,boost,59.36000,83993.00000,360.90000,262.45000,4.09000
4.62000,boost,56.26000,83993.00000,360.90000,262.99000,4.09000
4.63000,boost,47.48000,83993.00000,360.90000,263.54000,4.09000
4.64000,boost,56.78000,83930.00000,367.01000,264.10000,4.09000
4.65000,boost,71.23000,83930.00000,367.01000,264.66000,4.09000
4.66000,boost,42.84000,83930.00000,367.01000,265.22000,4.09000
4.67000,boost,58.84000,83930.00000,367.01000,265.78000,4.09000
4.68000,boost,57.29000,83930.00000,367.01000,266.34000,4.09000
4.69000,boost,52.13000,83848.00000,374.96000,266.90000,4.09000
4.70000,boost,56.78000,83848.00000,374.96000,267.45000,4.09000
4.71000,boost,59.36000,83848.00000,374.96000,267.99000,4.09000
4.72000,boost,53.16000,83848.00000,374.96000,268.53000,4.09000
4.73000,boost,45.94000,83848.00000,374.96000,269.06000,4.09000
4.74000,boost,49.55000,83738.00000,385.64000,269.57000,4.09000
4.75000,boost,54.71000,83738.00000,385.64000,270.09000,4.09000
4.76000,boost,51.61000,83738.00000,385.64000,270.60000,4.09000
4.77000,boost,49.55000,83738.00000,385.64000,271.11000,4.09000
4.78000,boost,53.16000,83738.00000,385.64000,271.62000,4.09000
4.79000,boost,43.87000,83629.00000,396.23000,272.13000,4.09000
4.80000,boost,59.87000,83629.00000,396.23000,272.65000,4.09000
4.81000,boost,46.45000,83629.00000,396.23000,273.17000,4.09000
4.82000,boost,57.29000,83629.00000,396.23000,273.69000,4.09000
4.83000,boost,50.58000,83629.00000,396.23000,274.21000,4.09000
4.84000,boost,58.84000,83535.00000,405.38000,274.72000,4.09000
4.85000,boost,42.84000,83535.00000,405.38000,275.23000,4.09000
4.86000,boost,40.78000,83535.00000,405.38000,275.73000,4.09000
4.87000,boost,57.81000,83535.00000,405.38000,276.24000,4.09000
4.88000,boost,44.90000,83535.00000,405.38000,276.78000,4.09000
4.89000,boost,71.74000,83445.00000,414.14000,277.34000,4.09000
4.90000,boost,64.52000,83445.00000,414.14000,277.91000,4.09000
4.91000,boost,47.48000,83445.00000,414.14000,278.48000,4.09000
4.92000,boost,54.19000,83445.00000,414.14000,279.05000,4.09000
4.93000,boost,61.42000,83445.00000,414.14000,279.62000,4.09000
4.94000,boost,51.61000,83382.00000,420.28000,280.18000,4.09000
4.95000,boost,57.81000,83382.00000,420.28000,280.76000,4.09000
4.96000,boost,62.97000,83382.00000,420.28000,281.33000,4.09000
4.97000,boost,56.78000,83382.00000,420.28000,281.91000,4.09000
4.98000,boost,62.45000,83382.00000,420.28000,282.49000,4.09000
4.99000,boost,50.07000,83338.00000,424.57000,283.06000,4.09000
5.00000,boost,54.19000,83338.00000,424.57000,283.62000,4.09000
5.01000,boost,59.36000,83338.00000,424.57000,284.17000,4.09000
5.02000,boost,61.42000,83338.00000,424.57000,284.70000,4.09000
5.03000,boost,37.16000,83338.00000,424.57000,285.22000,4.09000
5.04000,boost,51.61000,83282.00000,430.03000,285.72000,4.09000
5.05000,boost,49.55000,83282.00000,430.03000,286.22000,4.09000
5.06000,boost,45.42000,83282.00000,430.03000,286.72000,4.09000
5.07000,boost,50.58000,83282.00000,430.03000,287.23000,4.09000
5.08000,boost,59.36000,83282.00000,430.03000,287.76000,4.09000
5.09000,boost,54.19000,83205.00000,437.55000,288.29000,4.09000
5.10000,boost,59.87000,83205.00000,437.55000,288.83000,4.09000
5.11000,boost,49.03000,83205.00000,437.55000,289.36000,4.09000
5.12000,boost,45.94000,83205.00000,437.55000,289.87000,4.09000
5.13000,boost,51.61000,83205.00000,437.55000,290.38000,4.09000
5.14000,boost,46.97000,83132.00000,444.68000,290.90000,4.09000
5.15000,boost,57.81000,83132.00000,444.68000,291.41000,4.09000
5.16000,boost,58.84000,83132.00000,444.68000,291.92000,4.09000
5.17000,boost,45.42000,83132.00000,444.68000,292.43000,4.09000
5.18000,boost,41.81000,83132.00000,444.68000,292.91000,4.09000
5.19000,boost,50.07000,82998.00000,457.78000,293.39000,4.09000
5.20000,boost,41.29000,82998.00000,457.78000,293.87000,4.09000
5.21000,boost,55.74000,82998.00000,457.78000,294.36000,4.09000
5.22000,boost,48.00000,82998.00000,457.78000,294.86000,4.09000
5.23000,boost,54.71000,82998.00000,457.78000,295.36000,4.09000
5.24000,boost,48.00000,82906.00000,466.78000,295.87000,4.09000
5.25000,boost,52.65000,82906.00000,466.78000,296.38000,4.09000
5.26000,boost,51.61000,82906.00000,466.78000,296.89000,4.09000
5.27000,boost,51.10000,82906.00000,466.78000,297.39000,4.09000
5.28000,boost,49.55000,82906.00000,466.78000,297.88000,4.09000
5.29000,boost,44.90000,82834.00000,473.84000,298.36000,4.09000
5.30000,boost,38.19000,82834.00000,473.84000,298.84000,4.09000
5.31000,boost,58.84000,82834.00000,473.84000,299.33000,4.09000
5.32000,boost,46.97000,82834.00000,473.84000,299.82000,4.09000
5.33000,boost,54.71000,82834.00000,473.84000,300.32000,4.09000
5.34000,boost,39.74000,82739.00000,483.15000,300.82000,4.09000
5.35000,boost,67.61000,82739.00000,483.15000,301.32000,4.09000
5.36000,boost,36.65000,82739.00000,483.15000,301.81000,4.09000
5.37000,boost,45.94000,82739.00000,483.15000,302.31000,4.09000
5.38000,boost,57.29000,82739.00000,483.15000,302.82000,4.09000
5.39000,boost,41.29000,82654.00000,491.49000,303.35000,4.09000
5.40000,boost,79.49000,82654.00000,491.49000,303.88000,4.09000
5.41000,boost,40.78000,82654.00000,491.49000,304.41000,4.09000
5.42000,boost,55.74000,82654.00000,491.49000,304.94000,4.09000
5.43000,boost,47.48000,82654.00000,491.49000,305.45000,4.09000
5.44000,boost,39.74000,82610.00000,495.81000,305.94000,4.09000
5.45000,boost,66.58000,82610.00000,495.81000,306.42000,4.09000
5.46000,boost,34.07000,82610.00000,495.81000,306.90000,4.09000
5.47000,boost,39.23000,82610.00000,495.81000,307.38000,4.09000
5.48000,boost,59.36000,82610.00000,495.81000,307.88000,4.09000
5.49000,boost,50.58000,82556.00000,501.12000,308.39000,4.09000
5.50000,boost,57.81000,82556.00000,501.12000,308.92000,4.09000
5.51000,boost,51.10000,82556.00000,501.12000,309.46000,4.09000
5.52000,boost,65.03000,82556.00000,501.12000,310.00000,4.09000
5.53000,boost,41.81000,82556.00000,501.12000,310.53000,4.09000
5.54000,boost,56.78000,82435.00000,513.01000,311.06000,4.09000
5.55000,boost,48.52000,82435.00000,513.01000,311.58000,4.09000
5.56000,boost,46.45000,82435.00000,513.01000,312.10000,4.09000
5.57000,boost,68.65000,82435.00000,513.01000,312.63000,4.09000
5.58000,boost,42.84000,82435.00000,513.01000,313.16000,4.09000
5.59000,boost,57.29000,82327.00000,523.64000,313.70000,4.09000
5.60000,boost,49.03000,82327.00000,523.64000,314.23000,4.09000
5.61000,boost,57.29000,82327.00000,523.64000,314.76000,4.09000
5.62000,boost,45.94000,82327.00000,523.64000,315.29000,4.09000
5.63000,boost,68.13000,82327.00000,523.64000,315.80000,4.09000
5.64000,boost,40.78000,82272.00000,529.06000,316.30000,4.09000
5.65000,boost,48.00000,82272.00000,529.06000,316.78000,4.09000
5.66000,boost,36.13000,82272.00000,529.06000,317.24000,4.09000
5.67000,boost,46.45000,82272.00000,529.06000,317.69000,4.09000
5.68000,boost,47.48000,82272.00000,529.06000,318.15000,4.09000
5.69000,boost,46.45000,82256.00000,530.64000,318.60000,4.09000
5.70000,boost,38.71000,82256.00000,530.64000,319.08000,4.09000
5.71000,boost,62.45000,82256.00000,530.64000,319.56000,4.09000
5.72000,boost,49.03000,82256.00000,530.64000,320.04000,4.09000
5.73000,boost,34.07000,82256.00000,530.64000,320.53000,4.09000
5.74000,boost,64.52000,82196.00000,536.55000,321.01000,4.09000
5.75000,boost,40.26000,82196.00000,536.55000,321.49000,4.09000
5.76000,boost,45.94000,82196.00000,536.55000,321.96000,4.09000
5.77000,boost,45.94000,82196.00000,536.55000,322.44000,4.09000
5.78000,boost,54.19000,82196.00000,536.55000,322.92000,4.09000
5.79000,boost,49.03000,82089.00000,547.11000,323.39000,4.09000
5.80000,boost,38.19000,82089.00000,547.11000,323.87000,4.09000
5.81000,boost,50.07000,82089.00000,547.11000,324.35000,4.09000
5.82000,boost,46.97000,82089.00000,547.11000,324.84000,4.09000
5.83000,boost,65.55000,82089.00000,547.11000,325.35000,4.09000
5.84000,boost,32.00000,82028.00000,553.13000,325.86000,4.09000
5.85000,boost,74.32000,82028.00000,553.13000,326.36000,4.09000
5.86000,boost,44.39000,82028.00000,553.13000,326.84000,4.09000
5.87000,boost,26.84000,82028.00000,553.13000,327.31000,4.09000
5.88000,boost,48.52000,82028.00000,553.13000,327.77000,4.09000
5.89000,boost,54.19000,82159.00000,540.20000,328.24000,4.09000
5.90000,boost,35.61000,82159.00000,540.20000,328.73000,4.09000
5.91000,boost,67.10000,82159.00000,540.20000,329.24000,4.09000
5.92000,boost,66.07000,82159.00000,540.20000,329.76000,4.09000
5.93000,boost,24.77000,82159.00000,540.20000,330.28000,4.09000
5.94000,boost,69.16000,82062.00000,549.78000,330.80000,4.09000
5.95000,boost,40.78000,82062.00000,549.78000,331.32000,4.09000
5.96000,boost,41.29000,82062.00000,549.78000,331.87000,4.09000
5.97000,boost,93.94000,82062.00000,549.78000,332.43000,4.09000
5.98000,boost,46.45000,82062.00000,549.78000,333.00000,4.09000
5.99000,boost,53.16000,81729.00000,582.71000,333.55000,4.09000
6.00000,boost,58.84000,81729.00000,582.71000,334.08000,4.09000
6.01000,boost,35.10000,81729.00000,582.71000,334.59000,4.09000
6.02000,boost,33.03000,81729.00000,582.71000,335.09000,4.09000
6.03000,boost,85.68000,81729.00000,582.71000,335.59000,4.09000
6.04000,boost,31.48000,81508.00000,604.63000,336.11000,4.09000
6.05000,boost,55.74000,81508.00000,604.63000,336.63000,4.09000
6.06000,boost,60.39000,81508.00000,604.63000,337.17000,4.09000
6.07000,boost,42.32000,81508.00000,604.63000,337.71000,4.09000
6.08000,boost,68.13000,81508.00000,604.63000,338.26000,4.09000
6.09000,boost,57.81000,81422.00000,613.17000,338.81000,4.09000
6.10000,boost,42.32000,81422.00000,613.17000,339.36000,4.10000
6.11000,boost,63.49000,81422.00000,613.17000,339.91000,4.10000
6.12000,boost,50.07000,81422.00000,613.17000,340.45000,4.10000
6.13000,boost,51.61000,81422.00000,613.17000,340.97000,4.10000
6.14000,boost,65.55000,81286.00000,626.69000,341.48000,4.10000
6.15000,boost,33.03000,81286.00000,626.69000,341.97000,4.10000
6.16000,boost,33.03000,81286.00000,626.69000,342.46000,4.10000
6.17000,boost,68.65000,81286.00000,626.69000,342.95000,4.10000
6.18000,boost,50.07000,81286.00000,626.69000,343.46000,4.10000
6.19000,boost,38.71000,81068.00000,648.41000,343.97000,4.10000
6.20000,boost,78.97000,81068.00000,648.41000,344.49000,4.10000
6.21000,boost,33.03000,81068.00000,648.41000,345.01000,4.10000
6.22000,boost,49.55000,81068.00000,648.41000,345.52000,4.10000
6.23000,boost,59.87000,81068.00000,648.41000,346.03000,4.10000
6.24000,boost,35.10000,80884.00000,666.77000,346.54000,4.10000
6.25000,boost,61.94000,80884.00000,666.77000,347.07000,4.10000
6.26000,boost,69.68000,80884.00000,666.77000,347.60000,4.10000
6.27000,boost,28.39000,80884.00000,666.77000,348.13000,4.10000
6.28000,boost,64.52000,80884.00000,666.77000,348.66000,4.10000
6.29000,boost,68.65000,80719.00000,683.27000,349.19000,4.10000
6.30000,boost,24.77000,80719.00000,683.27000,349.71000,4.10000
6.31000,boost,54.71000,80719.00000,683.27000,350.23000,4.10000
6.32000,boost,69.16000,80719.00000,683.27000,350.76000,4.10000
6.33000,boost,43.87000,80719.00000,683.27000,351.29000,4.10000
6.34000,boost,48.00000,80634.00000,691.78000,351.83000,4.10000
6.35000,boost,70.19000,80634.00000,691.78000,352.38000,4.10000
6.36000,boost,50.58000,80634.00000,691.78000,352.94000,4.10000
6.37000,boost,41.81000,80634.00000,691.78000,353.49000,4.10000
6.38000,boost,83.61000,80634.00000,691.78000,354.05000,4.10000
6.39000,boost,30.97000,80491.00000,706.11000,354.60000,4.10000
6.40000,boost,65.03000,80491.00000,706.11000,355.15000,4.10000
6.41000,boost,60.39000,80491.00000,706.11000,355.69000,4.10000
6.42000,boost,39.74000,80491.00000,706.11000,356.23000,4.08000
6.43000,boost,52.13000,80491.00000,706.11000,356.77000,4.08000
6.44000,boost,70.19000,80294.00000,725.89000,357.31000,4.08000
6.45000,boost,43.87000,80294.00000,725.89000,357.84000,4.08000
6.46000,boost,46.45000,80294.00000,725.89000,358.38000,4.08000
6.47000,boost,72.78000,80294.00000,725.89000,358.92000,4.08000
6.48000,boost,38.19000,80294.00000,725.89000,359.45000,4.08000
6.49000,boost,48.52000,80120.00000,743.39000,359.98000,4.08000
6.50000,boost,70.71000,80120.00000,743.39000,360.50000,4.08000
6.51000,boost,37.68000,80120.00000,743.39000,361.02000,4.08000
6.52000,boost,55.23000,80120.00000,743.39000,361.53000,4.08000
6.53000,boost,56.78000,80120.00000,743.39000,362.03000,4.08000
6.54000,boost,32.52000,79813.00000,774.35000,362.52000,4.08000
6.55000,boost,55.74000,79813.00000,774.35000,363.00000,4.08000
6.56000,boost,45.94000,79813.00000,774.35000,363.48000,4.08000
6.57000,boost,39.23000,79813.00000,774.35000,363.97000,4.08000
6.58000,boost,69.68000,79813.00000,774.35000,364.46000,4.08000
6.59000,boost,41.29000,79584.00000,797.50000,364.96000,4.08000
6.60000,boost,45.42000,79584.00000,797.50000,365.45000,4.08000
6.61000,boost,58.84000,79584.00000,797.50000,365.93000,4.08000
6.62000,boost,30.45000,79584.00000,797.50000,366.40000,4.08000
6.63000,boost,59.87000,79584.00000,797.50000,366.87000,4.08000
6.64000,boost,38.19000,79428.00000,813.30000,367.34000,4.08000
6.65000,boost,44.90000,79428.00000,813.30000,367.80000,4.08000
6.66000,boost,64.52000,79428.00000,813.30000,368.26000,4.08000
6.67000,boost,29.42000,79428.00000,813.30000,368.71000,4.08000
6.68000,boost,32.52000,79428.00000,813.30000,369.15000,4.08000
6.69000,boost,64.00000,79252.00000,831.16000,369.59000,4.08000
6.70000,boost,35.61000,79252.00000,831.16000,370.02000,4.08000
6.71000,boost,37.16000,79252.00000,831.16000,370.44000,4.08000
6.72000,boost,53.68000,79252.00000,831.16000,370.86000,4.08000
6.73000,boost,29.42000,79252.00000,831.16000,371.27000,4.08000
6.74000,boost,29.42000,79153.00000,841.22000,371.67000,4.10000
6.75000,boost,59.87000,79153.00000,841.22000,372.09000,4.10000
6.76000,boost,33.55000,79153.00000,841.22000,372.53000,4.10000
6.77000,boost,53.16000,79153.00000,841.22000,372.97000,4.10000
6.78000,boost,49.55000,79153.00000,841.22000,373.43000,4.10000
6.79000,boost,34.58000,78679.00000,889.53000,373.88000,4.10000
6.80000,boost,54.19000,78679.00000,889.53000,374.32000,4.10000
6.81000,boost,43.36000,78679.00000,889.53000,374.76000,4.10000
6.82000,boost,23.74000,78679.00000,889.53000,375.19000,4.10000
6.83000,boost,66.07000,78679.00000,889.53000,375.64000,4.10000
6.84000,boost,27.87000,78273.00000,931.10000,376.09000,4.10000
6.85000,boost,61.94000,78273.00000,931.10000,376.54000,4.10000
6.86000,boost,44.90000,78273.00000,931.10000,377.01000,4.10000
6.87000,boost,38.71000,78273.00000,931.10000,377.48000,4.10000
6.88000,boost,49.55000,78273.00000,931.10000,377.95000,4.10000
6.89000,boost,59.36000,78039.00000,955.13000,378.41000,4.10000
6.90000,boost,29.94000,78039.00000,955.13000,378.87000,4.10000
6.91000,boost,53.68000,78039.00000,955.13000,379.32000,4.10000
6.92000,boost,42.84000,78039.00000,955.13000,379.76000,4.10000
6.93000,boost,27.87000,78039.00000,955.13000,380.20000,4.10000
6.94000,boost,64.52000,77923.00000,967.07000,380.63000,4.10000
6.95000,boost,30.97000,77923.00000,967.07000,381.07000,4.10000
6.96000,boost,43.36000,77923.00000,967.07000,381.50000,4.10000
6.97000,boost,57.29000,77923.00000,967.07000,381.94000,4.10000
6.98000,boost,26.84000,77923.00000,967.07000,382.37000,4.10000
6.99000,boost,43.36000,77823.00000,977.37000,382.79000,4.10000
7.00000,boost,58.84000,77823.00000,977.37000,383.21000,4.10000
7.01000,boost,22.71000,77823.00000,977.37000,383.64000,4.10000
7.02000,boost,38.19000,77823.00000,977.37000,384.06000,4.10000
7.03000,boost,65.03000,77823.00000,977.37000,384.50000,4.10000
7.04000,boost,41.29000,77743.00000,985.62000,384.95000,4.10000
7.05000,boost,25.29000,77743.00000,985.62000,385.41000,4.10000
7.06000,boost,73.81000,77743.00000,985.62000,385.87000,4.10000
7.07000,boost,39.74000,77743.00000,985.62000,386.33000,4.10000
7.08000,boost,27.36000,77743.00000,985.62000,386.80000,4.10000
7.09000,boost,58.84000,77582.00000,1002.24000,387.27000,4.10000
7.10000,boost,70.19000,77582.00000,1002.24000,387.75000,4.10000
7.11000,boost,21.68000,77582.00000,1002.24000,388.21000,4.10000
7.12000,boost,55.23000,77582.00000,1002.24000,388.67000,4.10000
7.13000,boost,45.94000,77582.00000,1002.24000,389.10000,4.10000
7.14000,boost,18.58000,77428.00000,1018.17000,389.53000,4.10000
7.15000,boost,56.26000,77428.00000,1018.17000,389.96000,4.10000
7.16000,boost,59.87000,77428.00000,1018.17000,390.39000,4.10000
7.17000,boost,28.90000,77428.00000,1018.17000,390.82000,4.10000
7.18000,boost,30.45000,77428.00000,1018.17000,391.25000,4.10000
7.19000,boost,61.42000,77280.00000,1033.50000,391.69000,4.10000
7.20000,boost,43.87000,77280.00000,1033.50000,392.12000,4.10000
7.21000,boost,29.94000,77280.00000,1033.50000,392.54000,4.10000
7.22000,boost,52.13000,77280.00000,1033.50000,392.97000,4.10000
7.23000,boost,44.90000,77280.00000,1033.50000,393.39000,4.10000
7.24000,boost,22.19000,77103.00000,1051.86000,393.82000,4.10000
7.25000,boost,55.74000,77103.00000,1051.86000,394.27000,4.10000
7.26000,boost,61.94000,77103.00000,1051.86000,394.71000,4.10000
7.27000,boost,32.00000,77103.00000,1051.86000,395.16000,4.10000
7.28000,boost,46.45000,77103.00000,1051.86000,395.60000,4.10000
7.29000,boost,42.84000,76967.00000,1066.00000,396.04000,4.10000
7.30000,boost,33.03000,76967.00000,1066.00000,396.46000,4.10000
7.31000,boost,49.03000,76967.00000,1066.00000,396.89000,4.10000
7.32000,boost,46.97000,76967.00000,1066.00000,397.31000,4.10000
7.33000,boost,38.71000,76967.00000,1066.00000,397.73000,4.10000
7.34000,boost,38.71000,76791.00000,1084.32000,398.14000,4.10000
7.35000,boost,42.84000,76791.00000,1084.32000,398.55000,4.10000
7.36000,boost,38.19000,76791.00000,1084.32000,398.96000,4.10000
7.37000,boost,37.68000,76791.00000,1084.32000,399.37000,4.10000
7.38000,boost,44.90000,76791.00000,1084.32000,399.79000,4.10000
7.39000,boost,49.03000,76617.00000,1102.47000,400.23000,4.10000
7.40000,boost,42.84000,76617.00000,1102.47000,400.66000,4.10000
7.41000,boost,39.74000,76617.00000,1102.47000,401.10000,4.10000
7.42000,boost,50.07000,76617.00000,1102.47000,401.54000,4.10000
7.43000,boost,42.84000,76617.00000,1102.47000,401.97000,4.10000
7.44000,boost,38.19000,76471.00000,1117.72000,402.39000,4.10000
7.45000,boost,42.84000,76471.00000,1117.72000,402.79000,4.10000
7.46000,boost,32.00000,76471.00000,1117.72000,403.19000,4.10000
7.47000,boost,42.32000,76471.00000,1117.72000,403.60000,4.10000
7.48000,boost,37.68000,76471.00000,1117.72000,404.01000,4.10000
7.49000,boost,49.03000,76302.00000,1135.40000,404.44000,4.10000
7.50000,boost,46.97000,76302.00000,1135.40000,404.88000,4.10000
7.51000,boost,42.32000,76302.00000,1135.40000,405.33000,4.10000
7.52000,boost,49.03000,76302.00000,1135.40000,405.79000,4.10000
7.53000,boost,46.45000,76302.00000,1135.40000,406.26000,4.10000
7.54000,boost,44.90000,76135.00000,1152.91000,406.73000,4.10000
7.55000,boost,49.03000,76135.00000,1152.91000,407.20000,4.10000
7.56000,boost,56.26000,76135.00000,1152.91000,407.67000,4.10000
7.57000,boost,39.74000,76135.00000,1152.91000,408.12000,4.10000
7.58000,boost,35.61000,76135.00000,1152.91000,408.56000,4.10000
7.59000,boost,50.07000,75927.00000,1174.76000,408.98000,4.10000
7.60000,boost,30.45000,75927.00000,1174.76000,409.40000,4.10000
7.61000,boost,39.23000,75927.00000,1174.76000,409.82000,4.10000
7.62000,boost,55.23000,75927.00000,1174.76000,410.26000,4.10000
7.63000,boost,48.52000,75927.00000,1174.76000,410.71000,4.10000
7.64000,boost,42.32000,75769.00000,1191.38000,411.16000,4.10000
7.65000,boost,43.87000,75769.00000,1191.38000,411.62000,4.10000
7.66000,boost,39.74000,75769.00000,1191.38000,412.08000,4.10000
7.67000,boost,51.10000,75769.00000,1191.38000,412.54000,4.10000
7.68000,boost,51.10000,75769.00000,1191.38000,413.00000,4.10000
7.69000,boost,49.03000,75634.00000,1205.61000,413.47000,4.10000
7.70000,boost,41.81000,75634.00000,1205.61000,413.92000,4.09000
7.71000,boost,44.90000,75634.00000,1205.61000,414.36000,4.09000
7.72000,boost,34.07000,75634.00000,1205.61000,414.79000,4.09000
7.73000,boost,45.94000,75634.00000,1205.61000,415.22000,4.09000
7.74000,boost,45.42000,75449.00000,1225.15000,415.65000,4.09000
7.75000,boost,41.29000,75449.00000,1225.15000,416.08000,4.09000
7.76000,boost,48.00000,75449.00000,1225.15000,416.51000,4.09000
7.77000,boost,34.58000,75449.00000,1225.15000,416.94000,4.09000
7.78000,boost,48.00000,75449.00000,1225.15000,417.37000,4.09000
7.79000,boost,46.97000,75284.00000,1242.60000,417.79000,4.09000
7.80000,boost,29.42000,75284.00000,1242.60000,418.23000,4.09000
7.81000,boost,46.97000,75284.00000,1242.60000,418.67000,4.09000
7.82000,boost,56.78000,75284.00000,1242.60000,419.12000,4.09000
7.83000,boost,47.48000,75284.00000,1242.60000,419.58000,4.09000
7.84000,boost,36.13000,75079.00000,1264.33000,420.03000,4.09000
7.85000,boost,49.55000,75079.00000,1264.33000,420.48000,4.09000
7.86000,boost,44.39000,75079.00000,1264.33000,420.91000,4.09000
7.87000,boost,33.03000,75079.00000,1264.33000,421.34000,4.09000
7.88000,boost,45.94000,75079.00000,1264.33000,421.77000,4.09000
7.89000,boost,50.07000,74925.00000,1280.69000,422.20000,4.09000
7.90000,boost,41.81000,74925.00000,1280.69000,422.63000,4.09000
7.91000,boost,36.65000,74925.00000,1280.69000,423.06000,4.09000
7.92000,boost,39.74000,74925.00000,1280.69000,423.50000,4.09000
7.93000,boost,52.65000,74925.00000,1280.69000,423.94000,4.09000
7.94000,boost,48.00000,74788.00000,1295.26000,424.39000,4.09000
7.95000,boost,42.84000,74788.00000,1295.26000,424.84000,4.09000
7.96000,boost,45.94000,74788.00000,1295.26000,425.30000,4.09000
7.97000,boost,39.74000,74788.00000,1295.26000,425.75000,4.09000
7.98000,boost,49.55000,74788.00000,1295.26000,426.19000,4.09000
7.99000,boost,44.39000,74668.00000,1308.04000,426.64000,4.09000
8.00000,boost,41.81000,74668.00000,1308.04000,427.10000,4.09000
8.01000,boost,52.13000,74668.00000,1308.04000,427.55000,4.09000
8.02000,boost,43.36000,74668.00000,1308.04000,428.00000,4.09000
8.03000,boost,37.16000,74668.00000,1308.04000,428.44000,4.09000
8.04000,boost,50.07000,74502.00000,1325.75000,428.89000,4.09000
8.05000,boost,45.94000,74502.00000,1325.75000,429.33000,4.09000
8.06000,boost,38.19000,74502.00000,1325.75000,429.79000,4.09000
8.07000,boost,46.45000,74502.00000,1325.75000,430.25000,4.09000
8.08000,boost,55.23000,74502.00000,1325.75000,430.74000,4.09000
8.09000,boost,51.61000,74360.00000,1340.92000,431.24000,4.09000
8.10000,boost,50.07000,74360.00000,1340.92000,431.74000,4.09000
8.11000,boost,51.61000,74360.00000,1340.92000,432.25000,4.09000
8.12000,boost,55.23000,74360.00000,1340.92000,432.76000,4.09000
8.13000,boost,45.42000,74360.00000,1340.92000,433.26000,4.09000
8.14000,boost,46.97000,74268.00000,1350.77000,433.75000,4.09000
8.15000,boost,45.94000,74268.00000,1350.77000,434.25000,4.09000
8.16000,boost,57.81000,74268.00000,1350.77000,434.74000,4.09000
8.17000,boost,46.97000,74268.00000,1350.77000,435.23000,4.09000
8.18000,boost,47.48000,74268.00000,1350.77000,435.73000,4.09000
8.19000,boost,50.07000,74163.00000,1362.01000,436.24000,4.09000
8.20000,boost,46.97000,74163.00000,1362.01000,436.75000,4.09000
8.21000,boost,59.36000,74163.00000,1362.01000,437.29000,4.09000
8.22000,boost,59.36000,74163.00000,1362.01000,437.85000,4.09000
8.23000,boost,55.23000,74163.00000,1362.01000,438.42000,4.09000
8.24000,boost,67.61000,73975.00000,1382.18000,439.01000,4.09000
8.25000,boost,50.58000,73975.00000,1382.18000,439.59000,4.09000
8.26000,boost,64.52000,73975.00000,1382.18000,440.18000,4.09000
8.27000,boost,54.71000,73975.00000,1382.18000,440.76000,4.09000
8.28000,boost,57.81000,73975.00000,1382.18000,441.33000,4.09000
8.29000,boost,55.23000,73767.00000,1404.55000,441.89000,4.09000
8.30000,boost,53.16000,73767.00000,1404.55000,442.45000,4.09000
8.31000,boost,60.39000,73767.00000,1404.55000,443.01000,4.09000
8.32000,boost,52.13000,73767.00000,1404.55000,443.57000,4.09000
8.33000,boost,53.16000,73767.00000,1404.55000,444.12000,4.09000
8.34000,boost,60.90000,73593.00000,1423.29000,444.68000,4.10000
8.35000,boost,53.16000,73593.00000,1423.29000,445.25000,4.10000
8.36000,boost,57.81000,73593.00000,1423.29000,445.82000,4.10000
8.37000,boost,58.32000,73593.00000,1423.29000,446.39000,4.10000
8.38000,boost,59.36000,73593.00000,1423.29000,446.97000,4.10000
8.39000,boost,61.94000,73409.00000,1443.16000,447.55000,4.10000
8.40000,boost,52.13000,73409.00000,1443.16000,448.13000,4.10000
8.41000,boost,57.29000,73409.00000,1443.16000,448.70000,4.10000
8.42000,boost,57.81000,73409.00000,1443.16000,449.27000,4.10000
8.43000,boost,57.81000,73409.00000,1443.16000,449.84000,4.10000
8.44000,boost,49.55000,73262.00000,1459.06000,450.41000,4.10000
8.45000,boost,64.00000,73262.00000,1459.06000,450.99000,4.10000
8.46000,boost,60.90000,73262.00000,1459.06000,451.58000,4.10000
8.47000,boost,62.97000,73262.00000,1459.06000,452.17000,4.10000
8.48000,boost,55.74000,73262.00000,1459.06000,452.76000,4.10000
8.49000,boost,53.68000,73113.00000,1475.20000,453.34000,4.10000
8.50000,boost,58.84000,73113.00000,1475.20000,453.91000,4.10000
8.51000,boost,60.90000,73113.00000,1475.20000,454.49000,4.10000
8.52000,boost,52.65000,73113.00000,1475.20000,455.06000,4.10000
8.53000,boost,60.90000,73113.00000,1475.20000,455.63000,4.10000
8.54000,boost,54.71000,73069.00000,1479.97000,456.21000,4.10000
8.55000,boost,59.87000,73069.00000,1479.97000,456.78000,4.10000
8.56000,boost,49.03000,73069.00000,1479.97000,457.36000,4.10000
8.57000,boost,70.19000,73069.00000,1479.97000,457.94000,4.10000
8.58000,boost,51.61000,73069.00000,1479.97000,458.52000,4.10000
8.59000,boost,61.94000,73385.00000,1445.75000,459.10000,4.10000
8.60000,boost,58.84000,73385.00000,1445.75000,459.68000,4.10000
8.61000,boost,49.55000,73385.00000,1445.75000,460.26000,4.10000
8.62000,boost,63.49000,73385.00000,1445.75000,460.83000,4.10000
8.63000,boost,56.26000,73385.00000,1445.75000,461.41000,4.10000
8.64000,boost,62.45000,73750.00000,1406.38000,461.98000,4.10000
8.65000,boost,51.10000,73750.00000,1406.38000,462.55000,4.10000
8.66000,boost,53.16000,73750.00000,1406.38000,463.12000,4.09000
8.67000,boost,67.10000,73750.00000,1406.38000,463.69000,4.09000
8.68000,boost,48.00000,73750.00000,1406.38000,464.25000,4.09000
8.69000,boost,57.81000,74054.00000,1373.70000,464.81000,4.09000
8.70000,boost,56.78000,74054.00000,1373.70000,465.37000,4.09000
8.71000,boost,56.26000,74054.00000,1373.70000,465.92000,4.09000
8.72000,boost,54.71000,74054.00000,1373.70000,466.47000,4.09000
8.73000,boost,53.68000,74054.00000,1373.70000,467.02000,4.09000
8.74000,boost,47.48000,74320.00000,1345.20000,467.56000,4.09000
8.75000,boost,65.55000,74320.00000,1345.20000,468.11000,4.09000
8.76000,boost,45.94000,74320.00000,1345.20000,468.66000,4.09000
8.77000,boost,59.87000,74320.00000,1345.20000,469.20000,4.09000
8.78000,boost,57.29000,74320.00000,1345.20000,469.75000,4.09000
8.79000,boost,45.42000,74602.00000,1315.08000,470.29000,4.09000
8.80000,boost,60.90000,74602.00000,1315.08000,470.84000,4.09000
8.81000,boost,53.16000,74602.00000,1315.08000,471.38000,4.09000
8.82000,boost,47.48000,74602.00000,1315.08000,471.93000,4.09000
8.83000,boost,68.13000,74602.00000,1315.08000,472.49000,4.09000
8.84000,boost,51.10000,74652.00000,1309.75000,473.05000,4.09000
8.85000,boost,55.23000,74652.00000,1309.75000,473.61000,4.09000
8.86000,boost,61.42000,74652.00000,1309.75000,474.16000,4.09000
8.87000,boost,46.97000,74652.00000,1309.75000,474.71000,4.09000
8.88000,boost,54.71000,74652.00000,1309.75000,475.25000,4.09000
8.89000,boost,55.74000,74511.00000,1324.79000,475.78000,4.09000
8.90000,boost,50.07000,74511.00000,1324.79000,476.32000,4.09000
8.91000,boost,58.32000,74511.00000,1324.79000,476.86000,4.09000
8.92000,boost,48.00000,74511.00000,1324.79000,477.41000,4.09000
8.93000,boost,62.97000,74511.00000,1324.79000,477.96000,4.09000
8.94000,boost,53.16000,74183.00000,1359.87000,478.51000,4.09000
8.95000,boost,49.55000,74183.00000,1359.87000,479.07000,4.09000
8.96000,boost,64.52000,74183.00000,1359.87000,479.64000,4.09000
8.97000,boost,59.87000,74183.00000,1359.87000,480.20000,4.09000
8.98000,boost,52.13000,74183.00000,1359.87000,480.76000,4.10000
8.99000,boost,55.74000,73485.00000,1434.95000,481.32000,4.10000
9.00000,boost,52.13000,73485.00000,1434.95000,481.88000,4.10000
9.01000,boost,56.78000,73485.00000,1434.95000,482.42000,4.10000
9.02000,boost,57.81000,73485.00000,1434.95000,482.97000,4.10000
9.03000,boost,48.00000,73485.00000,1434.95000,483.51000,4.10000
9.04000,boost,59.36000,72740.00000,1515.72000,484.05000,4.10000
9.05000,boost,50.07000,72740.00000,1515.72000,484.59000,4.10000
9.06000,boost,57.29000,72740.00000,1515.72000,485.12000,4.10000
9.07000,boost,48.52000,72740.00000,1515.72000,485.65000,4.10000
9.08000,boost,49.03000,72740.00000,1515.72000,486.17000,4.10000
9.09000,boost,56.26000,72103.00000,1585.32000,486.69000,4.10000
9.10000,boost,52.65000,72103.00000,1585.32000,487.22000,4.10000
9.11000,boost,50.58000,72103.00000,1585.32000,487.75000,4.10000
9.12000,boost,54.19000,72103.00000,1585.32000,488.28000,4.10000
9.13000,boost,56.78000,72103.00000,1585.32000,488.81000,4.10000
9.14000,boost,50.58000,71512.00000,1650.33000,489.34000,4.10000
9.15000,boost,55.23000,71512.00000,1650.33000,489.86000,4.10000
9.16000,boost,44.90000,71512.00000,1650.33000,490.38000,4.10000
9.17000,boost,52.65000,71512.00000,1650.33000,490.89000,4.10000
9.18000,boost,50.07000,71512.00000,1650.33000,491.42000,4.10000
9.19000,boost,58.32000,71028.00000,1703.90000,491.94000,4.10000
9.20000,boost,50.07000,71028.00000,1703.90000,492.48000,4.10000
9.21000,boost,58.84000,71028.00000,1703.90000,493.02000,4.10000
9.22000,boost,54.19000,71028.00000,1703.90000,493.56000,4.10000
9.23000,boost,49.55000,71028.00000,1703.90000,494.09000,4.10000
9.24000,boost,54.71000,70567.00000,1755.20000,494.63000,4.10000
9.25000,boost,53.68000,70567.00000,1755.20000,495.16000,4.10000
9.26000,boost,50.07000,70567.00000,1755.20000,495.69000,4.10000
9.27000,boost,55.74000,70567.00000,1755.20000,496.23000,4.10000
9.28000,boost,58.32000,70567.00000,1755.20000,496.77000,4.10000
9.29000,boost,52.13000,70160.00000,1800.72000,497.31000,4.10000
9.30000,boost,51.10000,70160.00000,1800.72000,497.84000,4.09000
9.31000,boost,53.16000,70160.00000,1800.72000,498.37000,4.09000
9.32000,boost,53.16000,70160.00000,1800.72000,498.89000,4.09000
9.33000,boost,50.58000,70160.00000,1800.72000,499.40000,4.09000
9.34000,boost,50.58000,69752.00000,1846.57000,499.90000,4.09000
9.35000,boost,45.42000,69752.00000,1846.57000,500.40000,4.09000
9.36000,boost,51.10000,69752.00000,1846.57000,500.87000,4.09000
9.37000,boost,45.42000,69752.00000,1846.57000,501.33000,4.09000
9.38000,boost,43.87000,69752.00000,1846.57000,501.77000,4.09000
9.39000,boost,39.74000,69366.00000,1890.14000,502.18000,4.09000
9.40000,boost,35.61000,69366.00000,1890.14000,502.55000,4.09000
9.41000,boost,29.42000,69366.00000,1890.14000,502.90000,4.09000
9.42000,boost,33.03000,69366.00000,1890.14000,503.22000,4.09000
9.43000,boost,28.90000,69366.00000,1890.14000,503.51000,4.09000
9.44000,boost,21.68000,68987.00000,1933.11000,503.77000,4.09000
9.45000,boost,22.19000,68987.00000,1933.11000,504.01000,4.09000
9.46000,boost,23.23000,68987.00000,1933.11000,504.23000,4.09000
9.47000,boost,15.48000,68987.00000,1933.11000,504.43000,4.09000
9.48000,boost,18.06000,68987.00000,1933.11000,504.62000,4.09000
9.49000,boost,19.10000,68594.00000,1977.88000,504.79000,4.09000
9.50000,boost,17.03000,68594.00000,1977.88000,504.96000,4.09000
9.51000,boost,14.97000,68594.00000,1977.88000,505.11000,4.09000
9.52000,boost,8.26000,68594.00000,1977.88000,505.24000,4.09000
9.53000,boost,10.32000,68594.00000,1977.88000,505.36000,4.09000
9.54000,boost,13.94000,68197.00000,2023.31000,505.47000,4.09000
9.55000,boost,9.29000,68197.00000,2023.31000,505.58000,4.09000
9.56000,boost,10.84000,68197.00000,2023.31000,505.68000,4.09000
9.57000,boost,5.16000,68197.00000,2023.31000,505.77000,4.09000
9.58000,boost,10.84000,68197.00000,2023.31000,505.86000,4.09000
9.59000,boost,9.29000,67770.00000,2072.41000,505.94000,4.09000
9.60000,boost,3.61000,67770.00000,2072.41000,506.01000,4.09000
9.61000,boost,10.32000,67770.00000,2072.41000,506.08000,4.09000
9.62000,boost,2.58000,67770.00000,2072.41000,506.15000,4.08000
9.63000,boost,6.71000,67770.00000,2072.41000,506.21000,4.08000
9.64000,boost,5.16000,67343.00000,2121.76000,506.27000,4.08000
9.65000,boost,8.26000,67343.00000,2121.76000,506.34000,4.08000
9.66000,boost,8.26000,67343.00000,2121.76000,506.42000,4.08000
9.67000,boost,10.32000,67343.00000,2121.76000,506.50000,4.08000
9.68000,boost,5.68000,67343.00000,2121.76000,506.58000,4.08000
9.69000,boost,6.71000,66903.00000,2172.89000,506.65000,4.08000
9.70000,boost,10.84000,66903.00000,2172.89000,506.73000,4.08000
9.71000,boost,8.77000,66903.00000,2172.89000,506.80000,4.08000
9.72000,boost,1.03000,66903.00000,2172.89000,506.86000,4.08000
9.73000,boost,5.16000,66903.00000,2172.89000,506.91000,4.08000
9.74000,boost,4.65000,66548.00000,2214.33000,506.95000,4.08000
9.75000,boost,2.58000,66548.00000,2214.33000,507.00000,4.08000
9.76000,boost,6.19000,66548.00000,2214.33000,507.03000,4.08000
9.77000,boost,-0.00000,66548.00000,2214.33000,507.07000,4.08000
9.78000,boost,5.16000,66548.00000,2214.33000,507.11000,4.08000
9.79000,boost,6.71000,66202.00000,2254.90000,507.15000,4.08000
9.80000,boost,2.58000,66202.00000,2254.90000,507.19000,4.08000
9.81000,boost,2.58000,66202.00000,2254.90000,507.23000,4.08000
9.82000,boost,5.16000,66202.00000,2254.90000,507.26000,4.08000
9.83000,boost,3.10000,66202.00000,2254.90000,507.29000,4.08000
9.84000,boost,-0.52000,65936.00000,2286.21000,507.31000,4.08000
9.85000,boost,1.03000,65936.00000,2286.21000,507.34000,4.08000
9.86000,boost,4.65000,65936.00000,2286.21000,507.37000,4.08000
9.87000,boost,2.06000,65936.00000,2286.21000,507.40000,4.08000
9.88000,boost,6.19000,65936.00000,2286.21000,507.43000,4.08000
9.89000,boost,4.65000,65672.00000,2317.38000,507.47000,4.08000
9.90000,boost,1.03000,65672.00000,2317.38000,507.50000,4.08000
9.91000,boost,7.23000,65672.00000,2317.38000,507.53000,4.08000
9.92000,boost,-3.61000,65672.00000,2317.38000,507.54000,4.08000
9.93000,boost,-0.52000,65672.00000,2317.38000,507.56000,4.08000
9.94000,boost,0.52000,65401.00000,2349.48000,507.57000,4.10000
9.95000,boost,3.61000,65401.00000,2349.48000,507.58000,4.10000
9.96000,boost,0.52000,65401.00000,2349.48000,507.60000,4.10000
9.97000,boost,4.65000,65401.00000,2349.48000,507.63000,4.10000
9.98000,boost,5.16000,65401.00000,2349.48000,507.65000,4.10000
9.99000,boost,-0.00000,65215.00000,2371.57000,507.67000,4.10000
10.00000,boost,2.58000,65215.00000,2371.57000,507.69000,4.10000
10.01000,boost,-1.03000,65215.00000,2371.57000,507.71000,4.10000
10.02000,boost,1.55000,65215.00000,2371.57000,507.73000,4.10000
10.03000,boost,4.65000,65215.00000,2371.57000,507.76000,4.10000
10.04000,boost,3.61000,65096.00000,2385.74000,507.79000,4.10000
10.05000,boost,4.65000,65096.00000,2385.74000,507.81000,4.10000
10.06000,boost,-0.00000,65096.00000,2385.74000,507.84000,4.10000
10.07000,boost,3.61000,65096.00000,2385.74000,507.87000,4.10000
10.08000,boost,2.06000,65096.00000,2385.74000,507.89000,4.10000
10.09000,boost,1.03000,64966.00000,2401.23000,507.92000,4.10000
10.10000,boost,3.10000,64966.00000,2401.23000,507.95000,4.10000
10.11000,boost,7.23000,64966.00000,2401.23000,507.99000,4.10000
10.12000,boost,0.52000,64966.00000,2401.23000,508.03000,4.10000
10.13000,boost,5.68000,64966.00000,2401.23000,508.07000,4.10000
10.14000,boost,6.19000,64645.00000,2439.61000,508.12000,4.10000
10.15000,boost,6.19000,64645.00000,2439.61000,508.17000,4.10000
10.16000,boost,4.65000,64645.00000,2439.61000,508.22000,4.10000
10.17000,boost,5.68000,64645.00000,2439.61000,508.27000,4.10000
10.18000,boost,1.03000,64645.00000,2439.61000,508.32000,4.10000
10.19000,boost,5.68000,64376.00000,2471.88000,508.36000,4.10000
10.20000,boost,6.71000,64376.00000,2471.88000,508.41000,4.10000
10.21000,boost,2.06000,64376.00000,2471.88000,508.46000,4.10000
10.22000,boost,6.71000,64376.00000,2471.88000,508.51000,4.10000
10.23000,boost,7.23000,64376.00000,2471.88000,508.56000,4.10000
10.24000,boost,3.10000,64152.00000,2498.84000,508.61000,4.10000
10.25000,boost,3.10000,64152.00000,2498.84000,508.65000,4.10000
10.26000,boost,8.26000,64152.00000,2498.84000,508.69000,4.08000
10.27000,boost,0.52000,64152.00000,2498.84000,508.73000,4.08000
10.28000,boost,2.06000,64152.00000,2498.84000,508.76000,4.08000
10.29000,boost,1.55000,63924.00000,2526.36000,508.79000,4.08000
10.30000,boost,3.61000,63924.00000,2526.36000,508.82000,4.08000
10.31000,boost,4.13000,63924.00000,2526.36000,508.84000,4.08000
10.32000,boost,2.06000,63924.00000,2526.36000,508.87000,4.08000
10.33000,boost,2.06000,63924.00000,2526.36000,508.89000,4.08000
10.34000,boost,2.06000,63671.00000,2556.99000,508.92000,4.08000
10.35000,boost,2.58000,63671.00000,2556.99000,508.94000,4.08000
10.36000,boost,2.58000,63671.00000,2556.99000,508.96000,4.08000
10.37000,boost,-0.52000,63671.00000,2556.99000,508.98000,4.08000
10.38000,boost,2.58000,63671.00000,2556.99000,508.99000,4.08000
10.39000,boost,1.03000,63402.00000,2589.67000,509.01000,4.08000
10.40000,boost,3.61000,63402.00000,2589.67000,509.03000,4.08000
10.41000,boost,2.58000,63402.00000,2589.67000,509.05000,4.08000
10.42000,boost,0.52000,63402.00000,2589.67000,509.07000,4.08000
10.43000,boost,1.03000,63402.00000,2589.67000,509.08000,4.08000
10.44000,boost,2.06000,63171.00000,2617.82000,509.10000,4.08000
10.45000,boost,0.52000,63171.00000,2617.82000,509.11000,4.08000
10.46000,boost,1.03000,63171.00000,2617.82000,509.12000,4.08000
10.47000,boost,-0.00000,63171.00000,2617.82000,509.13000,4.08000
10.48000,boost,2.06000,63171.00000,2617.82000,509.14000,4.08000
10.49000,boost,1.55000,62958.00000,2643.85000,509.15000,4.08000
10.50000,boost,-0.00000,62958.00000,2643.85000,509.16000,4.08000
10.51000,boost,4.13000,62958.00000,2643.85000,509.18000,4.08000
10.52000,boost,-0.52000,62958.00000,2643.85000,509.19000,4.08000
10.53000,boost,-3.61000,62958.00000,2643.85000,509.20000,4.08000
10.54000,boost,8.26000,62725.00000,2672.40000,509.22000,4.08000
10.55000,boost,3.61000,62725.00000,2672.40000,509.24000,4.08000
10.56000,boost,-3.10000,62725.00000,2672.40000,509.27000,4.08000
10.57000,boost,3.61000,62725.00000,2672.40000,509.30000,4.08000
10.58000,boost,5.68000,62725.00000,2672.40000,509.33000,4.08000
10.59000,boost,5.68000,62516.00000,2698.09000,509.36000,4.08000
10.60000,boost,4.65000,62516.00000,2698.09000,509.39000,4.08000
10.61000,boost,-2.06000,62516.00000,2698.09000,509.42000,4.08000
10.62000,boost,-0.00000,62516.00000,2698.09000,509.44000,4.08000
10.63000,boost,4.65000,62516.00000,2698.09000,509.46000,4.08000
10.64000,boost,2.06000,62310.00000,2723.48000,509.48000,4.08000
10.65000,boost,0.52000,62310.00000,2723.48000,509.50000,4.08000
10.66000,boost,5.16000,62310.00000,2723.48000,509.53000,4.08000
10.67000,boost,0.52000,62310.00000,2723.48000,509.55000,4.08000
10.68000,boost,6.19000,62310.00000,2723.48000,509.58000,4.08000
10.69000,boost,2.58000,62144.00000,2743.99000,509.61000,4.08000
10.70000,boost,-3.10000,62144.00000,2743.99000,509.63000,4.08000
10.71000,boost,5.16000,62144.00000,2743.99000,509.65000,4.08000
10.72000,boost,3.61000,62144.00000,2743.99000,509.67000,4.08000
10.73000,boost,-0.52000,62144.00000,2743.99000,509.68000,4.08000
10.74000,boost,1.03000,61998.00000,2762.06000,509.69000,4.08000
10.75000,boost,0.52000,61998.00000,2762.06000,509.70000,4.08000
10.76000,boost,-0.52000,61998.00000,2762.06000,509.71000,4.08000
10.77000,boost,1.55000,61998.00000,2762.06000,509.72000,4.08000
10.78000,boost,1.55000,61998.00000,2762.06000,509.72000,4.08000
10.79000,boost,0.52000,61857.00000,2779.55000,509.72000,4.08000
10.80000,boost,-2.06000,61857.00000,2779.55000,509.73000,4.08000
10.81000,boost,-1.55000,61857.00000,2779.55000,509.73000,4.08000
10.82000,boost,2.58000,61857.00000,2779.55000,509.74000,4.08000
10.83000,boost,5.16000,61857.00000,2779.55000,509.75000,4.08000
10.84000,boost,-2.06000,61689.00000,2800.42000,509.76000,4.08000
10.85000,boost,1.55000,61689.00000,2800.42000,509.77000,4.08000
10.86000,boost,-1.03000,61689.00000,2800.42000,509.78000,4.08000
10.87000,boost,2.06000,61689.00000,2800.42000,509.79000,4.08000
10.88000,boost,2.06000,61689.00000,2800.42000,509.80000,4.08000
10.89000,boost,2.06000,61560.00000,2816.49000,509.81000,4.08000
10.90000,boost,1.03000,61560.00000,2816.49000,509.82000,4.09000
10.91000,boost,0.52000,61560.00000,2816.49000,509.83000,4.09000
10.92000,boost,0.52000,61560.00000,2816.49000,509.84000,4.09000
10.93000,boost,-0.00000,61560.00000,2816.49000,509.84000,4.09000
10.94000,boost,1.03000,61417.00000,2834.32000,509.84000,4.09000
10.95000,boost,-2.58000,61417.00000,2834.32000,509.84000,4.09000
10.96000,boost,-2.06000,61417.00000,2834.32000,509.84000,4.09000
10.97000,boost,2.06000,61417.00000,2834.32000,509.84000,4.09000
10.98000,boost,3.61000,61417.00000,2834.32000,509.84000,4.09000
10.99000,boost,-0.52000,61193.00000,2862.33000,509.85000,4.09000
11.00000,boost,-1.55000,61193.00000,2862.33000,509.85000,4.09000
11.01000,boost,-0.00000,61193.00000,2862.33000,509.84000,4.09000
11.02000,boost,-4.13000,61193.00000,2862.33000,509.84000,4.09000
11.03000,boost,3.10000,61193.00000,2862.33000,509.83000,4.09000
11.04000,boost,-0.00000,60961.00000,2891.43000,509.81000,4.09000
11.05000,boost,-5.68000,60961.00000,2891.43000,509.79000,4.09000
11.06000,boost,-2.06000,60961.00000,2891.43000,509.77000,4.09000
11.07000,boost,-3.10000,60961.00000,2891.43000,509.74000,4.09000
11.08000,boost,-6.19000,60961.00000,2891.43000,509.72000,4.09000
11.09000,boost,2.06000,60775.00000,2914.82000,509.71000,4.09000
11.10000,boost,1.55000,60775.00000,2914.82000,509.70000,4.09000
11.11000,boost,-1.03000,60775.00000,2914.82000,509.69000,4.09000
11.12000,boost,1.03000,60775.00000,2914.82000,509.69000,4.09000
11.13000,boost,-3.10000,60775.00000,2914.82000,509.68000,4.09000
11.14000,boost,-1.55000,60617.00000,2934.74000,509.67000,4.09000
11.15000,boost,1.55000,60617.00000,2934.74000,509.65000,4.09000
11.16000,boost,-4.13000,60617.00000,2934.74000,509.64000,4.09000
11.17000,boost,-3.10000,60617.00000,2934.74000,509.62000,4.09000
11.18000,boost,-1.55000,60617.00000,2934.74000,509.59000,4.09000
11.19000,boost,-4.13000,60451.00000,2955.71000,509.57000,4.09000
11.20000,boost,0.52000,60451.00000,2955.71000,509.55000,4.09000
11.21000,boost,-1.03000,60451.00000,2955.71000,509.54000,4.09000
11.22000,boost,-1.55000,60451.00000,2955.71000,509.51000,4.08000
11.23000,boost,-4.13000,60451.00000,2955.71000,509.49000,4.08000
11.24000,boost,-5.16000,60301.00000,2974.70000,509.47000,4.08000
11.25000,boost,-1.55000,60301.00000,2974.70000,509.44000,4.08000
11.26000,boost,-0.00000,60301.00000,2974.70000,509.42000,4.08000
11.27000,boost,-0.52000,60301.00000,2974.70000,509.40000,4.08000
11.28000,boost,-3.61000,60301.00000,2974.70000,509.38000,4.08000
11.29000,boost,-6.19000,60131.00000,2996.26000,509.36000,4.08000
11.30000,boost,1.55000,60131.00000,2996.26000,509.34000,4.08000
11.31000,boost,-0.52000,60131.00000,2996.26000,509.32000,4.08000
11.32000,boost,-3.61000,60131.00000,2996.26000,509.30000,4.08000
11.33000,boost,-1.55000,60131.00000,2996.26000,509.27000,4.08000
11.34000,boost,-2.58000,59954.00000,3018.77000,509.25000,4.08000
11.35000,boost,-3.61000,59954.00000,3018.77000,509.23000,4.08000
11.36000,boost,-1.03000,59954.00000,3018.77000,509.21000,4.08000
11.37000,boost,-2.58000,59954.00000,3018.77000,509.18000,4.08000
11.38000,boost,-2.06000,59954.00000,3018.77000,509.15000,4.08000
11.39000,boost,-2.58000,59762.00000,3043.25000,509.13000,4.08000
11.40000,boost,-5.68000,59762.00000,3043.25000,509.09000,4.08000
11.41000,boost,-3.10000,59762.00000,3043.25000,509.06000,4.08000
11.42000,boost,-3.10000,59762.00000,3043.25000,509.02000,4.08000
11.43000,boost,-4.13000,59762.00000,3043.25000,508.98000,4.08000
11.44000,fast,-8.26000,59542.00000,3071.37000,508.94000,4.08000
11.45000,fast,-0.52000,59542.00000,3071.37000,508.90000,4.08000
11.46000,fast,-2.58000,59542.00000,3071.37000,508.86000,4.08000
11.47000,fast,-4.65000,59542.00000,3071.37000,508.83000,4.08000
11.48000,fast,-2.06000,59542.00000,3071.37000,508.79000,4.08000
11.49000,fast,-4.13000,59346.00000,3096.50000,508.76000,4.08000
11.50000,fast,-3.61000,59346.00000,3096.50000,508.72000,4.08000
11.51000,fast,-6.71000,59346.00000,3096.50000,508.68000,4.08000
11.52000,fast,-2.58000,59346.00000,3096.50000,508.64000,4.08000
11.53000,fast,-0.52000,59346.00000,3096.50000,508.61000,4.08000
11.54000,fast,-4.13000,59102.00000,3127.87000,508.58000,4.08000
11.55000,fast,-5.68000,59102.00000,3127.87000,508.55000,4.08000
11.56000,fast,-0.52000,59102.00000,3127.87000,508.51000,4.08000
11.57000,fast,-3.61000,59102.00000,3127.87000,508.47000,4.08000
11.58000,fast,-3.61000,59102.00000,3127.87000,508.43000,4.08000
11.59000,fast,-6.71000,58910.00000,3152.64000,508.39000,4.08000
11.60000,fast,-7.74000,58910.00000,3152.64000,508.34000,4.08000
11.61000,fast,-4.65000,58910.00000,3152.64000,508.29000,4.08000
11.62000,fast,-2.06000,58910.00000,3152.64000,508.24000,4.08000
11.63000,fast,-2.06000,58910.00000,3152.64000,508.19000,4.08000
11.64000,fast,-6.71000,58726.00000,3176.43000,508.15000,4.08000
11.65000,fast,-7.23000,58726.00000,3176.43000,508.10000,4.08000
11.66000,fast,-5.68000,58726.00000,3176.43000,508.04000,4.08000
11.67000,fast,-5.16000,58726.00000,3176.43000,507.99000,4.08000
11.68000,fast,-4.65000,58726.00000,3176.43000,507.94000,4.08000
11.69000,fast,-5.16000,58636.00000,3188.09000,507.89000,4.08000
11.70000,fast,-2.06000,58636.00000,3188.09000,507.84000,4.08000
11.71000,fast,-6.71000,58636.00000,3188.09000,507.80000,4.08000
11.72000,fast,-4.13000,58636.00000,3188.09000,507.75000,4.08000
11.73000,fast,-3.61000,58636.00000,3188.09000,507.71000,4.08000
11.74000,fast,-4.13000,58522.00000,3202.88000,507.67000,4.08000
11.75000,fast,-4.65000,58522.00000,3202.88000,507.62000,4.08000
11.76000,fast,-5.68000,58522.00000,3202.88000,507.58000,4.08000
11.77000,fast,-3.61000,58522.00000,3202.88000,507.54000,4.08000
11.78000,fast,-1.03000,58522.00000,3202.88000,507.50000,4.08000
11.79000,fast,-5.16000,58451.00000,3212.10000,507.46000,4.08000
11.80000,fast,-6.19000,58451.00000,3212.10000,507.42000,4.08000
11.81000,fast,-4.13000,58451.00000,3212.10000,507.37000,4.08000
11.82000,fast,-3.61000,58451.00000,3212.10000,507.33000,4.08000
11.83000,fast,-4.13000,58451.00000,3212.10000,507.29000,4.08000
11.84000,fast,-3.10000,58323.00000,3228.75000,507.25000,4.08000
11.85000,fast,-4.13000,58323.00000,3228.75000,507.21000,4.08000
11.86000,fast,-2.06000,58323.00000,3228.75000,507.17000,4.08000
11.87000,fast,-6.19000,58323.00000,3228.75000,507.12000,4.08000
11.88000,fast,-7.74000,58323.00000,3228.75000,507.06000,4.08000
11.89000,fast,-6.19000,58182.00000,3247.12000,506.99000,4.08000
11.90000,fast,-8.26000,58182.00000,3247.12000,506.91000,4.08000
11.91000,fast,-13.42000,58182.00000,3247.12000,506.84000,4.08000
11.92000,fast,-5.68000,58182.00000,3247.12000,506.76000,4.08000
11.93000,fast,-3.61000,58182.00000,3247.12000,506.69000,4.08000
11.94000,fast,-5.68000,58017.00000,3268.67000,506.63000,4.08000
11.95000,fast,-6.19000,58017.00000,3268.67000,506.58000,4.08000
11.96000,fast,-6.19000,58017.00000,3268.67000,506.52000,4.08000
11.97000,fast,-3.61000,58017.00000,3268.67000,506.47000,4.08000
11.98000,fast,-4.65000,58017.00000,3268.67000,506.43000,4.08000
11.99000,fast,-4.65000,57836.00000,3292.37000,506.38000,4.08000
12.00000,fast,1.03000,57836.00000,3292.37000,506.34000,4.08000
12.01000,fast,-10.32000,57836.00000,3292.37000,506.28000,4.08000
12.02000,fast,-8.26000,57836.00000,3292.37000,506.23000,4.08000
12.03000,fast,-2.58000,57836.00000,3292.37000,506.16000,4.08000
12.04000,fast,-8.77000,57585.00000,3325.33000,506.09000,4.08000
12.05000,fast,-6.19000,57585.00000,3325.33000,506.02000,4.08000
12.06000,fast,-9.29000,57585.00000,3325.33000,505.94000,4.08000
12.07000,fast,-10.84000,57585.00000,3325.33000,505.86000,4.08000
12.08000,fast,-8.77000,57585.00000,3325.33000,505.78000,4.08000
12.09000,fast,-4.13000,57368.00000,3353.91000,505.70000,4.08000
12.10000,fast,-7.74000,57368.00000,3353.91000,505.63000,4.08000
12.11000,fast,-8.26000,57368.00000,3353.91000,505.56000,4.08000
12.12000,fast,-5.68000,57368.00000,3353.91000,505.48000,4.08000
12.13000,fast,-7.74000,57368.00000,3353.91000,505.41000,4.08000
12.14000,fast,-7.23000,57222.00000,3373.20000,505.32000,4.08000
12.15000,fast,-9.29000,57222.00000,3373.20000,505.23000,4.08000
12.16000,fast,-14.97000,57222.00000,3373.20000,505.13000,4.08000
12.17000,fast,-10.84000,57222.00000,3373.20000,505.03000,4.08000
12.18000,fast,-7.74000,57222.00000,3373.20000,504.93000,4.09000
12.19000,fast,-8.77000,57017.00000,3400.34000,504.84000,4.09000
12.20000,fast,-9.29000,57017.00000,3400.34000,504.75000,4.09000
12.21000,fast,-5.16000,57017.00000,3400.34000,504.67000,4.09000
12.22000,fast,-12.39000,57017.00000,3400.34000,504.59000,4.09000
12.23000,fast,-3.10000,57017.00000,3400.34000,504.51000,4.09000
12.24000,fast,-8.77000,56843.00000,3423.44000,504.44000,4.09000
12.25000,fast,-7.23000,56843.00000,3423.44000,504.36000,4.09000
12.26000,fast,-6.71000,56843.00000,3423.44000,504.29000,4.09000
12.27000,fast,-11.36000,56843.00000,3423.44000,504.21000,4.09000
12.28000,fast,-4.65000,56843.00000,3423.44000,504.12000,4.09000
12.29000,fast,-12.90000,56669.00000,3446.60000,504.04000,4.09000
12.30000,fast,-5.68000,56669.00000,3446.60000,503.97000,4.09000
12.31000,fast,-6.19000,56669.00000,3446.60000,503.89000,4.09000
12.32000,fast,-8.77000,56669.00000,3446.60000,503.83000,4.09000
12.33000,fast,-0.52000,56669.00000,3446.60000,503.77000,4.09000
12.34000,fast,-8.26000,56534.00000,3464.61000,503.70000,4.09000
12.35000,fast,-6.19000,56534.00000,3464.61000,503.64000,4.09000
12.36000,fast,-8.26000,56534.00000,3464.61000,503.57000,4.09000
12.37000,fast,-5.68000,56534.00000,3464.61000,503.49000,4.09000
12.38000,fast,-9.29000,56534.00000,3464.61000,503.41000,4.09000
12.39000,fast,-12.39000,56374.00000,3485.99000,503.32000,4.09000
12.40000,fast,-9.81000,56374.00000,3485.99000,503.23000,4.09000
12.41000,fast,-5.68000,56374.00000,3485.99000,503.13000,4.09000
12.42000,fast,-11.87000,56374.00000,3485.99000,503.04000,4.09000
12.43000,fast,-8.77000,56374.00000,3485.99000,502.95000,4.09000
12.44000,fast,-9.29000,56196.00000,3509.85000,502.86000,4.09000
12.45000,fast,-7.23000,56196.00000,3509.85000,502.77000,4.09000
12.46000,fast,-8.77000,56196.00000,3509.85000,502.68000,4.09000
12.47000,fast,-9.81000,56196.00000,3509.85000,502.59000,4.09000
12.48000,fast,-11.87000,56196.00000,3509.85000,502.50000,4.09000
12.49000,fast,-8.26000,56033.00000,3531.74000,502.41000,4.09000
12.50000,fast,-7.23000,56033.00000,3531.74000,502.32000,4.08000
12.51000,fast,-7.74000,56033.00000,3531.74000,502.24000,4.08000
12.52000,fast,-8.26000,56033.00000,3531.74000,502.16000,4.08000
12.53000,fast,-7.23000,56033.00000,3531.74000,502.08000,4.08000
12.54000,fast,-7.23000,55852.00000,3556.11000,502.01000,4.08000
12.55000,fast,-5.68000,55852.00000,3556.11000,501.93000,4.08000
12.56000,fast,-9.81000,55852.00000,3556.11000,501.85000,4.08000
12.57000,fast,-10.32000,55852.00000,3556.11000,501.76000,4.08000
12.58000,fast,-11.36000,55852.00000,3556.11000,501.67000,4.08000
12.59000,fast,-6.71000,55689.00000,3578.12000,501.57000,4.08000
12.60000,fast,-9.29000,55689.00000,3578.12000,501.48000,4.08000
12.61000,fast,-10.84000,55689.00000,3578.12000,501.39000,4.08000
12.62000,fast,-5.16000,55689.00000,3578.12000,501.30000,4.08000
12.63000,fast,-9.81000,55689.00000,3578.12000,501.21000,4.08000
12.64000,fast,-10.32000,55513.00000,3601.94000,501.11000,4.08000
12.65000,fast,-12.39000,55513.00000,3601.94000,501.01000,4.08000
12.66000,fast,-9.81000,55513.00000,3601.94000,500.90000,4.08000
12.67000,fast,-13.42000,55513.00000,3601.94000,500.78000,4.08000
12.68000,fast,-13.42000,55513.00000,3601.94000,500.67000,4.08000
12.69000,fast,-9.29000,55357.00000,3623.10000,500.57000,4.08000
12.70000,fast,-7.74000,55357.00000,3623.10000,500.47000,4.08000
12.71000,fast,-6.71000,55357.00000,3623.10000,500.38000,4.08000
12.72000,fast,-9.29000,55357.00000,3623.10000,500.29000,4.08000
12.73000,fast,-11.36000,55357.00000,3623.10000,500.20000,4.08000
12.74000,fast,-9.29000,55163.00000,3649.48000,500.11000,4.08000
12.75000,fast,-6.19000,55163.00000,3649.48000,500.02000,4.08000
12.76000,fast,-8.77000,55163.00000,3649.48000,499.93000,4.08000
12.77000,fast,-11.36000,55163.00000,3649.48000,499.83000,4.08000
12.78000,fast,-11.36000,55163.00000,3649.48000,499.72000,4.08000
12.79000,fast,-12.90000,55017.00000,3669.39000,499.61000,4.08000
12.80000,fast,-11.87000,55017.00000,3669.39000,499.50000,4.08000
12.81000,fast,-10.32000,55017.00000,3669.39000,499.38000,4.08000
12.82000,fast,-9.81000,55017.00000,3669.39000,499.27000,4.09000
12.83000,fast,-12.39000,55017.00000,3669.39000,499.16000,4.09000
12.84000,fast,-11.36000,54781.00000,3701.66000,499.05000,4.09000
12.85000,fast,-10.84000,54781.00000,3701.66000,498.93000,4.09000
12.86000,fast,-12.39000,54781.00000,3701.66000,498.82000,4.09000
12.87000,fast,-11.87000,54781.00000,3701.66000,498.71000,4.09000
12.88000,fast,-9.81000,54781.00000,3701.66000,498.60000,4.09000
12.89000,fast,-9.81000,54579.00000,3729.37000,498.51000,4.09000
12.90000,fast,-9.29000,54579.00000,3729.37000,498.42000,4.09000
12.91000,fast,-3.61000,54579.00000,3729.37000,498.33000,4.09000
12.92000,fast,-9.29000,54579.00000,3729.37000,498.24000,4.09000
12.93000,fast,-9.81000,54579.00000,3729.37000,498.15000,4.09000
12.94000,fast,-12.39000,54343.00000,3761.84000,498.05000,4.09000
12.95000,fast,-10.32000,54343.00000,3761.84000,497.93000,4.09000
12.96000,fast,-12.90000,54343.00000,3761.84000,497.82000,4.09000
12.97000,fast,-16.52000,54343.00000,3761.84000,497.70000,4.09000
12.98000,fast,-7.74000,54343.00000,3761.84000,497.58000,4.09000
12.99000,fast,-7.74000,54143.00000,3789.46000,497.47000,4.09000
13.00000,fast,-14.97000,54143.00000,3789.46000,497.36000,4.09000
13.01000,fast,-13.42000,54143.00000,3789.46000,497.25000,4.09000
13.02000,fast,-6.19000,54143.00000,3789.46000,497.15000,4.09000
13.03000,fast,-7.23000,54143.00000,3789.46000,497.04000,4.09000
13.04000,fast,-13.42000,53938.00000,3817.85000,496.94000,4.09000
13.05000,fast,-11.87000,53938.00000,3817.85000,496.83000,4.09000
13.06000,fast,-12.39000,53938.00000,3817.85000,496.72000,4.09000
13.07000,fast,-10.32000,53938.00000,3817.85000,496.62000,4.09000
13.08000,fast,-8.26000,53938.00000,3817.85000,496.51000,4.09000
13.09000,fast,-10.84000,53740.00000,3845.35000,496.41000,4.09000
13.10000,fast,-6.19000,53740.00000,3845.35000,496.31000,4.09000
13.11000,fast,-13.94000,53740.00000,3845.35000,496.20000,4.09000
13.12000,fast,-12.39000,53740.00000,3845.35000,496.09000,4.09000
13.13000,fast,-11.87000,53740.00000,3845.35000,495.98000,4.09000
13.14000,fast,-9.81000,53567.00000,3869.45000,495.87000,4.09000
13.15000,fast,-10.32000,53567.00000,3869.45000,495.76000,4.09000
13.16000,fast,-12.39000,53567.00000,3869.45000,495.65000,4.09000
13.17000,fast,-9.29000,53567.00000,3869.45000,495.55000,4.09000
13.18000,fast,-10.32000,53567.00000,3869.45000,495.44000,4.09000
13.19000,fast,-8.77000,53386.00000,3894.73000,495.34000,4.09000
13.20000,fast,-11.87000,53386.00000,3894.73000,495.23000,4.09000
13.21000,fast,-12.39000,53386.00000,3894.73000,495.11000,4.09000
13.22000,fast,-11.87000,53386.00000,3894.73000,494.99000,4.09000
13.23000,fast,-11.87000,53386.00000,3894.73000,494.87000,4.09000
13.24000,fast,-13.94000,53249.00000,3913.91000,494.73000,4.09000
13.25000,fast,-18.58000,53249.00000,3913.91000,494.60000,4.09000
13.26000,fast,-11.87000,53249.00000,3913.91000,494.46000,4.09000
13.27000,fast,-10.84000,53249.00000,3913.91000,494.33000,4.09000
13.28000,fast,-13.94000,53249.00000,3913.91000,494.21000,4.09000
13.29000,fast,-10.32000,53131.00000,3930.46000,494.10000,4.09000
13.30000,fast,-7.74000,53131.00000,3930.46000,493.99000,4.09000
13.31000,fast,-9.81000,53131.00000,3930.46000,493.88000,4.09000
13.32000,fast,-14.45000,53131.00000,3930.46000,493.77000,4.09000
13.33000,fast,-11.87000,53131.00000,3930.46000,493.65000,4.09000
13.34000,fast,-11.87000,53016.00000,3946.62000,493.52000,4.09000
13.35000,fast,-13.94000,53016.00000,3946.62000,493.39000,4.09000
13.36000,fast,-13.94000,53016.00000,3946.62000,493.26000,4.09000
13.37000,fast,-14.45000,53016.00000,3946.62000,493.13000,4.09000
13.38000,fast,-10.84000,53016.00000,3946.62000,493.00000,4.09000
13.39000,fast,-12.39000,52882.00000,3965.48000,492.88000,4.09000
13.40000,fast,-12.90000,52882.00000,3965.48000,492.75000,4.09000
13.41000,fast,-9.81000,52882.00000,3965.48000,492.63000,4.09000
13.42000,fast,-13.94000,52882.00000,3965.48000,492.51000,4.09000
13.43000,fast,-14.97000,52882.00000,3965.48000,492.38000,4.09000
13.44000,fast,-11.36000,52754.00000,3983.54000,492.26000,4.09000
13.45000,fast,-10.84000,52754.00000,3983.54000,492.13000,4.09000
13.46000,fast,-11.87000,52754.00000,3983.54000,492.01000,4.09000
13.47000,fast,-14.45000,52754.00000,3983.54000,491.89000,4.09000
13.48000,fast,-12.90000,52754.00000,3983.54000,491.77000,4.09000
13.49000,fast,-8.77000,52593.00000,4006.31000,491.65000,4.09000
13.50000,fast,-11.87000,52593.00000,4006.31000,491.53000,4.09000
13.51000,fast,-10.84000,52593.00000,4006.31000,491.41000,4.09000
13.52000,fast,-14.45000,52593.00000,4006.31000,491.30000,4.09000
13.53000,fast,-10.32000,52593.00000,4006.31000,491.18000,4.09000
13.54000,fast,-12.39000,52460.00000,4025.15000,491.05000,4.09000
13.55000,fast,-12.90000,52460.00000,4025.15000,490.93000,4.09000
13.56000,fast,-12.39000,52460.00000,4025.15000,490.80000,4.09000
13.57000,fast,-14.97000,52460.00000,4025.15000,490.68000,4.09000
13.58000,fast,-10.84000,52460.00000,4025.15000,490.55000,4.09000
13.59000,fast,-11.36000,52298.00000,4048.16000,490.43000,4.09000
13.60000,fast,-13.94000,52298.00000,4048.16000,490.31000,4.09000
13.61000,fast,-9.29000,52298.00000,4048.16000,490.19000,4.09000
13.62000,fast,-14.97000,52298.00000,4048.16000,490.06000,4.09000
13.63000,fast,-10.32000,52298.00000,4048.16000,489.94000,4.09000
13.64000,fast,-12.39000,52180.00000,4064.96000,489.81000,4.09000
13.65000,fast,-14.45000,52180.00000,4064.96000,489.68000,4.09000
13.66000,fast,-16.52000,52180.00000,4064.96000,489.54000,4.09000
13.67000,fast,-12.90000,52180.00000,4064.96000,489.40000,4.09000
13.68000,fast,-14.45000,52180.00000,4064.96000,489.26000,4.09000
13.69000,fast,-12.39000,52006.00000,4089.78000,489.13000,4.09000
13.70000,fast,-13.42000,52006.00000,4089.78000,488.99000,4.09000
13.71000,fast,-12.90000,52006.00000,4089.78000,488.86000,4.09000
13.72000,fast,-11.87000,52006.00000,4089.78000,488.73000,4.09000
13.73000,fast,-14.45000,52006.00000,4089.78000,488.60000,4.09000
13.74000,fast,-13.42000,51924.00000,4101.50000,488.46000,4.09000
13.75000,fast,-14.97000,51924.00000,4101.50000,488.32000,4.09000
13.76000,fast,-12.39000,51924.00000,4101.50000,488.19000,4.09000
13.77000,fast,-15.48000,51924.00000,4101.50000,488.05000,4.09000
13.78000,fast,-12.39000,51924.00000,4101.50000,487.92000,4.10000
13.79000,fast,-10.84000,51838.00000,4113.81000,487.79000,4.10000
13.80000,fast,-11.87000,51838.00000,4113.81000,487.67000,4.10000
13.81000,fast,-14.45000,51838.00000,4113.81000,487.54000,4.10000
13.82000,fast,-13.94000,51838.00000,4113.81000,487.42000,4.10000
13.83000,fast,-9.29000,51838.00000,4113.81000,487.29000,4.10000
13.84000,fast,-12.39000,51737.00000,4128.29000,487.17000,4.10000
13.85000,fast,-14.45000,51737.00000,4128.29000,487.05000,4.10000
13.86000,fast,-9.29000,51737.00000,4128.29000,486.92000,4.10000
13.87000,fast,-14.45000,51737.00000,4128.29000,486.79000,4.10000
13.88000,fast,-12.90000,51737.00000,4128.29000,486.66000,4.10000
13.89000,fast,-16.00000,51592.00000,4149.11000,486.53000,4.10000
13.90000,fast,-13.94000,51592.00000,4149.11000,486.39000,4.10000
13.91000,fast,-10.32000,51592.00000,4149.11000,486.26000,4.10000
13.92000,fast,-13.42000,51592.00000,4149.11000,486.12000,4.10000
13.93000,fast,-14.97000,51592.00000,4149.11000,485.99000,4.10000
13.94000,fast,-13.94000,51451.00000,4169.41000,485.85000,4.10000
13.95000,fast,-14.45000,51451.00000,4169.41000,485.70000,4.10000
13.96000,fast,-13.42000,51451.00000,4169.41000,485.56000,4.10000
13.97000,fast,-19.61000,51451.00000,4169.41000,485.41000,4.10000
13.98000,fast,-11.36000,51451.00000,4169.41000,485.27000,4.10000
13.99000,fast,-11.87000,51291.00000,4192.49000,485.14000,4.10000
14.00000,fast,-14.97000,51291.00000,4192.49000,485.01000,4.10000
14.01000,fast,-10.84000,51291.00000,4192.49000,484.88000,4.10000
14.02000,fast,-9.81000,51291.00000,4192.49000,484.76000,4.10000
14.03000,fast,-11.87000,51291.00000,4192.49000,484.64000,4.10000
14.04000,fast,-13.42000,51144.00000,4213.76000,484.52000,4.10000
14.05000,fast,-13.42000,51144.00000,4213.76000,484.39000,4.10000
14.06000,fast,-12.90000,51144.00000,4213.76000,484.26000,4.10000
14.07000,fast,-14.45000,51144.00000,4213.76000,484.12000,4.10000
14.08000,fast,-16.00000,51144.00000,4213.76000,483.99000,4.10000
14.09000,fast,-10.84000,50980.00000,4237.53000,483.85000,4.10000
14.10000,fast,-11.87000,50980.00000,4237.53000,483.72000,4.09000
14.11000,fast,-16.00000,50980.00000,4237.53000,483.58000,4.09000
14.12000,fast,-13.42000,50980.00000,4237.53000,483.45000,4.09000
14.13000,fast,-13.94000,50980.00000,4237.53000,483.32000,4.09000
14.14000,fast,-10.32000,50809.00000,4262.39000,483.19000,4.09000
14.15000,fast,-12.39000,50809.00000,4262.39000,483.06000,4.09000
14.16000,fast,-13.42000,50809.00000,4262.39000,482.93000,4.09000
14.17000,fast,-14.45000,50809.00000,4262.39000,482.80000,4.09000
14.18000,fast,-11.87000,50809.00000,4262.39000,482.67000,4.09000
14.19000,fast,-12.90000,50666.00000,4283.23000,482.53000,4.09000
14.20000,fast,-17.03000,50666.00000,4283.23000,482.38000,4.09000
14.21000,fast,-14.97000,50666.00000,4283.23000,482.23000,4.09000
14.22000,fast,-15.48000,50666.00000,4283.23000,482.08000,4.09000
14.23000,fast,-18.06000,50666.00000,4283.23000,481.92000,4.09000
14.24000,fast,-13.42000,50570.00000,4297.25000,481.77000,4.09000
14.25000,fast,-17.55000,50570.00000,4297.25000,481.61000,4.09000
14.26000,fast,-13.42000,50570.00000,4297.25000,481.46000,4.09000
14.27000,fast,-12.39000,50570.00000,4297.25000,481.30000,4.09000
14.28000,fast,-19.10000,50570.00000,4297.25000,481.15000,4.09000
14.29000,fast,-16.52000,50472.00000,4311.58000,480.99000,4.09000
14.30000,fast,-16.00000,50472.00000,4311.58000,480.83000,4.09000
14.31000,fast,-12.39000,50472.00000,4311.58000,480.68000,4.09000
14.32000,fast,-18.06000,50472.00000,4311.58000,480.52000,4.09000
14.33000,fast,-16.00000,50472.00000,4311.58000,480.37000,4.09000
14.34000,fast,-14.45000,50385.00000,4324.33000,480.22000,4.09000
14.35000,fast,-12.39000,50385.00000,4324.33000,480.07000,4.09000
14.36000,fast,-14.97000,50385.00000,4324.33000,479.92000,4.09000
14.37000,fast,-18.58000,50385.00000,4324.33000,479.77000,4.09000
14.38000,fast,-12.39000,50385.00000,4324.33000,479.62000,4.09000
14.39000,fast,-13.94000,50285.00000,4338.99000,479.47000,4.09000
14.40000,fast,-17.03000,50285.00000,4338.99000,479.32000,4.09000
14.41000,fast,-15.48000,50285.00000,4338.99000,479.17000,4.09000
14.42000,fast,-12.90000,50285.00000,4338.99000,479.02000,4.10000
14.43000,fast,-16.52000,50285.00000,4338.99000,478.87000,4.10000
14.44000,fast,-14.97000,50168.00000,4356.19000,478.72000,4.10000
14.45000,fast,-13.42000,50168.00000,4356.19000,478.57000,4.10000
14.46000,fast,-17.55000,50168.00000,4356.19000,478.42000,4.10000
14.47000,fast,-12.90000,50168.00000,4356.19000,478.28000,4.10000
14.48000,fast,-14.97000,50168.00000,4356.19000,478.13000,4.10000
14.49000,fast,-13.42000,50041.00000,4374.88000,477.98000,4.10000
14.50000,fast,-13.94000,50041.00000,4374.88000,477.83000,4.10000
14.51000,fast,-17.03000,50041.00000,4374.88000,477.68000,4.10000
14.52000,fast,-17.55000,50041.00000,4374.88000,477.53000,4.10000
14.53000,fast,-13.94000,50041.00000,4374.88000,477.37000,4.10000
14.54000,fast,-16.00000,49898.00000,4395.98000,477.21000,4.10000
14.55000,fast,-16.52000,49898.00000,4395.98000,477.06000,4.10000
14.56000,fast,-15.48000,49898.00000,4395.98000,476.90000,4.10000
14.57000,fast,-13.94000,49898.00000,4395.98000,476.75000,4.10000
14.58000,fast,-13.94000,49898.00000,4395.98000,476.61000,4.10000
14.59000,fast,-13.94000,49788.00000,4412.25000,476.46000,4.10000
14.60000,fast,-14.97000,49788.00000,4412.25000,476.32000,4.10000
14.61000,fast,-14.45000,49788.00000,4412.25000,476.17000,4.10000
14.62000,fast,-14.45000,49788.00000,4412.25000,476.03000,4.10000
14.63000,fast,-14.45000,49788.00000,4412.25000,475.88000,4.10000
14.64000,fast,-17.03000,49678.00000,4428.54000,475.73000,4.10000
14.65000,fast,-13.94000,49678.00000,4428.54000,475.58000,4.10000
14.66000,fast,-17.03000,49678.00000,4428.54000,475.43000,4.10000
14.67000,fast,-12.39000,49678.00000,4428.54000,475.29000,4.10000
14.68000,fast,-11.87000,49678.00000,4428.54000,475.15000,4.10000
14.69000,fast,-14.97000,49533.00000,4450.06000,475.01000,4.10000
14.70000,fast,-13.42000,49533.00000,4450.06000,474.87000,4.10000
14.71000,fast,-14.45000,49533.00000,4450.06000,474.72000,4.10000
14.72000,fast,-16.00000,49533.00000,4450.06000,474.56000,4.10000
14.73000,fast,-18.06000,49533.00000,4450.06000,474.40000,4.10000
14.74000,fast,-17.03000,49411.00000,4468.21000,474.23000,4.09000
14.75000,fast,-18.06000,49411.00000,4468.21000,474.06000,4.09000
14.76000,fast,-17.03000,49411.00000,4468.21000,473.89000,4.09000
14.77000,fast,-16.52000,49411.00000,4468.21000,473.73000,4.09000
14.78000,fast,-13.94000,49411.00000,4468.21000,473.56000,4.09000
14.79000,fast,-18.06000,49276.00000,4488.33000,473.40000,4.09000
14.80000,fast,-17.55000,49276.00000,4488.33000,473.23000,4.09000
14.81000,fast,-13.94000,49276.00000,4488.33000,473.07000,4.09000
14.82000,fast,-19.61000,49276.00000,4488.33000,472.90000,4.09000
14.83000,fast,-16.52000,49276.00000,4488.33000,472.74000,4.09000
14.84000,fast,-14.45000,49133.00000,4509.70000,472.58000,4.09000
14.85000,fast,-14.45000,49133.00000,4509.70000,472.42000,4.09000
14.86000,fast,-17.03000,49133.00000,4509.70000,472.26000,4.09000
14.87000,fast,-14.45000,49133.00000,4509.70000,472.11000,4.09000
14.88000,fast,-15.48000,49133.00000,4509.70000,471.96000,4.09000
14.89000,fast,-14.45000,49022.00000,4526.32000,471.80000,4.09000
14.90000,fast,-18.06000,49022.00000,4526.32000,471.64000,4.09000
14.91000,fast,-15.48000,49022.00000,4526.32000,471.48000,4.09000
14.92000,fast,-14.45000,49022.00000,4526.32000,471.32000,4.09000
14.93000,fast,-16.52000,49022.00000,4526.32000,471.16000,4.09000
14.94000,fast,-19.10000,48884.00000,4547.02000,470.99000,4.09000
14.95000,fast,-17.55000,48884.00000,4547.02000,470.83000,4.09000
14.96000,fast,-14.97000,48884.00000,4547.02000,470.67000,4.09000
14.97000,fast,-13.42000,48884.00000,4547.02000,470.52000,4.09000
14.98000,fast,-11.36000,48884.00000,4547.02000,470.38000,4.09000
14.99000,fast,-16.00000,48756.00000,4566.27000,470.24000,4.09000
15.00000,fast,-14.97000,48756.00000,4566.27000,470.09000,4.09000
15.01000,fast,-13.42000,48756.00000,4566.27000,469.95000,4.09000
15.02000,fast,-16.00000,48756.00000,4566.27000,469.80000,4.09000
15.03000,fast,-14.97000,48756.00000,4566.27000,469.66000,4.09000
15.04000,fast,-12.39000,48678.00000,4578.02000,469.51000,4.09000
15.05000,fast,-16.52000,48678.00000,4578.02000,469.37000,4.09000
15.06000,fast,-13.42000,48678.00000,4578.02000,469.23000,4.10000
15.07000,fast,-11.87000,48678.00000,4578.02000,469.09000,4.10000
15.08000,fast,-12.90000,48678.00000,4578.02000,468.94000,4.10000
15.09000,fast,-18.58000,48585.00000,4592.04000,468.79000,4.10000
15.10000,fast,-19.61000,48585.00000,4592.04000,468.63000,4.10000
15.11000,fast,-13.42000,48585.00000,4592.04000,468.47000,4.10000
15.12000,fast,-16.00000,48585.00000,4592.04000,468.32000,4.10000
15.13000,fast,-13.94000,48585.00000,4592.04000,468.16000,4.10000
15.14000,fast,-12.90000,48453.00000,4611.99000,468.01000,4.10000
15.15000,fast,-16.52000,48453.00000,4611.99000,467.86000,4.10000
15.16000,fast,-18.58000,48453.00000,4611.99000,467.70000,4.10000
15.17000,fast,-15.48000,48453.00000,4611.99000,467.54000,4.10000
15.18000,fast,-14.45000,48453.00000,4611.99000,467.37000,4.10000
15.19000,fast,-18.06000,48329.00000,4630.77000,467.20000,4.10000
15.20000,fast,-20.65000,48329.00000,4630.77000,467.03000,4.10000
15.21000,fast,-14.97000,48329.00000,4630.77000,466.86000,4.10000
15.22000,fast,-17.03000,48329.00000,4630.77000,466.69000,4.10000
15.23000,fast,-15.48000,48329.00000,4630.77000,466.52000,4.10000
15.24000,fast,-16.00000,48232.00000,4645.48000,466.36000,4.10000
15.25000,fast,-18.06000,48232.00000,4645.48000,466.20000,4.10000
15.26000,fast,-15.48000,48232.00000,4645.48000,466.03000,4.10000
15.27000,fast,-17.03000,48232.00000,4645.48000,465.87000,4.10000
15.28000,fast,-15.48000,48232.00000,4645.48000,465.70000,4.10000
15.29000,fast,-17.03000,48160.00000,4656.42000,465.54000,4.10000
15.30000,fast,-16.52000,48160.00000,4656.42000,465.37000,4.10000
15.31000,fast,-16.00000,48160.00000,4656.42000,465.20000,4.10000
15.32000,fast,-19.61000,48160.00000,4656.42000,465.03000,4.10000
15.33000,fast,-17.03000,48160.00000,4656.42000,464.87000,4.10000
15.34000,fast,-14.45000,48090.00000,4667.07000,464.70000,4.10000
15.35000,fast,-14.45000,48090.00000,4667.07000,464.54000,4.10000
15.36000,fast,-17.03000,48090.00000,4667.07000,464.39000,4.10000
15.37000,fast,-15.48000,48090.00000,4667.07000,464.23000,4.10000
15.38000,fast,-13.94000,48090.00000,4667.07000,464.08000,4.10000
15.39000,fast,-16.52000,47972.00000,4685.05000,463.92000,4.10000
15.40000,fast,-16.52000,47972.00000,4685.05000,463.77000,4.10000
15.41000,fast,-14.97000,47972.00000,4685.05000,463.61000,4.10000
15.42000,fast,-14.45000,47972.00000,4685.05000,463.46000,4.10000
15.43000,fast,-17.03000,47972.00000,4685.05000,463.31000,4.10000
15.44000,fast,-14.45000,47853.00000,4703.22000,463.16000,4.10000
15.45000,fast,-13.94000,47853.00000,4703.22000,463.02000,4.10000
15.46000,fast,-9.81000,47853.00000,4703.22000,462.88000,4.10000
15.47000,fast,-12.39000,47853.00000,4703.22000,462.75000,4.10000
15.48000,fast,-16.00000,47853.00000,4703.22000,462.61000,4.10000
15.49000,fast,-16.52000,47757.00000,4717.90000,462.46000,4.10000
15.50000,fast,-15.48000,47757.00000,4717.90000,462.31000,4.10000
15.51000,fast,-14.45000,47757.00000,4717.90000,462.16000,4.10000
15.52000,fast,-16.52000,47757.00000,4717.90000,462.00000,4.10000
15.53000,fast,-14.45000,47757.00000,4717.90000,461.84000,4.10000
15.54000,fast,-18.06000,47641.00000,4735.67000,461.68000,4.10000
15.55000,fast,-14.97000,47641.00000,4735.67000,461.51000,4.10000
15.56000,fast,-17.03000,47641.00000,4735.67000,461.35000,4.10000
15.57000,fast,-19.10000,47641.00000,4735.67000,461.18000,4.10000
15.58000,fast,-16.52000,47641.00000,4735.67000,461.00000,4.10000
15.59000,fast,-18.06000,47502.00000,4757.01000,460.83000,4.10000
15.60000,fast,-17.55000,47502.00000,4757.01000,460.66000,4.10000
15.61000,fast,-13.42000,47502.00000,4757.01000,460.50000,4.10000
15.62000,fast,-17.55000,47502.00000,4757.01000,460.33000,4.10000
15.63000,fast,-18.06000,47502.00000,4757.01000,460.17000,4.10000
15.64000,fast,-14.45000,47343.00000,4781.49000,460.00000,4.10000
15.65000,fast,-16.52000,47343.00000,4781.49000,459.83000,4.10000
15.66000,fast,-20.13000,47343.00000,4781.49000,459.66000,4.10000
15.67000,fast,-16.52000,47343.00000,4781.49000,459.48000,4.10000
15.68000,fast,-17.03000,47343.00000,4781.49000,459.31000,4.10000
15.69000,fast,-17.55000,47226.00000,4799.54000,459.14000,4.10000
15.70000,fast,-17.03000,47226.00000,4799.54000,458.97000,4.09000
15.71000,fast,-16.00000,47226.00000,4799.54000,458.80000,4.09000
15.72000,fast,-15.48000,47226.00000,4799.54000,458.63000,4.09000
15.73000,fast,-19.61000,47226.00000,4799.54000,458.46000,4.09000
15.74000,fast,-17.55000,47125.00000,4815.16000,458.29000,4.09000
15.75000,fast,-14.45000,47125.00000,4815.16000,458.12000,4.09000
15.76000,fast,-17.03000,47125.00000,4815.16000,457.95000,4.09000
15.77000,fast,-18.06000,47125.00000,4815.16000,457.78000,4.09000
15.78000,fast,-16.52000,47125.00000,4815.16000,457.61000,4.09000
15.79000,fast,-18.06000,47003.00000,4834.05000,457.44000,4.09000
15.80000,fast,-16.52000,47003.00000,4834.05000,457.28000,4.09000
15.81000,fast,-17.03000,47003.00000,4834.05000,457.12000,4.09000
15.82000,fast,-14.45000,47003.00000,4834.05000,456.96000,4.09000
15.83000,fast,-12.39000,47003.00000,4834.05000,456.80000,4.09000
15.84000,fast,-17.55000,46888.00000,4851.90000,456.65000,4.09000
15.85000,fast,-16.00000,46888.00000,4851.90000,456.49000,4.09000
15.86000,fast,-14.45000,46888.00000,4851.90000,456.33000,4.09000
15.87000,fast,-18.06000,46888.00000,4851.90000,456.17000,4.09000
15.88000,fast,-15.48000,46888.00000,4851.90000,456.01000,4.09000
15.89000,fast,-17.55000,46774.00000,4869.63000,455.84000,4.09000
15.90000,fast,-17.03000,46774.00000,4869.63000,455.67000,4.09000
15.91000,fast,-17.55000,46774.00000,4869.63000,455.51000,4.09000
15.92000,fast,-14.97000,46774.00000,4869.63000,455.35000,4.09000
15.93000,fast,-15.48000,46774.00000,4869.63000,455.19000,4.09000
15.94000,fast,-13.94000,46686.00000,4883.34000,455.03000,4.09000
15.95000,fast,-14.45000,46686.00000,4883.34000,454.87000,4.09000
15.96000,fast,-19.10000,46686.00000,4883.34000,454.71000,4.09000
15.97000,fast,-19.10000,46686.00000,4883.34000,454.54000,4.09000
15.98000,fast,-16.00000,46686.00000,4883.34000,454.37000,4.09000
15.99000,fast,-16.52000,46601.00000,4896.60000,454.20000,4.09000
16.00000,fast,-16.52000,46601.00000,4896.60000,454.02000,4.09000
16.01000,fast,-19.61000,46601.00000,4896.60000,453.85000,4.09000
16.02000,fast,-17.03000,46601.00000,4896.60000,453.68000,4.09000
16.03000,fast,-18.06000,46601.00000,4896.60000,453.52000,4.09000
16.04000,fast,-9.81000,46503.00000,4911.91000,453.35000,4.09000
16.05000,fast,-17.55000,46503.00000,4911.91000,453.19000,4.09000
16.06000,fast,-19.10000,46503.00000,4911.91000,453.02000,4.09000
16.07000,fast,-18.06000,46503.00000,4911.91000,452.85000,4.09000
16.08000,fast,-16.52000,46503.00000,4911.91000,452.67000,4.09000
16.09000,fast,-19.10000,46369.00000,4932.89000,452.49000,4.09000
16.10000,fast,-18.06000,46369.00000,4932.89000,452.32000,4.09000
16.11000,fast,-17.55000,46369.00000,4932.89000,452.14000,4.09000
16.12000,fast,-16.52000,46369.00000,4932.89000,451.97000,4.09000
16.13000,fast,-16.52000,46369.00000,4932.89000,451.79000,4.09000
16.14000,fast,-18.06000,46246.00000,4952.20000,451.61000,4.09000
16.15000,fast,-19.61000,46246.00000,4952.20000,451.44000,4.09000
16.16000,fast,-17.03000,46246.00000,4952.20000,451.26000,4.09000
16.17000,fast,-16.52000,46246.00000,4952.20000,451.08000,4.09000
16.18000,fast,-19.61000,46246.00000,4952.20000,450.91000,4.09000
16.19000,fast,-16.00000,46139.00000,4969.02000,450.73000,4.09000
16.20000,fast,-17.55000,46139.00000,4969.02000,450.56000,4.09000
16.21000,fast,-17.55000,46139.00000,4969.02000,450.38000,4.09000
16.22000,fast,-18.06000,46139.00000,4969.02000,450.21000,4.09000
16.23000,fast,-16.00000,46139.00000,4969.02000,450.04000,4.09000
16.24000,fast,-16.00000,46009.00000,4989.51000,449.88000,4.09000
16.25000,fast,-16.00000,46009.00000,4989.51000,449.71000,4.09000
16.26000,fast,-18.58000,46009.00000,4989.51000,449.54000,4.09000
16.27000,fast,-14.45000,46009.00000,4989.51000,449.37000,4.09000
16.28000,fast,-17.55000,46009.00000,4989.51000,449.20000,4.09000
16.29000,fast,-21.16000,45880.00000,5009.88000,449.02000,4.09000
16.30000,fast,-16.52000,45880.00000,5009.88000,448.84000,4.09000
16.31000,fast,-19.61000,45880.00000,5009.88000,448.65000,4.09000
16.32000,fast,-17.55000,45880.00000,5009.88000,448.47000,4.09000
16.33000,fast,-19.61000,45880.00000,5009.88000,448.30000,4.09000
16.34000,fast,-14.97000,45750.00000,5030.46000,448.13000,4.09000
16.35000,fast,-12.90000,45750.00000,5030.46000,447.96000,4.09000
16.36000,fast,-18.58000,45750.00000,5030.46000,447.80000,4.09000
16.37000,fast,-16.52000,45750.00000,5030.46000,447.63000,4.09000
16.38000,fast,-19.61000,45750.00000,5030.46000,447.46000,4.09000
16.39000,fast,-17.55000,45610.00000,5052.67000,447.28000,4.09000
16.40000,fast,-16.00000,45610.00000,5052.67000,447.11000,4.09000
16.41000,fast,-16.00000,45610.00000,5052.67000,446.94000,4.09000
16.42000,fast,-17.55000,45610.00000,5052.67000,446.76000,4.09000
16.43000,fast,-18.06000,45610.00000,5052.67000,446.59000,4.09000
16.44000,fast,-19.61000,45493.00000,5071.28000,446.41000,4.09000
16.45000,fast,-18.06000,45493.00000,5071.28000,446.23000,4.09000
16.46000,fast,-18.06000,45493.00000,5071.28000,446.05000,4.09000
16.47000,fast,-16.00000,45493.00000,5071.28000,445.87000,4.09000
16.48000,fast,-19.61000,45493.00000,5071.28000,445.69000,4.09000
16.49000,fast,-16.52000,45398.00000,5086.42000,445.52000,4.09000
16.50000,fast,-16.00000,45398.00000,5086.42000,445.35000,4.09000
16.51000,fast,-18.06000,45398.00000,5086.42000,445.18000,4.09000
16.52000,fast,-14.45000,45398.00000,5086.42000,445.02000,4.09000
16.53000,fast,-16.52000,45398.00000,5086.42000,444.85000,4.09000
16.54000,fast,-16.52000,45248.00000,5110.37000,444.68000,4.09000
16.55000,fast,-18.06000,45248.00000,5110.37000,444.50000,4.09000
16.56000,fast,-20.13000,45248.00000,5110.37000,444.31000,4.09000
16.57000,fast,-21.68000,45248.00000,5110.37000,444.12000,4.09000
16.58000,fast,-19.61000,45248.00000,5110.37000,443.93000,4.09000
16.59000,fast,-19.61000,45106.00000,5133.10000,443.73000,4.09000
16.60000,fast,-18.06000,45106.00000,5133.10000,443.55000,4.09000
16.61000,fast,-16.00000,45106.00000,5133.10000,443.37000,4.09000
16.62000,fast,-19.10000,45106.00000,5133.10000,443.19000,4.09000
16.63000,fast,-13.94000,45106.00000,5133.10000,443.01000,4.09000
16.64000,fast,-20.65000,45009.00000,5148.67000,442.84000,4.09000
16.65000,fast,-17.03000,45009.00000,5148.67000,442.66000,4.09000
16.66000,fast,-17.55000,45009.00000,5148.67000,442.48000,4.09000
16.67000,fast,-18.06000,45009.00000,5148.67000,442.31000,4.09000
16.68000,fast,-17.55000,45009.00000,5148.67000,442.12000,4.09000
16.69000,fast,-20.13000,44903.00000,5165.70000,441.94000,4.09000
16.70000,fast,-17.03000,44903.00000,5165.70000,441.76000,4.09000
16.71000,fast,-19.10000,44903.00000,5165.70000,441.57000,4.09000
16.72000,fast,-19.61000,44903.00000,5165.70000,441.38000,4.09000
16.73000,fast,-20.13000,44903.00000,5165.70000,441.19000,4.09000
16.74000,fast,-16.52000,44823.00000,5178.59000,441.00000,4.09000
16.75000,fast,-19.61000,44823.00000,5178.59000,440.82000,4.09000
16.76000,fast,-18.58000,44823.00000,5178.59000,440.64000,4.09000
16.77000,fast,-16.00000,44823.00000,5178.59000,440.46000,4.09000
16.78000,fast,-19.10000,44823.00000,5178.59000,440.28000,4.09000
16.79000,fast,-14.97000,44701.00000,5198.26000,440.09000,4.09000
16.80000,fast,-21.16000,44701.00000,5198.26000,439.91000,4.09000
16.81000,fast,-21.16000,44701.00000,5198.26000,439.71000,4.09000
16.82000,fast,-21.16000,44701.00000,5198.26000,439.51000,4.09000
16.83000,fast,-18.58000,44701.00000,5198.26000,439.31000,4.09000
16.84000,fast,-20.13000,44580.00000,5217.83000,439.12000,4.09000
16.85000,fast,-18.58000,44580.00000,5217.83000,438.92000,4.09000
16.86000,fast,-19.10000,44580.00000,5217.83000,438.73000,4.09000
16.87000,fast,-21.16000,44580.00000,5217.83000,438.53000,4.09000
16.88000,fast,-19.10000,44580.00000,5217.83000,438.34000,4.09000
16.89000,fast,-16.52000,44472.00000,5235.32000,438.16000,4.09000
16.90000,fast,-18.58000,44472.00000,5235.32000,437.98000,4.09000
16.91000,fast,-16.52000,44472.00000,5235.32000,437.79000,4.09000
16.92000,fast,-19.61000,44472.00000,5235.32000,437.61000,4.09000
16.93000,fast,-19.61000,44472.00000,5235.32000,437.43000,4.09000
16.94000,fast,-16.52000,44363.00000,5253.01000,437.25000,4.09000
16.95000,fast,-18.58000,44363.00000,5253.01000,437.07000,4.09000
16.96000,fast,-15.48000,44363.00000,5253.01000,436.89000,4.09000
16.97000,fast,-19.61000,44363.00000,5253.01000,436.71000,4.09000
16.98000,fast,-20.13000,44363.00000,5253.01000,436.53000,4.09000
16.99000,fast,-16.52000,44235.00000,5273.83000,436.35000,4.09000
17.00000,fast,-17.03000,44235.00000,5273.83000,436.18000,4.09000
17.01000,fast,-15.48000,44235.00000,5273.83000,436.01000,4.09000
17.02000,fast,-19.10000,44235.00000,5273.83000,435.84000,4.09000
17.03000,fast,-15.48000,44235.00000,5273.83000,435.68000,4.09000
17.04000,fast,-15.48000,44122.00000,5292.26000,435.51000,4.09000
17.05000,fast,-12.90000,44122.00000,5292.26000,435.35000,4.09000
17.06000,fast,-21.68000,44122.00000,5292.26000,435.18000,4.09000
17.07000,fast,-16.52000,44122.00000,5292.26000,435.01000,4.09000
17.08000,fast,-14.97000,44122.00000,5292.26000,434.84000,4.09000
17.09000,fast,-19.10000,44029.00000,5307.45000,434.67000,4.09000
17.10000,fast,-17.55000,44029.00000,5307.45000,434.49000,4.09000
17.11000,fast,-17.03000,44029.00000,5307.45000,434.32000,4.09000
17.12000,fast,-18.06000,44029.00000,5307.45000,434.14000,4.09000
17.13000,fast,-18.58000,44029.00000,5307.45000,433.96000,4.09000
17.14000,fast,-17.03000,43903.00000,5328.07000,433.78000,4.09000
17.15000,fast,-17.55000,43903.00000,5328.07000,433.61000,4.09000
17.16000,fast,-18.06000,43903.00000,5328.07000,433.43000,4.09000
17.17000,fast,-18.06000,43903.00000,5328.07000,433.25000,4.09000
17.18000,fast,-17.55000,43903.00000,5328.07000,433.08000,4.09000
17.19000,fast,-17.03000,43808.00000,5343.65000,432.91000,4.09000
17.20000,fast,-14.45000,43808.00000,5343.65000,432.73000,4.09000
17.21000,fast,-19.10000,43808.00000,5343.65000,432.56000,4.09000
17.22000,fast,-17.55000,43808.00000,5343.65000,432.38000,4.09000
17.23000,fast,-18.58000,43808.00000,5343.65000,432.20000,4.09000
17.24000,fast,-19.61000,43708.00000,5360.08000,432.02000,4.09000
17.25000,fast,-17.55000,43708.00000,5360.08000,431.83000,4.09000
17.26000,fast,-18.58000,43708.00000,5360.08000,431.65000,4.09000
17.27000,fast,-19.10000,43708.00000,5360.08000,431.46000,4.09000
17.28000,fast,-20.65000,43708.00000,5360.08000,431.26000,4.09000
17.29000,fast,-18.58000,43591.00000,5379.34000,431.07000,4.09000
17.30000,fast,-20.13000,43591.00000,5379.34000,430.87000,4.09000
17.31000,fast,-23.23000,43591.00000,5379.34000,430.68000,4.09000
17.32000,fast,-14.97000,43591.00000,5379.34000,430.50000,4.09000
17.33000,fast,-16.00000,43591.00000,5379.34000,430.32000,4.09000
17.34000,fast,-16.00000,43488.00000,5396.33000,430.15000,4.09000
17.35000,fast,-14.97000,43488.00000,5396.33000,429.98000,4.09000
17.36000,fast,-19.61000,43488.00000,5396.33000,429.81000,4.09000
17.37000,fast,-19.10000,43488.00000,5396.33000,429.63000,4.09000
17.38000,fast,-20.13000,43488.00000,5396.33000,429.45000,4.09000
17.39000,fast,-14.45000,43377.00000,5414.68000,429.27000,4.09000
17.40000,fast,-19.10000,43377.00000,5414.68000,429.09000,4.09000
17.41000,fast,-18.58000,43377.00000,5414.68000,428.91000,4.09000
17.42000,fast,-18.58000,43377.00000,5414.68000,428.73000,4.09000
17.43000,fast,-17.03000,43377.00000,5414.68000,428.54000,4.09000
17.44000,fast,-18.06000,43272.00000,5432.07000,428.36000,4.09000
17.45000,fast,-18.58000,43272.00000,5432.07000,428.18000,4.09000
17.46000,fast,-18.06000,43272.00000,5432.07000,428.00000,4.09000
17.47000,fast,-18.06000,43272.00000,5432.07000,427.82000,4.09000
17.48000,fast,-17.55000,43272.00000,5432.07000,427.64000,4.09000
17.49000,fast,-17.03000,43184.00000,5446.67000,427.46000,4.09000
17.50000,fast,-22.71000,43184.00000,5446.67000,427.27000,4.09000
17.51000,fast,-17.03000,43184.00000,5446.67000,427.09000,4.09000
17.52000,fast,-17.55000,43184.00000,5446.67000,426.90000,4.09000
17.53000,fast,-17.03000,43184.00000,5446.67000,426.72000,4.09000
17.54000,fast,-21.16000,43057.00000,5467.78000,426.53000,4.09000
17.55000,fast,-16.00000,43057.00000,5467.78000,426.34000,4.09000
17.56000,fast,-21.16000,43057.00000,5467.78000,426.15000,4.09000
17.57000,fast,-21.16000,43057.00000,5467.78000,425.96000,4.09000
17.58000,fast,-16.52000,43057.00000,5467.78000,425.77000,4.09000
17.59000,fast,-20.13000,42948.00000,5485.95000,425.58000,4.09000
17.60000,fast,-18.58000,42948.00000,5485.95000,425.38000,4.09000
17.61000,fast,-19.61000,42948.00000,5485.95000,425.19000,4.09000
17.62000,fast,-21.16000,42948.00000,5485.95000,425.00000,4.09000
17.63000,fast,-18.06000,42948.00000,5485.95000,424.81000,4.09000
17.64000,fast,-18.06000,42837.00000,5504.48000,424.62000,4.09000
17.65000,fast,-17.55000,42837.00000,5504.48000,424.42000,4.09000
17.66000,fast,-22.19000,42837.00000,5504.48000,424.23000,4.09000
17.67000,fast,-19.61000,42837.00000,5504.48000,424.05000,4.09000
17.68000,fast,-17.03000,42837.00000,5504.48000,423.86000,4.09000
17.69000,fast,-16.52000,42735.00000,5521.55000,423.67000,4.09000
17.70000,fast,-18.58000,42735.00000,5521.55000,423.49000,4.09000
17.71000,fast,-19.10000,42735.00000,5521.55000,423.30000,4.09000
17.72000,fast,-20.13000,42735.00000,5521.55000,423.11000,4.09000
17.73000,fast,-22.19000,42735.00000,5521.55000,422.91000,4.09000
17.74000,fast,-18.06000,42641.00000,5537.30000,422.70000,4.09000
17.75000,fast,-21.68000,42641.00000,5537.30000,422.50000,4.09000
17.76000,fast,-21.16000,42641.00000,5537.30000,422.30000,4.09000
17.77000,fast,-22.19000,42641.00000,5537.30000,422.10000,4.09000
17.78000,fast,-15.48000,42641.00000,5537.30000,421.91000,4.09000
17.79000,fast,-17.55000,42544.00000,5553.59000,421.72000,4.09000
17.80000,fast,-18.58000,42544.00000,5553.59000,421.54000,4.09000
17.81000,fast,-16.52000,42544.00000,5553.59000,421.37000,4.09000
17.82000,fast,-17.03000,42544.00000,5553.59000,421.19000,4.09000
17.83000,fast,-18.06000,42544.00000,5553.59000,421.01000,4.09000
17.84000,fast,-17.03000,42444.00000,5570.41000,420.83000,4.09000
17.85000,fast,-22.71000,42444.00000,5570.41000,420.64000,4.09000
17.86000,fast,-19.10000,42444.00000,5570.41000,420.45000,4.09000
17.87000,fast,-17.03000,42444.00000,5570.41000,420.27000,4.09000
17.88000,fast,-18.58000,42444.00000,5570.41000,420.08000,4.09000
17.89000,fast,-18.58000,42363.00000,5584.07000,419.89000,4.09000
17.90000,fast,-19.10000,42363.00000,5584.07000,419.70000,4.09000
17.91000,fast,-19.61000,42363.00000,5584.07000,419.52000,4.09000
17.92000,fast,-19.61000,42363.00000,5584.07000,419.33000,4.09000
17.93000,fast,-16.52000,42363.00000,5584.07000,419.15000,4.09000
17.94000,fast,-17.55000,42253.00000,5602.64000,418.96000,4.10000
17.95000,fast,-16.00000,42253.00000,5602.64000,418.78000,4.10000
17.96000,fast,-22.19000,42253.00000,5602.64000,418.59000,4.10000
17.97000,fast,-19.10000,42253.00000,5602.64000,418.40000,4.10000
17.98000,fast,-18.58000,42253.00000,5602.64000,418.21000,4.10000
17.99000,fast,-21.16000,42136.00000,5622.43000,418.02000,4.10000
18.00000,fast,-17.03000,42136.00000,5622.43000,417.83000,4.10000
18.01000,fast,-18.58000,42136.00000,5622.43000,417.64000,4.10000
18.02000,fast,-20.65000,42136.00000,5622.43000,417.44000,4.10000
18.03000,fast,-18.58000,42136.00000,5622.43000,417.25000,4.10000
18.04000,fast,-19.10000,42047.00000,5637.52000,417.05000,4.10000
18.05000,fast,-22.19000,42047.00000,5637.52000,416.86000,4.10000
18.06000,fast,-19.10000,42047.00000,5637.52000,416.66000,4.10000
18.07000,fast,-19.61000,42047.00000,5637.52000,416.45000,4.10000
18.08000,fast,-20.13000,42047.00000,5637.52000,416.25000,4.10000
18.09000,fast,-21.68000,41958.00000,5652.64000,416.05000,4.10000
18.10000,fast,-20.65000,41958.00000,5652.64000,415.84000,4.10000
18.11000,fast,-20.13000,41958.00000,5652.64000,415.64000,4.10000
18.12000,fast,-20.13000,41958.00000,5652.64000,415.44000,4.10000
18.13000,fast,-18.06000,41958.00000,5652.64000,415.24000,4.10000
18.14000,fast,-19.61000,41858.00000,5669.65000,415.05000,4.10000
18.15000,fast,-20.65000,41858.00000,5669.65000,414.86000,4.10000
18.16000,fast,-17.03000,41858.00000,5669.65000,414.67000,4.10000
18.17000,fast,-19.10000,41858.00000,5669.65000,414.48000,4.10000
18.18000,fast,-18.58000,41858.00000,5669.65000,414.30000,4.10000
18.19000,fast,-18.06000,41746.00000,5688.75000,414.11000,4.10000
18.20000,fast,-17.03000,41746.00000,5688.75000,413.93000,4.10000
18.21000,fast,-20.13000,41746.00000,5688.75000,413.74000,4.10000
18.22000,fast,-18.58000,41746.00000,5688.75000,413.55000,4.10000
18.23000,fast,-21.68000,41746.00000,5688.75000,413.35000,4.10000
18.24000,fast,-19.61000,41648.00000,5705.49000,413.16000,4.10000
18.25000,fast,-18.58000,41648.00000,5705.49000,412.97000,4.10000
18.26000,fast,-18.06000,41648.00000,5705.49000,412.77000,4.09000
18.27000,fast,-18.58000,41648.00000,5705.49000,412.57000,4.09000
18.28000,fast,-22.71000,41648.00000,5705.49000,412.38000,4.09000
18.29000,fast,-21.16000,41572.00000,5718.50000,412.17000,4.09000
18.30000,fast,-19.10000,41572.00000,5718.50000,411.97000,4.09000
18.31000,fast,-19.61000,41572.00000,5718.50000,411.77000,4.09000
18.32000,fast,-19.10000,41572.00000,5718.50000,411.56000,4.09000
18.33000,fast,-23.23000,41572.00000,5718.50000,411.35000,4.09000
18.34000,fast,-22.19000,41514.00000,5728.43000,411.14000,4.09000
18.35000,fast,-20.65000,41514.00000,5728.43000,410.93000,4.09000
18.36000,fast,-21.16000,41514.00000,5728.43000,410.72000,4.09000
18.37000,fast,-19.10000,41514.00000,5728.43000,410.52000,4.09000
18.38000,fast,-19.61000,41514.00000,5728.43000,410.31000,4.09000
18.39000,fast,-21.68000,41442.00000,5740.79000,410.11000,4.09000
18.40000,fast,-22.71000,41442.00000,5740.79000,409.90000,4.09000
18.41000,fast,-18.58000,41442.00000,5740.79000,409.70000,4.09000
18.42000,fast,-19.61000,41442.00000,5740.79000,409.50000,4.09000
18.43000,fast,-19.61000,41442.00000,5740.79000,409.30000,4.09000
18.44000,fast,-21.16000,41377.00000,5751.95000,409.10000,4.09000
18.45000,fast,-19.61000,41377.00000,5751.95000,408.90000,4.09000
18.46000,fast,-17.55000,41377.00000,5751.95000,408.71000,4.09000
18.47000,fast,-17.55000,41377.00000,5751.95000,408.52000,4.09000
18.48000,fast,-20.13000,41377.00000,5751.95000,408.33000,4.09000
18.49000,fast,-18.58000,41281.00000,5768.47000,408.14000,4.09000
18.50000,fast,-19.10000,41281.00000,5768.47000,407.95000,4.09000
18.51000,fast,-21.16000,41281.00000,5768.47000,407.75000,4.09000
18.52000,fast,-21.68000,41281.00000,5768.47000,407.54000,4.09000
18.53000,fast,-20.65000,41281.00000,5768.47000,407.34000,4.09000
18.54000,fast,-21.16000,41232.00000,5776.92000,407.14000,4.09000
18.55000,fast,-17.55000,41232.00000,5776.92000,406.93000,4.09000
18.56000,fast,-19.10000,41232.00000,5776.92000,406.73000,4.09000
18.57000,fast,-22.19000,41232.00000,5776.92000,406.53000,4.09000
18.58000,fast,-20.65000,41232.00000,5776.92000,406.32000,4.09000
18.59000,fast,-22.19000,41151.00000,5790.89000,406.11000,4.09000
18.60000,fast,-19.10000,41151.00000,5790.89000,405.90000,4.09000
18.61000,fast,-24.26000,41151.00000,5790.89000,405.70000,4.09000
18.62000,fast,-17.55000,41151.00000,5790.89000,405.49000,4.09000
18.63000,fast,-19.61000,41151.00000,5790.89000,405.29000,4.09000
18.64000,fast,-19.10000,41046.00000,5809.04000,405.09000,4.09000
18.65000,fast,-19.61000,41046.00000,5809.04000,404.89000,4.09000
18.66000,fast,-22.19000,41046.00000,5809.04000,404.68000,4.09000
18.67000,fast,-23.23000,41046.00000,5809.04000,404.47000,4.09000
18.68000,fast,-20.13000,41046.00000,5809.04000,404.26000,4.09000
18.69000,fast,-21.16000,40949.00000,5825.84000,404.05000,4.09000
18.70000,fast,-21.68000,40949.00000,5825.84000,403.84000,4.09000
18.71000,fast,-21.16000,40949.00000,5825.84000,403.63000,4.09000
18.72000,fast,-19.10000,40949.00000,5825.84000,403.43000,4.09000
18.73000,fast,-18.58000,40949.00000,5825.84000,403.23000,4.09000
18.74000,fast,-20.65000,40854.00000,5842.33000,403.03000,4.09000
18.75000,fast,-20.13000,40854.00000,5842.33000,402.82000,4.09000
18.76000,fast,-20.65000,40854.00000,5842.33000,402.62000,4.09000
18.77000,fast,-20.65000,40854.00000,5842.33000,402.41000,4.09000
18.78000,fast,-22.71000,40854.00000,5842.33000,402.21000,4.09000
18.79000,fast,-19.10000,40761.00000,5858.49000,402.00000,4.09000
18.80000,fast,-20.65000,40761.00000,5858.49000,401.80000,4.09000
18.81000,fast,-18.58000,40761.00000,5858.49000,401.60000,4.09000
18.82000,fast,-18.58000,40761.00000,5858.49000,401.40000,4.09000
18.83000,fast,-23.74000,40761.00000,5858.49000,401.20000,4.09000
18.84000,fast,-19.10000,40645.00000,5878.70000,400.99000,4.09000
18.85000,fast,-19.61000,40645.00000,5878.70000,400.79000,4.09000
18.86000,fast,-20.65000,40645.00000,5878.70000,400.59000,4.09000
18.87000,fast,-20.65000,40645.00000,5878.70000,400.38000,4.09000
18.88000,fast,-21.68000,40645.00000,5878.70000,400.17000,4.09000
18.89000,fast,-21.68000,40520.00000,5900.53000,399.96000,4.09000
18.90000,fast,-18.58000,40520.00000,5900.53000,399.76000,4.09000
18.91000,fast,-22.19000,40520.00000,5900.53000,399.55000,4.09000
18.92000,fast,-19.61000,40520.00000,5900.53000,399.34000,4.09000
18.93000,fast,-21.68000,40520.00000,5900.53000,399.14000,4.09000
18.94000,fast,-20.13000,40403.00000,5921.01000,398.93000,4.09000
18.95000,fast,-19.10000,40403.00000,5921.01000,398.73000,4.09000
18.96000,fast,-21.16000,40403.00000,5921.01000,398.53000,4.09000
18.97000,fast,-22.71000,40403.00000,5921.01000,398.33000,4.09000
18.98000,fast,-16.00000,40403.00000,5921.01000,398.13000,4.09000
18.99000,fast,-18.06000,40270.00000,5944.35000,397.93000,4.09000
19.00000,fast,-22.71000,40270.00000,5944.35000,397.73000,4.09000
19.01000,fast,-20.65000,40270.00000,5944.35000,397.53000,4.09000
19.02000,fast,-21.16000,40270.00000,5944.35000,397.32000,4.09000
19.03000,fast,-20.13000,40270.00000,5944.35000,397.11000,4.09000
19.04000,fast,-19.10000,40199.00000,5956.84000,396.90000,4.09000
19.05000,fast,-22.19000,40199.00000,5956.84000,396.69000,4.09000
19.06000,fast,-22.71000,40199.00000,5956.84000,396.48000,4.09000
19.07000,fast,-22.71000,40199.00000,5956.84000,396.27000,4.09000
19.08000,fast,-19.61000,40199.00000,5956.84000,396.06000,4.09000
19.09000,fast,-18.58000,40071.00000,5979.39000,395.86000,4.09000
19.10000,fast,-20.13000,40071.00000,5979.39000,395.66000,4.09000
19.11000,fast,-17.55000,40071.00000,5979.39000,395.45000,4.09000
19.12000,fast,-22.19000,40071.00000,5979.39000,395.25000,4.09000
19.13000,fast,-24.77000,40071.00000,5979.39000,395.03000,4.09000
19.14000,fast,-22.71000,39977.00000,5995.99000,394.81000,4.09000
19.15000,fast,-21.16000,39977.00000,5995.99000,394.60000,4.09000
19.16000,fast,-19.10000,39977.00000,5995.99000,394.38000,4.09000
19.17000,fast,-22.71000,39977.00000,5995.99000,394.17000,4.09000
19.18000,fast,-18.06000,39977.00000,5995.99000,393.97000,4.09000
19.19000,fast,-20.65000,39876.00000,6013.86000,393.76000,4.09000
19.20000,fast,-22.71000,39876.00000,6013.86000,393.55000,4.09000
19.21000,fast,-20.13000,39876.00000,6013.86000,393.34000,4.09000
19.22000,fast,-21.16000,39876.00000,6013.86000,393.14000,4.09000
19.23000,fast,-22.19000,39876.00000,6013.86000,392.93000,4.09000
19.24000,fast,-18.06000,39791.00000,6028.93000,392.73000,4.09000
19.25000,fast,-19.61000,39791.00000,6028.93000,392.53000,4.09000
19.26000,fast,-19.61000,39791.00000,6028.93000,392.33000,4.09000
19.27000,fast,-19.10000,39791.00000,6028.93000,392.13000,4.09000
19.28000,fast,-20.13000,39791.00000,6028.93000,391.93000,4.09000
19.29000,fast,-21.16000,39727.00000,6040.30000,391.72000,4.09000
19.30000,fast,-22.19000,39727.00000,6040.30000,391.51000,4.09000
19.31000,fast,-22.71000,39727.00000,6040.30000,391.29000,4.09000
19.32000,fast,-23.23000,39727.00000,6040.30000,391.08000,4.09000
19.33000,fast,-20.65000,39727.00000,6040.30000,390.86000,4.09000
19.34000,fast,-18.58000,39698.00000,6045.45000,390.65000,4.09000
19.35000,fast,-20.13000,39698.00000,6045.45000,390.44000,4.09000
19.36000,fast,-22.19000,39698.00000,6045.45000,390.23000,4.09000
19.37000,fast,-23.74000,39698.00000,6045.45000,390.01000,4.09000
19.38000,fast,-23.23000,39698.00000,6045.45000,389.80000,4.09000
19.39000,fast,-19.61000,39672.00000,6050.07000,389.58000,4.09000
19.40000,fast,-19.61000,39672.00000,6050.07000,389.37000,4.09000
19.41000,fast,-21.16000,39672.00000,6050.07000,389.17000,4.09000
19.42000,fast,-20.13000,39672.00000,6050.07000,388.97000,4.09000
19.43000,fast,-20.13000,39672.00000,6050.07000,388.77000,4.09000
19.44000,fast,-17.55000,39648.00000,6054.34000,388.58000,4.09000
19.45000,fast,-18.58000,39648.00000,6054.34000,388.38000,4.09000
19.46000,fast,-18.58000,39648.00000,6054.34000,388.19000,4.09000
19.47000,fast,-22.19000,39648.00000,6054.34000,387.98000,4.09000
19.48000,fast,-22.19000,39648.00000,6054.34000,387.78000,4.09000
19.49000,fast,-21.68000,39616.00000,6060.04000,387.56000,4.09000
19.50000,fast,-20.13000,39616.00000,6060.04000,387.35000,4.09000
19.51000,fast,-22.19000,39616.00000,6060.04000,387.14000,4.09000
19.52000,fast,-21.16000,39616.00000,6060.04000,386.92000,4.09000
19.53000,fast,-22.19000,39616.00000,6060.04000,386.71000,4.09000
19.54000,fast,-20.65000,39563.00000,6069.48000,386.51000,4.09000
19.55000,fast,-17.55000,39563.00000,6069.48000,386.31000,4.09000
19.56000,fast,-18.58000,39563.00000,6069.48000,386.11000,4.09000
19.57000,fast,-19.61000,39563.00000,6069.48000,385.91000,4.09000
19.58000,fast,-21.68000,39563.00000,6069.48000,385.71000,4.09000
19.59000,fast,-22.19000,39522.00000,6076.79000,385.50000,4.09000
19.60000,fast,-20.65000,39522.00000,6076.79000,385.30000,4.09000
19.61000,fast,-20.65000,39522.00000,6076.79000,385.09000,4.09000
19.62000,fast,-19.61000,39522.00000,6076.79000,384.88000,4.09000
19.63000,fast,-19.61000,39522.00000,6076.79000,384.68000,4.09000
19.64000,fast,-19.61000,39495.00000,6081.61000,384.48000,4.09000
19.65000,fast,-21.68000,39495.00000,6081.61000,384.27000,4.09000
19.66000,fast,-22.19000,39495.00000,6081.61000,384.07000,4.09000
19.67000,fast,-19.61000,39495.00000,6081.61000,383.86000,4.09000
19.68000,fast,-20.65000,39495.00000,6081.61000,383.65000,4.09000
19.69000,fast,-18.06000,39434.00000,6092.51000,383.45000,4.09000
19.70000,fast,-23.23000,39434.00000,6092.51000,383.24000,4.09000
19.71000,fast,-23.23000,39434.00000,6092.51000,383.02000,4.09000
19.72000,fast,-20.13000,39434.00000,6092.51000,382.81000,4.09000
19.73000,fast,-21.16000,39434.00000,6092.51000,382.60000,4.09000
19.74000,fast,-20.65000,39362.00000,6105.39000,382.40000,4.09000
19.75000,fast,-18.06000,39362.00000,6105.39000,382.20000,4.09000
19.76000,fast,-19.61000,39362.00000,6105.39000,382.01000,4.09000
19.77000,fast,-18.06000,39362.00000,6105.39000,381.82000,4.09000
19.78000,fast,-17.03000,39362.00000,6105.39000,381.63000,4.09000
19.79000,fast,-21.16000,39297.00000,6117.03000,381.43000,4.09000
19.80000,fast,-20.65000,39297.00000,6117.03000,381.23000,4.09000
19.81000,fast,-21.68000,39297.00000,6117.03000,381.03000,4.09000
19.82000,fast,-21.16000,39297.00000,6117.03000,380.82000,4.09000
19.83000,fast,-21.16000,39297.00000,6117.03000,380.62000,4.09000
19.84000,fast,-18.58000,39224.00000,6130.12000,380.42000,4.09000
19.85000,fast,-17.03000,39224.00000,6130.12000,380.23000,4.09000
19.86000,fast,-19.61000,39224.00000,6130.12000,380.03000,4.08000
19.87000,fast,-19.61000,39224.00000,6130.12000,379.84000,4.08000
19.88000,fast,-21.68000,39224.00000,6130.12000,379.64000,4.08000
19.89000,fast,-19.10000,39156.00000,6142.34000,379.45000,4.08000
19.90000,fast,-18.06000,39156.00000,6142.34000,379.25000,4.08000
19.91000,fast,-20.13000,39156.00000,6142.34000,379.06000,4.08000
19.92000,fast,-18.58000,39156.00000,6142.34000,378.87000,4.08000
19.93000,fast,-18.58000,39156.00000,6142.34000,378.69000,4.08000
19.94000,fast,-18.58000,39068.00000,6158.17000,378.50000,4.08000
19.95000,fast,-16.52000,39068.00000,6158.17000,378.32000,4.08000
19.96000,fast,-20.13000,39068.00000,6158.17000,378.13000,4.08000
19.97000,fast,-19.10000,39068.00000,6158.17000,377.94000,4.08000
19.98000,fast,-17.55000,39068.00000,6158.17000,377.76000,4.08000
19.99000,fast,-19.10000,38976.00000,6174.76000,377.57000,4.08000
20.00000,fast,-17.55000,38976.00000,6174.76000,377.38000,4.08000
20.01000,fast,-21.16000,38976.00000,6174.76000,377.19000,4.08000
20.02000,fast,-19.10000,38976.00000,6174.76000,377.00000,4.08000
20.03000,fast,-18.06000,38976.00000,6174.76000,376.81000,4.08000
20.04000,fast,-20.65000,38882.00000,6191.73000,376.61000,4.08000
20.05000,fast,-19.61000,38882.00000,6191.73000,376.42000,4.08000
20.06000,fast,-18.06000,38882.00000,6191.73000,376.23000,4.08000
20.07000,fast,-20.65000,38882.00000,6191.73000,376.04000,4.08000
20.08000,fast,-18.06000,38882.00000,6191.73000,375.84000,4.08000
20.09000,fast,-19.10000,38805.00000,6205.67000,375.65000,4.08000
20.10000,fast,-17.03000,38805.00000,6205.67000,375.46000,4.08000
20.11000,fast,-22.19000,38805.00000,6205.67000,375.25000,4.08000
20.12000,fast,-22.71000,38805.00000,6205.67000,375.05000,4.08000
20.13000,fast,-23.23000,38805.00000,6205.67000,374.85000,4.08000
20.14000,fast,-16.52000,38707.00000,6223.43000,374.65000,4.08000
20.15000,fast,-18.58000,38707.00000,6223.43000,374.46000,4.08000
20.16000,fast,-16.52000,38707.00000,6223.43000,374.27000,4.08000
20.17000,fast,-20.65000,38707.00000,6223.43000,374.08000,4.08000
20.18000,fast,-18.58000,38707.00000,6223.43000,373.88000,4.09000
20.19000,fast,-20.65000,38615.00000,6240.14000,373.69000,4.09000
20.20000,fast,-20.65000,38615.00000,6240.14000,373.49000,4.09000
20.21000,fast,-19.61000,38615.00000,6240.14000,373.29000,4.09000
20.22000,fast,-20.65000,38615.00000,6240.14000,373.09000,4.09000
20.23000,fast,-18.58000,38615.00000,6240.14000,372.90000,4.09000
20.24000,fast,-17.03000,38511.00000,6259.07000,372.70000,4.09000
20.25000,fast,-21.68000,38511.00000,6259.07000,372.51000,4.09000
20.26000,fast,-20.13000,38511.00000,6259.07000,372.32000,4.09000
20.27000,fast,-17.03000,38511.00000,6259.07000,372.13000,4.09000
20.28000,fast,-20.13000,38511.00000,6259.07000,371.94000,4.09000
20.29000,fast,-17.03000,38395.00000,6280.23000,371.75000,4.09000
20.30000,fast,-18.58000,38395.00000,6280.23000,371.57000,4.09000
20.31000,fast,-19.10000,38395.00000,6280.23000,371.38000,4.09000
20.32000,fast,-19.61000,38395.00000,6280.23000,371.18000,4.09000
20.33000,fast,-21.68000,38395.00000,6280.23000,370.98000,4.09000
20.34000,fast,-19.10000,38299.00000,6297.78000,370.78000,4.09000
20.35000,fast,-22.19000,38299.00000,6297.78000,370.57000,4.09000
20.36000,fast,-20.65000,38299.00000,6297.78000,370.37000,4.09000
20.37000,fast,-19.10000,38299.00000,6297.78000,370.16000,4.09000
20.38000,fast,-22.19000,38299.00000,6297.78000,369.95000,4.09000
20.39000,fast,-20.65000,38200.00000,6315.92000,369.75000,4.09000
20.40000,fast,-18.06000,38200.00000,6315.92000,369.55000,4.09000
20.41000,fast,-22.19000,38200.00000,6315.92000,369.34000,4.09000
20.42000,fast,-19.10000,38200.00000,6315.92000,369.14000,4.09000
20.43000,fast,-21.68000,38200.00000,6315.92000,368.94000,4.09000
20.44000,fast,-17.55000,38087.00000,6336.67000,368.74000,4.09000
20.45000,fast,-20.65000,38087.00000,6336.67000,368.55000,4.09000
20.46000,fast,-20.13000,38087.00000,6336.67000,368.35000,4.09000
20.47000,fast,-17.55000,38087.00000,6336.67000,368.15000,4.09000
20.48000,fast,-21.16000,38087.00000,6336.67000,367.96000,4.09000
20.49000,fast,-19.61000,37976.00000,6357.10000,367.76000,4.09000
20.50000,fast,-19.61000,37976.00000,6357.10000,367.57000,4.08000
20.51000,fast,-18.06000,37976.00000,6357.10000,367.38000,4.08000
20.52000,fast,-18.06000,37976.00000,6357.10000,367.19000,4.08000
20.53000,fast,-20.65000,37976.00000,6357.10000,367.00000,4.08000
20.54000,fast,-19.61000,37877.00000,6375.36000,366.82000,4.08000
20.55000,fast,-14.97000,37877.00000,6375.36000,366.64000,4.08000
20.56000,fast,-17.55000,37877.00000,6375.36000,366.46000,4.08000
20.57000,fast,-18.06000,37877.00000,6375.36000,366.28000,4.08000
20.58000,fast,-17.55000,37877.00000,6375.36000,366.11000,4.08000
20.59000,fast,-18.58000,37794.00000,6390.70000,365.93000,4.08000
20.60000,fast,-16.00000,37794.00000,6390.70000,365.76000,4.08000
20.61000,fast,-17.03000,37794.00000,6390.70000,365.58000,4.08000
20.62000,fast,-18.06000,37794.00000,6390.70000,365.40000,4.08000
20.63000,fast,-19.61000,37794.00000,6390.70000,365.22000,4.08000
20.64000,fast,-17.55000,37680.00000,6411.81000,365.03000,4.08000
20.65000,fast,-19.61000,37680.00000,6411.81000,364.84000,4.08000
20.66000,fast,-21.68000,37680.00000,6411.81000,364.65000,4.08000
20.67000,fast,-19.10000,37680.00000,6411.81000,364.45000,4.08000
20.68000,coast,-19.61000,37680.00000,6411.81000,364.26000,4.08000
20.69000,coast,-18.06000,37587.00000,6429.08000,364.07000,4.08000
20.70000,coast,-17.55000,37587.00000,6429.08000,363.88000,4.08000
20.71000,coast,-18.58000,37587.00000,6429.08000,363.69000,4.08000
20.72000,coast,-21.68000,37587.00000,6429.08000,363.50000,4.08000
20.73000,coast,-17.55000,37587.00000,6429.08000,363.32000,4.08000
20.74000,coast,-18.06000,37487.00000,6447.68000,363.13000,4.08000
20.75000,coast,-18.06000,37487.00000,6447.68000,362.94000,4.08000
20.76000,coast,-18.06000,37487.00000,6447.68000,362.76000,4.08000
20.77000,coast,-20.13000,37487.00000,6447.68000,362.57000,4.08000
20.78000,coast,-19.10000,37487.00000,6447.68000,362.38000,4.08000
20.79000,coast,-18.06000,37369.00000,6469.68000,362.19000,4.08000
20.80000,coast,-18.58000,37369.00000,6469.68000,362.00000,4.08000
20.81000,coast,-19.61000,37369.00000,6469.68000,361.81000,4.08000
20.82000,coast,-20.13000,37369.00000,6469.68000,361.62000,4.08000
20.83000,coast,-20.13000,37369.00000,6469.68000,361.42000,4.08000
20.84000,coast,-20.13000,37236.00000,6494.55000,361.22000,4.08000
20.85000,coast,-19.61000,37236.00000,6494.55000,361.02000,4.08000
20.86000,coast,-19.61000,37236.00000,6494.55000,360.81000,4.08000
20.87000,coast,-21.68000,37236.00000,6494.55000,360.61000,4.08000
20.88000,coast,-22.71000,37236.00000,6494.55000,360.41000,4.08000
20.89000,coast,-18.06000,37138.00000,6512.91000,360.20000,4.08000
20.90000,coast,-18.58000,37138.00000,6512.91000,360.00000,4.08000
20.91000,coast,-22.19000,37138.00000,6512.91000,359.81000,4.08000
20.92000,coast,-18.06000,37138.00000,6512.91000,359.61000,4.08000
20.93000,coast,-19.61000,37138.00000,6512.91000,359.42000,4.08000
20.94000,coast,-17.55000,37039.00000,6531.51000,359.23000,4.08000
20.95000,coast,-20.13000,37039.00000,6531.51000,359.04000,4.08000
20.96000,coast,-18.58000,37039.00000,6531.51000,358.85000,4.08000
20.97000,coast,-19.10000,37039.00000,6531.51000,358.66000,4.08000
20.98000,coast,-17.03000,37039.00000,6531.51000,358.48000,4.08000
20.99000,coast,-18.06000,36929.00000,6552.22000,358.29000,4.08000
21.00000,coast,-20.65000,36929.00000,6552.22000,358.10000,4.08000
21.01000,coast,-20.65000,36929.00000,6552.22000,357.91000,4.08000
21.02000,coast,-18.58000,36929.00000,6552.22000,357.71000,4.08000
21.03000,coast,-19.10000,36929.00000,6552.22000,357.52000,4.08000
21.04000,coast,-19.10000,36827.00000,6571.47000,357.33000,4.08000
21.05000,coast,-17.55000,36827.00000,6571.47000,357.14000,4.08000
21.06000,coast,-19.10000,36827.00000,6571.47000,356.95000,4.08000
21.07000,coast,-18.58000,36827.00000,6571.47000,356.77000,4.08000
21.08000,coast,-21.68000,36827.00000,6571.47000,356.58000,4.08000
21.09000,coast,-16.00000,36711.00000,6593.41000,356.39000,4.08000
21.10000,coast,-17.03000,36711.00000,6593.41000,356.21000,4.08000
21.11000,coast,-20.13000,36711.00000,6593.41000,356.03000,4.08000
21.12000,coast,-16.00000,36711.00000,6593.41000,355.85000,4.08000
21.13000,coast,-18.06000,36711.00000,6593.41000,355.67000,4.08000
21.14000,coast,-19.61000,36593.00000,6615.79000,355.48000,4.10000
21.15000,coast,-17.55000,36593.00000,6615.79000,355.29000,4.10000
21.16000,coast,-23.23000,36593.00000,6615.79000,355.09000,4.10000
21.17000,coast,-19.10000,36593.00000,6615.79000,354.90000,4.10000
21.18000,coast,-20.65000,36593.00000,6615.79000,354.70000,4.10000
21.19000,coast,-19.10000,36506.00000,6632.32000,354.50000,4.10000
21.20000,coast,-18.58000,36506.00000,6632.32000,354.32000,4.10000
21.21000,coast,-16.52000,36506.00000,6632.32000,354.13000,4.10000
21.22000,coast,-18.58000,36506.00000,6632.32000,353.94000,4.10000
21.23000,coast,-18.58000,36506.00000,6632.32000,353.75000,4.10000
21.24000,coast,-23.23000,36409.00000,6650.80000,353.55000,4.10000
21.25000,coast,-20.65000,36409.00000,6650.80000,353.34000,4.10000
21.26000,coast,-19.61000,36409.00000,6650.80000,353.14000,4.10000
21.27000,coast,-20.65000,36409.00000,6650.80000,352.94000,4.10000
21.28000,coast,-22.19000,36409.00000,6650.80000,352.73000,4.10000
21.29000,coast,-16.52000,36321.00000,6667.59000,352.53000,4.10000
21.30000,coast,-20.13000,36321.00000,6667.59000,352.34000,4.10000
21.31000,coast,-20.13000,36321.00000,6667.59000,352.14000,4.10000
21.32000,coast,-22.19000,36321.00000,6667.59000,351.94000,4.10000
21.33000,coast,-18.06000,36321.00000,6667.59000,351.73000,4.10000
21.34000,coast,-21.16000,36218.00000,6687.29000,351.53000,4.10000
21.35000,coast,-20.13000,36218.00000,6687.29000,351.33000,4.10000
21.36000,coast,-22.19000,36218.00000,6687.29000,351.12000,4.10000
21.37000,coast,-19.61000,36218.00000,6687.29000,350.93000,4.10000
21.38000,coast,-17.03000,36218.00000,6687.29000,350.74000,4.10000
21.39000,coast,-19.10000,36122.00000,6705.69000,350.55000,4.10000
21.40000,coast,-16.52000,36122.00000,6705.69000,350.36000,4.10000
21.41000,coast,-19.10000,36122.00000,6705.69000,350.17000,4.10000
21.42000,coast,-19.61000,36122.00000,6705.69000,349.97000,4.10000
21.43000,coast,-22.71000,36122.00000,6705.69000,349.77000,4.10000
21.44000,coast,-22.19000,36013.00000,6726.64000,349.56000,4.10000
21.45000,coast,-22.19000,36013.00000,6726.64000,349.35000,4.10000
21.46000,coast,-19.61000,36013.00000,6726.64000,349.13000,4.09000
21.47000,coast,-20.65000,36013.00000,6726.64000,348.92000,4.09000
21.48000,coast,-22.19000,36013.00000,6726.64000,348.71000,4.09000
21.49000,coast,-21.16000,35921.00000,6744.35000,348.51000,4.09000
21.50000,coast,-18.58000,35921.00000,6744.35000,348.31000,4.09000
21.51000,coast,-18.06000,35921.00000,6744.35000,348.11000,4.09000
21.52000,coast,-19.61000,35921.00000,6744.35000,347.91000,4.09000
21.53000,coast,-21.16000,35921.00000,6744.35000,347.72000,4.09000
21.54000,coast,-20.13000,35837.00000,6760.56000,347.52000,4.09000
21.55000,coast,-19.10000,35837.00000,6760.56000,347.33000,4.09000
21.56000,coast,-18.58000,35837.00000,6760.56000,347.14000,4.09000
21.57000,coast,-18.58000,35837.00000,6760.56000,346.95000,4.09000
21.58000,coast,-18.06000,35837.00000,6760.56000,346.76000,4.09000
21.59000,coast,-18.06000,35720.00000,6783.19000,346.56000,4.09000
21.60000,coast,-20.65000,35720.00000,6783.19000,346.37000,4.09000
21.61000,coast,-23.74000,35720.00000,6783.19000,346.16000,4.09000
21.62000,coast,-19.10000,35720.00000,6783.19000,345.96000,4.09000
21.63000,coast,-21.16000,35720.00000,6783.19000,345.75000,4.09000
21.64000,coast,-20.13000,35636.00000,6799.47000,345.55000,4.09000
21.65000,coast,-18.06000,35636.00000,6799.47000,345.35000,4.09000
21.66000,coast,-19.10000,35636.00000,6799.47000,345.16000,4.09000
21.67000,coast,-22.19000,35636.00000,6799.47000,344.97000,4.09000
21.68000,coast,-18.06000,35636.00000,6799.47000,344.78000,4.09000
21.69000,coast,-16.52000,35568.00000,6812.67000,344.59000,4.09000
21.70000,coast,-16.52000,35568.00000,6812.67000,344.41000,4.09000
21.71000,coast,-18.58000,35568.00000,6812.67000,344.22000,4.09000
21.72000,coast,-23.23000,35568.00000,6812.67000,344.02000,4.09000
21.73000,coast,-20.65000,35568.00000,6812.67000,343.82000,4.09000
21.74000,coast,-22.19000,35468.00000,6832.12000,343.61000,4.09000
21.75000,coast,-19.10000,35468.00000,6832.12000,343.40000,4.09000
21.76000,coast,-20.65000,35468.00000,6832.12000,343.20000,4.09000
21.77000,coast,-20.13000,35468.00000,6832.12000,343.00000,4.09000
21.78000,coast,-17.55000,35468.00000,6832.12000,342.80000,4.07000
21.79000,coast,-20.65000,35382.00000,6848.89000,342.61000,4.07000
21.80000,coast,-19.10000,35382.00000,6848.89000,342.41000,4.07000
21.81000,coast,-21.16000,35382.00000,6848.89000,342.21000,4.07000
21.82000,coast,-18.58000,35382.00000,6848.89000,342.02000,4.07000
21.83000,coast,-21.16000,35382.00000,6848.89000,341.82000,4.07000
21.84000,coast,-18.58000,35292.00000,6866.47000,341.62000,4.07000
21.85000,coast,-20.65000,35292.00000,6866.47000,341.43000,4.07000
21.86000,coast,-18.06000,35292.00000,6866.47000,341.24000,4.07000
21.87000,coast,-17.55000,35292.00000,6866.47000,341.05000,4.07000
21.88000,coast,-18.06000,35292.00000,6866.47000,340.86000,4.07000
21.89000,coast,-20.13000,35234.00000,6877.82000,340.66000,4.07000
21.90000,coast,-22.19000,35234.00000,6877.82000,340.46000,4.07000
21.91000,coast,-21.16000,35234.00000,6877.82000,340.26000,4.07000
21.92000,coast,-19.61000,35234.00000,6877.82000,340.06000,4.07000
21.93000,coast,-19.61000,35234.00000,6877.82000,339.85000,4.07000
21.94000,coast,-21.16000,35183.00000,6887.81000,339.65000,4.07000
21.95000,coast,-17.55000,35183.00000,6887.81000,339.45000,4.07000
21.96000,coast,-20.65000,35183.00000,6887.81000,339.25000,4.07000
21.97000,coast,-22.19000,35183.00000,6887.81000,339.04000,4.07000
21.98000,coast,-21.68000,35183.00000,6887.81000,338.84000,4.07000
21.99000,coast,-19.61000,35186.00000,6887.22000,338.64000,4.07000
22.00000,coast,-19.61000,35186.00000,6887.22000,338.44000,4.07000
22.01000,coast,-17.03000,35186.00000,6887.22000,338.24000,4.07000
22.02000,coast,-19.61000,35186.00000,6887.22000,338.05000,4.07000
22.03000,coast,-21.68000,35186.00000,6887.22000,337.85000,4.07000
22.04000,coast,-20.13000,35199.00000,6884.67000,337.64000,4.07000
22.05000,coast,-21.16000,35199.00000,6884.67000,337.44000,4.07000
22.06000,coast,-20.13000,35199.00000,6884.67000,337.24000,4.07000
22.07000,coast,-19.61000,35199.00000,6884.67000,337.04000,4.07000
22.08000,coast,-21.68000,35199.00000,6884.67000,336.84000,4.07000
22.09000,coast,-17.03000,35185.00000,6887.42000,336.65000,4.07000
22.10000,coast,-18.06000,35185.00000,6887.42000,336.47000,4.09000
22.11000,coast,-16.52000,35185.00000,6887.42000,336.29000,4.09000
22.12000,coast,-18.06000,35185.00000,6887.42000,336.11000,4.09000
22.13000,coast,-19.10000,35185.00000,6887.42000,335.93000,4.09000
22.14000,coast,-16.00000,35172.00000,6889.97000,335.74000,4.09000
22.15000,coast,-19.10000,35172.00000,6889.97000,335.56000,4.09000
22.16000,coast,-22.19000,35172.00000,6889.97000,335.37000,4.09000
22.17000,coast,-19.10000,35172.00000,6889.97000,335.18000,4.09000
22.18000,coast,-17.55000,35172.00000,6889.97000,334.99000,4.09000
22.19000,coast,-18.06000,35111.00000,6901.94000,334.80000,4.09000
22.20000,coast,-19.10000,35111.00000,6901.94000,334.62000,4.09000
22.21000,coast,-16.00000,35111.00000,6901.94000,334.43000,4.09000
22.22000,coast,-19.61000,35111.00000,6901.94000,334.25000,4.09000
22.23000,coast,-20.65000,35111.00000,6901.94000,334.06000,4.09000
22.24000,coast,-21.16000,35024.00000,6919.04000,333.87000,4.09000
22.25000,coast,-16.52000,35024.00000,6919.04000,333.68000,4.09000
22.26000,coast,-16.52000,35024.00000,6919.04000,333.50000,4.09000
22.27000,coast,-17.55000,35024.00000,6919.04000,333.32000,4.09000
22.28000,coast,-19.61000,35024.00000,6919.04000,333.14000,4.09000
22.29000,coast,-17.55000,34866.00000,6950.18000,332.96000,4.09000
22.30000,coast,-17.55000,34866.00000,6950.18000,332.79000,4.09000
22.31000,coast,-17.03000,34866.00000,6950.18000,332.61000,4.09000
22.32000,coast,-17.03000,34866.00000,6950.18000,332.43000,4.09000
22.33000,coast,-18.58000,34866.00000,6950.18000,332.26000,4.09000
22.34000,coast,-17.03000,34812.00000,6960.85000,332.09000,4.09000
22.35000,coast,-16.52000,34812.00000,6960.85000,331.91000,4.09000
22.36000,coast,-16.52000,34812.00000,6960.85000,331.74000,4.09000
22.37000,coast,-18.06000,34812.00000,6960.85000,331.56000,4.09000
22.38000,coast,-20.13000,34812.00000,6960.85000,331.38000,4.09000
22.39000,coast,-19.61000,34750.00000,6973.12000,331.20000,4.09000
22.40000,coast,-17.03000,34750.00000,6973.12000,331.02000,4.09000
22.41000,coast,-14.45000,34750.00000,6973.12000,330.85000,4.09000
22.42000,coast,-16.00000,34750.00000,6973.12000,330.68000,4.09000
22.43000,coast,-19.10000,34750.00000,6973.12000,330.51000,4.09000
22.44000,coast,-16.52000,34746.00000,6973.91000,330.33000,4.09000
22.45000,coast,-19.61000,34746.00000,6973.91000,330.16000,4.09000
22.46000,coast,-16.52000,34746.00000,6973.91000,329.98000,4.09000
22.47000,coast,-18.58000,34746.00000,6973.91000,329.80000,4.09000
22.48000,coast,-20.13000,34746.00000,6973.91000,329.62000,4.09000
22.49000,coast,-16.52000,34748.00000,6973.51000,329.44000,4.09000
22.50000,coast,-16.00000,34748.00000,6973.51000,329.27000,4.09000
22.51000,coast,-15.48000,34748.00000,6973.51000,329.10000,4.09000
22.52000,coast,-19.10000,34748.00000,6973.51000,328.92000,4.09000
22.53000,coast,-17.55000,34748.00000,6973.51000,328.75000,4.09000
22.54000,coast,-16.52000,34724.00000,6978.27000,328.57000,4.09000
22.55000,coast,-19.61000,34724.00000,6978.27000,328.40000,4.09000
22.56000,coast,-18.06000,34724.00000,6978.27000,328.22000,4.09000
22.57000,coast,-16.52000,34724.00000,6978.27000,328.05000,4.09000
22.58000,coast,-15.48000,34724.00000,6978.27000,327.87000,4.09000
22.59000,coast,-18.58000,34689.00000,6985.20000,327.70000,4.09000
22.60000,coast,-19.10000,34689.00000,6985.20000,327.53000,4.09000
22.61000,coast,-16.00000,34689.00000,6985.20000,327.35000,4.09000
22.62000,coast,-16.00000,34689.00000,6985.20000,327.18000,4.09000
22.63000,coast,-18.06000,34689.00000,6985.20000,327.01000,4.09000
22.64000,coast,-16.52000,34630.00000,6996.91000,326.83000,4.09000
22.65000,coast,-19.61000,34630.00000,6996.91000,326.66000,4.09000
22.66000,coast,-16.52000,34630.00000,6996.91000,326.48000,4.09000
22.67000,coast,-17.55000,34630.00000,6996.91000,326.30000,4.09000
22.68000,coast,-20.65000,34630.00000,6996.91000,326.13000,4.09000
22.69000,coast,-14.97000,34641.00000,6994.73000,325.95000,4.09000
22.70000,coast,-17.55000,34641.00000,6994.73000,325.78000,4.09000
22.71000,coast,-16.52000,34641.00000,6994.73000,325.61000,4.09000
22.72000,coast,-16.00000,34641.00000,6994.73000,325.45000,4.09000
22.73000,coast,-16.00000,34641.00000,6994.73000,325.29000,4.09000
22.74000,coast,-16.00000,34759.00000,6971.33000,325.12000,4.09000
22.75000,coast,-16.00000,34759.00000,6971.33000,324.96000,4.09000
22.76000,coast,-17.03000,34759.00000,6971.33000,324.81000,4.09000
22.77000,coast,-14.45000,34759.00000,6971.33000,324.65000,4.09000
22.78000,coast,-12.90000,34759.00000,6971.33000,324.49000,4.09000
22.79000,coast,-18.06000,34782.00000,6966.78000,324.33000,4.09000
22.80000,coast,-17.55000,34782.00000,6966.78000,324.17000,4.09000
22.81000,coast,-14.97000,34782.00000,6966.78000,324.01000,4.09000
22.82000,coast,-17.03000,34782.00000,6966.78000,323.84000,4.09000
22.83000,coast,-17.55000,34782.00000,6966.78000,323.68000,4.09000
22.84000,coast,-15.48000,34764.00000,6970.35000,323.51000,4.09000
22.85000,coast,-17.55000,34764.00000,6970.35000,323.34000,4.09000
22.86000,coast,-17.03000,34764.00000,6970.35000,323.17000,4.09000
22.87000,coast,-17.55000,34764.00000,6970.35000,323.00000,4.09000
22.88000,coast,-17.55000,34764.00000,6970.35000,322.83000,4.09000
22.89000,coast,-17.55000,34686.00000,6985.80000,322.66000,4.09000
22.90000,coast,-15.48000,34686.00000,6985.80000,322.48000,4.09000
22.91000,coast,-17.55000,34686.00000,6985.80000,322.31000,4.09000
22.92000,coast,-16.52000,34686.00000,6985.80000,322.14000,4.09000
22.93000,coast,-19.61000,34686.00000,6985.80000,321.96000,4.09000
22.94000,coast,-18.06000,34588.00000,7005.25000,321.78000,4.09000
22.95000,coast,-17.55000,34588.00000,7005.25000,321.60000,4.09000
22.96000,coast,-18.06000,34588.00000,7005.25000,321.42000,4.09000
22.97000,coast,-18.06000,34588.00000,7005.25000,321.24000,4.09000
22.98000,coast,-19.10000,34588.00000,7005.25000,321.06000,4.09000
22.99000,coast,-17.03000,34491.00000,7024.56000,320.89000,4.09000
23.00000,coast,-16.00000,34491.00000,7024.56000,320.71000,4.09000
23.01000,coast,-18.06000,34491.00000,7024.56000,320.54000,4.09000
23.02000,coast,-17.55000,34491.00000,7024.56000,320.37000,4.09000
23.03000,coast,-16.52000,34491.00000,7024.56000,320.20000,4.09000
23.04000,coast,-16.00000,34374.00000,7047.90000,320.04000,4.09000
23.05000,coast,-14.45000,34374.00000,7047.90000,319.87000,4.09000
23.06000,coast,-18.58000,34374.00000,7047.90000,319.70000,4.09000
23.07000,coast,-16.52000,34374.00000,7047.90000,319.54000,4.09000
23.08000,coast,-17.55000,34374.00000,7047.90000,319.37000,4.09000
23.09000,coast,-16.00000,34294.00000,7063.89000,319.20000,4.09000
23.10000,coast,-17.03000,34294.00000,7063.89000,319.03000,4.09000
23.11000,coast,-17.03000,34294.00000,7063.89000,318.86000,4.09000
23.12000,coast,-17.03000,34294.00000,7063.89000,318.70000,4.09000
23.13000,coast,-16.00000,34294.00000,7063.89000,318.53000,4.09000
23.14000,coast,-17.55000,34183.00000,7086.14000,318.36000,4.09000
23.15000,coast,-16.00000,34183.00000,7086.14000,318.20000,4.09000
23.16000,coast,-16.52000,34183.00000,7086.14000,318.04000,4.09000
23.17000,coast,-14.97000,34183.00000,7086.14000,317.88000,4.09000
23.18000,coast,-12.90000,34183.00000,7086.14000,317.73000,4.09000
23.19000,coast,-18.06000,34086.00000,7105.62000,317.57000,4.09000
23.20000,coast,-15.48000,34086.00000,7105.62000,317.41000,4.09000
23.21000,coast,-16.52000,34086.00000,7105.62000,317.26000,4.09000
23.22000,coast,-14.45000,34086.00000,7105.62000,317.10000,4.09000
23.23000,coast,-15.48000,34086.00000,7105.62000,316.94000,4.09000
23.24000,coast,-17.03000,33999.00000,7123.14000,316.79000,4.09000
23.25000,coast,-14.45000,33999.00000,7123.14000,316.64000,4.09000
23.26000,coast,-12.39000,33999.00000,7123.14000,316.49000,4.09000
23.27000,coast,-13.94000,33999.00000,7123.14000,316.34000,4.09000
23.28000,coast,-17.03000,33999.00000,7123.14000,316.19000,4.09000
23.29000,coast,-17.03000,33920.00000,7139.07000,316.03000,4.09000
23.30000,coast,-16.52000,33920.00000,7139.07000,315.87000,4.09000
23.31000,coast,-17.55000,33920.00000,7139.07000,315.70000,4.09000
23.32000,coast,-16.52000,33920.00000,7139.07000,315.54000,4.09000
23.33000,coast,-14.45000,33920.00000,7139.07000,315.38000,4.09000
23.34000,coast,-13.42000,33835.00000,7156.25000,315.23000,4.09000
23.35000,coast,-16.52000,33835.00000,7156.25000,315.07000,4.09000
23.36000,coast,-15.48000,33835.00000,7156.25000,314.92000,4.09000
23.37000,coast,-16.52000,33835.00000,7156.25000,314.76000,4.09000
23.38000,coast,-14.97000,33835.00000,7156.25000,314.61000,4.09000
23.39000,coast,-17.03000,33800.00000,7163.34000,314.45000,4.09000
23.40000,coast,-13.42000,33800.00000,7163.34000,314.29000,4.09000
23.41000,coast,-16.52000,33800.00000,7163.34000,314.13000,4.09000
23.42000,coast,-17.55000,33800.00000,7163.34000,313.97000,4.09000
23.43000,coast,-16.52000,33800.00000,7163.34000,313.81000,4.09000
23.44000,coast,-15.48000,33716.00000,7180.37000,313.66000,4.09000
23.45000,coast,-12.39000,33716.00000,7180.37000,313.50000,4.09000
23.46000,coast,-15.48000,33716.00000,7180.37000,313.35000,4.09000
23.47000,coast,-17.03000,33716.00000,7180.37000,313.20000,4.09000
23.48000,coast,-15.48000,33716.00000,7180.37000,313.05000,4.09000
23.49000,coast,-13.94000,33641.00000,7195.60000,312.89000,4.09000
23.50000,coast,-16.00000,33641.00000,7195.60000,312.74000,4.09000
23.51000,coast,-16.00000,33641.00000,7195.60000,312.58000,4.09000
23.52000,coast,-16.00000,33641.00000,7195.60000,312.42000,4.09000
23.53000,coast,-14.45000,33641.00000,7195.60000,312.27000,4.09000
23.54000,coast,-16.52000,33594.00000,7205.16000,312.11000,4.09000
23.55000,coast,-16.00000,33594.00000,7205.16000,311.95000,4.09000
23.56000,coast,-15.48000,33594.00000,7205.16000,311.80000,4.09000
23.57000,coast,-14.97000,33594.00000,7205.16000,311.64000,4.09000
23.58000,coast,-15.48000,33594.00000,7205.16000,311.49000,4.09000
23.59000,coast,-16.00000,33540.00000,7216.15000,311.33000,4.09000
23.60000,coast,-14.97000,33540.00000,7216.15000,311.18000,4.09000
23.61000,coast,-15.48000,33540.00000,7216.15000,311.02000,4.09000
23.62000,coast,-17.03000,33540.00000,7216.15000,310.86000,4.09000
23.63000,coast,-16.52000,33540.00000,7216.15000,310.70000,4.09000
23.64000,coast,-15.48000,33454.00000,7233.70000,310.55000,4.09000
23.65000,coast,-13.94000,33454.00000,7233.70000,310.39000,4.09000
23.66000,coast,-14.97000,33454.00000,7233.70000,310.24000,4.09000
23.67000,coast,-16.00000,33454.00000,7233.70000,310.08000,4.09000
23.68000,coast,-17.03000,33454.00000,7233.70000,309.92000,4.09000
23.69000,coast,-15.48000,33400.00000,7244.73000,309.76000,4.09000
23.70000,coast,-17.03000,33400.00000,7244.73000,309.60000,4.10000
23.71000,coast,-15.48000,33400.00000,7244.73000,309.44000,4.10000
23.72000,coast,-16.52000,33400.00000,7244.73000,309.28000,4.10000
23.73000,coast,-14.97000,33400.00000,7244.73000,309.11000,4.10000
23.74000,coast,-18.58000,33348.00000,7255.37000,308.95000,4.10000
23.75000,coast,-14.97000,33348.00000,7255.37000,308.79000,4.10000
23.76000,coast,-16.52000,33348.00000,7255.37000,308.63000,4.10000
23.77000,coast,-15.48000,33348.00000,7255.37000,308.47000,4.10000
23.78000,coast,-16.52000,33348.00000,7255.37000,308.31000,4.10000
23.79000,coast,-13.94000,33268.00000,7271.76000,308.16000,4.10000
23.80000,coast,-16.52000,33268.00000,7271.76000,308.00000,4.10000
23.81000,coast,-14.97000,33268.00000,7271.76000,307.85000,4.10000
23.82000,coast,-13.42000,33268.00000,7271.76000,307.70000,4.10000
23.83000,coast,-15.48000,33268.00000,7271.76000,307.55000,4.10000
23.84000,coast,-14.97000,33202.00000,7285.31000,307.40000,4.10000
23.85000,coast,-14.97000,33202.00000,7285.31000,307.25000,4.10000
23.86000,coast,-18.06000,33202.00000,7285.31000,307.09000,4.10000
23.87000,coast,-14.97000,33202.00000,7285.31000,306.93000,4.10000
23.88000,coast,-15.48000,33202.00000,7285.31000,306.78000,4.10000
23.89000,coast,-14.45000,33135.00000,7299.09000,306.63000,4.10000
23.90000,coast,-14.45000,33135.00000,7299.09000,306.48000,4.10000
23.91000,coast,-14.97000,33135.00000,7299.09000,306.34000,4.10000
23.92000,coast,-12.90000,33135.00000,7299.09000,306.20000,4.10000
23.93000,coast,-12.90000,33135.00000,7299.09000,306.06000,4.10000
23.94000,coast,-12.90000,33071.00000,7312.27000,305.93000,4.10000
23.95000,coast,-13.94000,33071.00000,7312.27000,305.79000,4.10000
23.96000,coast,-14.45000,33071.00000,7312.27000,305.64000,4.10000
23.97000,coast,-15.48000,33071.00000,7312.27000,305.49000,4.10000
23.98000,coast,-18.06000,33071.00000,7312.27000,305.34000,4.10000
23.99000,coast,-13.94000,32999.00000,7327.12000,305.18000,4.10000
24.00000,coast,-18.58000,32999.00000,7327.12000,305.03000,4.10000
24.01000,coast,-12.39000,32999.00000,7327.12000,304.87000,4.10000
24.02000,coast,-15.48000,32999.00000,7327.12000,304.71000,4.09000
24.03000,coast,-17.03000,32999.00000,7327.12000,304.56000,4.09000
24.04000,coast,-16.00000,32914.00000,7344.69000,304.40000,4.09000
24.05000,coast,-16.00000,32914.00000,7344.69000,304.24000,4.09000
24.06000,coast,-16.00000,32914.00000,7344.69000,304.07000,4.09000
24.07000,coast,-17.03000,32914.00000,7344.69000,303.91000,4.09000
24.08000,coast,-15.48000,32914.00000,7344.69000,303.76000,4.09000
24.09000,coast,-14.97000,32851.00000,7357.73000,303.60000,4.09000
24.10000,coast,-13.94000,32851.00000,7357.73000,303.45000,4.09000
24.11000,coast,-16.00000,32851.00000,7357.73000,303.29000,4.09000
24.12000,coast,-16.52000,32851.00000,7357.73000,303.14000,4.09000
24.13000,coast,-14.45000,32851.00000,7357.73000,302.99000,4.09000
24.14000,coast,-15.48000,32766.00000,7375.37000,302.84000,4.09000
24.15000,coast,-13.42000,32766.00000,7375.37000,302.69000,4.09000
24.16000,coast,-15.48000,32766.00000,7375.37000,302.54000,4.09000
24.17000,coast,-16.52000,32766.00000,7375.37000,302.38000,4.09000
24.18000,coast,-16.00000,32766.00000,7375.37000,302.23000,4.09000
24.19000,coast,-14.97000,32692.00000,7390.75000,302.08000,4.09000
24.20000,coast,-13.94000,32692.00000,7390.75000,301.93000,4.09000
24.21000,coast,-14.45000,32692.00000,7390.75000,301.78000,4.09000
24.22000,coast,-13.94000,32692.00000,7390.75000,301.63000,4.09000
24.23000,coast,-17.03000,32692.00000,7390.75000,301.48000,4.09000
24.24000,coast,-15.48000,32612.00000,7407.41000,301.33000,4.09000
24.25000,coast,-13.94000,32612.00000,7407.41000,301.17000,4.09000
24.26000,coast,-15.48000,32612.00000,7407.41000,301.02000,4.09000
24.27000,coast,-17.03000,32612.00000,7407.41000,300.87000,4.09000
24.28000,coast,-14.45000,32612.00000,7407.41000,300.71000,4.09000
24.29000,coast,-16.00000,32542.00000,7422.01000,300.56000,4.09000
24.30000,coast,-14.97000,32542.00000,7422.01000,300.41000,4.09000
24.31000,coast,-13.94000,32542.00000,7422.01000,300.26000,4.09000
24.32000,coast,-12.90000,32542.00000,7422.01000,300.12000,4.09000
24.33000,coast,-14.45000,32542.00000,7422.01000,299.98000,4.09000
24.34000,coast,-15.48000,32486.00000,7433.71000,299.83000,4.10000
24.35000,coast,-14.97000,32486.00000,7433.71000,299.68000,4.10000
24.36000,coast,-15.48000,32486.00000,7433.71000,299.52000,4.10000
24.37000,coast,-17.55000,32486.00000,7433.71000,299.37000,4.10000
24.38000,coast,-16.00000,32486.00000,7433.71000,299.21000,4.10000
24.39000,coast,-13.94000,32421.00000,7447.32000,299.05000,4.10000
24.40000,coast,-16.52000,32421.00000,7447.32000,298.90000,4.10000
24.41000,coast,-13.42000,32421.00000,7447.32000,298.75000,4.10000
24.42000,coast,-15.48000,32421.00000,7447.32000,298.60000,4.10000
24.43000,coast,-16.00000,32421.00000,7447.32000,298.45000,4.10000
24.44000,coast,-13.94000,32347.00000,7462.83000,298.29000,4.10000
24.45000,coast,-16.00000,32347.00000,7462.83000,298.14000,4.10000
24.46000,coast,-16.00000,32347.00000,7462.83000,297.99000,4.10000
24.47000,coast,-15.48000,32347.00000,7462.83000,297.84000,4.10000
24.48000,coast,-13.42000,32347.00000,7462.83000,297.69000,4.10000
24.49000,coast,-14.97000,32286.00000,7475.64000,297.54000,4.10000
24.50000,coast,-14.97000,32286.00000,7475.64000,297.39000,4.10000
24.51000,coast,-14.97000,32286.00000,7475.64000,297.24000,4.10000
24.52000,coast,-16.00000,32286.00000,7475.64000,297.09000,4.10000
24.53000,coast,-13.42000,32286.00000,7475.64000,296.94000,4.10000
24.54000,coast,-15.48000,32215.00000,7490.57000,296.80000,4.10000
24.55000,coast,-15.48000,32215.00000,7490.57000,296.65000,4.10000
24.56000,coast,-13.42000,32215.00000,7490.57000,296.51000,4.10000
24.57000,coast,-10.32000,32215.00000,7490.57000,296.37000,4.10000
24.58000,coast,-14.97000,32215.00000,7490.57000,296.23000,4.10000
24.59000,coast,-16.00000,32147.00000,7504.90000,296.09000,4.10000
24.60000,coast,-13.42000,32147.00000,7504.90000,295.95000,4.10000
24.61000,coast,-16.00000,32147.00000,7504.90000,295.81000,4.10000
24.62000,coast,-13.94000,32147.00000,7504.90000,295.67000,4.10000
24.63000,coast,-11.36000,32147.00000,7504.90000,295.53000,4.10000
24.64000,coast,-12.39000,32085.00000,7517.99000,295.40000,4.10000
24.65000,coast,-14.45000,32085.00000,7517.99000,295.26000,4.10000
24.66000,coast,-14.97000,32085.00000,7517.99000,295.13000,4.10000
24.67000,coast,-12.90000,32085.00000,7517.99000,294.99000,4.10000
24.68000,coast,-13.94000,32085.00000,7517.99000,294.84000,4.10000
24.69000,coast,-14.97000,32027.00000,7530.25000,294.70000,4.10000
24.70000,coast,-16.52000,32027.00000,7530.25000,294.55000,4.10000
24.71000,coast,-14.97000,32027.00000,7530.25000,294.40000,4.10000
24.72000,coast,-12.90000,32027.00000,7530.25000,294.26000,4.10000
24.73000,coast,-13.42000,32027.00000,7530.25000,294.11000,4.10000
24.74000,coast,-16.52000,31964.00000,7543.59000,293.97000,4.10000
24.75000,coast,-14.45000,31964.00000,7543.59000,293.83000,4.10000
24.76000,coast,-12.39000,31964.00000,7543.59000,293.69000,4.10000
24.77000,coast,-12.39000,31964.00000,7543.59000,293.56000,4.10000
24.78000,coast,-13.42000,31964.00000,7543.59000,293.42000,4.10000
24.79000,coast,-15.48000,31900.00000,7557.16000,293.28000,4.10000
24.80000,coast,-15.48000,31900.00000,7557.16000,293.14000,4.10000
24.81000,coast,-13.94000,31900.00000,7557.16000,292.99000,4.10000
24.82000,coast,-13.42000,31900.00000,7557.16000,292.85000,4.10000
24.83000,coast,-13.42000,31900.00000,7557.16000,292.71000,4.10000
24.84000,coast,-13.94000,31837.00000,7570.54000,292.56000,4.10000
24.85000,coast,-16.52000,31837.00000,7570.54000,292.41000,4.10000
24.86000,coast,-16.00000,31837.00000,7570.54000,292.26000,4.10000
24.87000,coast,-14.97000,31837.00000,7570.54000,292.11000,4.10000
24.88000,coast,-16.00000,31837.00000,7570.54000,291.96000,4.10000
24.89000,coast,-12.90000,31781.00000,7582.45000,291.81000,4.10000
24.90000,coast,-15.48000,31781.00000,7582.45000,291.67000,4.10000
24.91000,coast,-13.42000,31781.00000,7582.45000,291.53000,4.10000
24.92000,coast,-13.42000,31781.00000,7582.45000,291.39000,4.10000
24.93000,coast,-12.90000,31781.00000,7582.45000,291.25000,4.10000
24.94000,coast,-16.00000,31704.00000,7598.85000,291.11000,4.10000
24.95000,coast,-13.42000,31704.00000,7598.85000,290.96000,4.10000
24.96000,coast,-14.45000,31704.00000,7598.85000,290.81000,4.10000
24.97000,coast,-17.55000,31704.00000,7598.85000,290.66000,4.10000
24.98000,coast,-14.97000,31704.00000,7598.85000,290.51000,4.09000
24.99000,coast,-15.48000,31661.00000,7608.03000,290.37000,4.09000
25.00000,coast,-11.36000,31661.00000,7608.03000,290.23000,4.09000
25.01000,coast,-12.90000,31661.00000,7608.03000,290.09000,4.09000
25.02000,coast,-13.42000,31661.00000,7608.03000,289.96000,4.09000
25.03000,coast,-12.39000,31661.00000,7608.03000,289.82000,4.09000
25.04000,coast,-15.48000,31580.00000,7625.34000,289.68000,4.09000
25.05000,coast,-14.97000,31580.00000,7625.34000,289.53000,4.09000
25.06000,coast,-16.52000,31580.00000,7625.34000,289.38000,4.09000
25.07000,coast,-16.00000,31580.00000,7625.34000,289.22000,4.09000
25.08000,coast,-16.00000,31580.00000,7625.34000,289.07000,4.09000
25.09000,coast,-13.94000,31523.00000,7637.55000,288.92000,4.09000
25.10000,coast,-15.48000,31523.00000,7637.55000,288.76000,4.09000
25.11000,coast,-15.48000,31523.00000,7637.55000,288.61000,4.09000
25.12000,coast,-14.45000,31523.00000,7637.55000,288.46000,4.09000
25.13000,coast,-14.97000,31523.00000,7637.55000,288.32000,4.09000
25.14000,coast,-14.45000,31464.00000,7650.20000,288.17000,4.09000
25.15000,coast,-13.94000,31464.00000,7650.20000,288.03000,4.09000
25.16000,coast,-13.94000,31464.00000,7650.20000,287.88000,4.09000
25.17000,coast,-14.45000,31464.00000,7650.20000,287.74000,4.09000
25.18000,coast,-13.42000,31464.00000,7650.20000,287.60000,4.09000
25.19000,coast,-14.45000,31396.00000,7664.80000,287.46000,4.09000
25.20000,coast,-14.45000,31396.00000,7664.80000,287.32000,4.09000
25.21000,coast,-14.97000,31396.00000,7664.80000,287.17000,4.09000
25.22000,coast,-13.42000,31396.00000,7664.80000,287.03000,4.09000
25.23000,coast,-14.97000,31396.00000,7664.80000,286.89000,4.09000
25.24000,coast,-15.48000,31340.00000,7676.85000,286.74000,4.09000
25.25000,coast,-12.39000,31340.00000,7676.85000,286.59000,4.09000
25.26000,coast,-16.00000,31340.00000,7676.85000,286.45000,4.09000
25.27000,coast,-14.97000,31340.00000,7676.85000,286.30000,4.09000
25.28000,coast,-14.97000,31340.00000,7676.85000,286.15000,4.09000
25.29000,coast,-14.45000,31284.00000,7688.91000,286.00000,4.09000
25.30000,coast,-16.52000,31284.00000,7688.91000,285.85000,4.10000
25.31000,coast,-13.94000,31284.00000,7688.91000,285.71000,4.10000
25.32000,coast,-12.39000,31284.00000,7688.91000,285.56000,4.10000
25.33000,coast,-15.48000,31284.00000,7688.91000,285.42000,4.10000
25.34000,coast,-12.90000,31219.00000,7702.94000,285.28000,4.10000
25.35000,coast,-14.45000,31219.00000,7702.94000,285.13000,4.10000
25.36000,coast,-18.06000,31219.00000,7702.94000,284.98000,4.10000
25.37000,coast,-14.97000,31219.00000,7702.94000,284.83000,4.10000
25.38000,coast,-13.94000,31219.00000,7702.94000,284.69000,4.10000
25.39000,coast,-12.39000,31144.00000,7719.15000,284.55000,4.10000
25.40000,coast,-12.90000,31144.00000,7719.15000,284.41000,4.10000
25.41000,coast,-15.48000,31144.00000,7719.15000,284.27000,4.10000
25.42000,coast,-13.42000,31144.00000,7719.15000,284.13000,4.10000
25.43000,coast,-12.90000,31144.00000,7719.15000,283.99000,4.10000
25.44000,coast,-17.03000,31084.00000,7732.14000,283.84000,4.10000
25.45000,coast,-16.00000,31084.00000,7732.14000,283.69000,4.10000
25.46000,coast,-14.45000,31084.00000,7732.14000,283.54000,4.10000
25.47000,coast,-12.90000,31084.00000,7732.14000,283.40000,4.10000
25.48000,coast,-13.94000,31084.00000,7732.14000,283.26000,4.10000
25.49000,coast,-12.90000,31017.00000,7746.68000,283.13000,4.10000
25.50000,coast,-13.42000,31017.00000,7746.68000,282.99000,4.10000
25.51000,coast,-12.90000,31017.00000,7746.68000,282.85000,4.10000
25.52000,coast,-15.48000,31017.00000,7746.68000,282.72000,4.10000
25.53000,coast,-14.45000,31017.00000,7746.68000,282.58000,4.10000
25.54000,coast,-12.90000,30944.00000,7762.54000,282.44000,4.10000
25.55000,coast,-12.90000,30944.00000,7762.54000,282.30000,4.10000
25.56000,coast,-15.48000,30944.00000,7762.54000,282.16000,4.10000
25.57000,coast,-12.90000,30944.00000,7762.54000,282.02000,4.10000
25.58000,coast,-14.97000,30944.00000,7762.54000,281.88000,4.10000
25.59000,coast,-14.45000,30911.00000,7769.72000,281.73000,4.10000
25.60000,coast,-16.00000,30911.00000,7769.72000,281.59000,4.10000
25.61000,coast,-11.87000,30911.00000,7769.72000,281.44000,4.10000
25.62000,coast,-15.48000,30911.00000,7769.72000,281.30000,4.09000
25.63000,coast,-15.48000,30911.00000,7769.72000,281.15000,4.09000
25.64000,coast,-13.42000,30843.00000,7784.54000,281.01000,4.09000
25.65000,coast,-14.45000,30843.00000,7784.54000,280.86000,4.09000
25.66000,coast,-15.48000,30843.00000,7784.54000,280.72000,4.09000
25.67000,coast,-13.94000,30843.00000,7784.54000,280.57000,4.09000
25.68000,coast,-13.42000,30843.00000,7784.54000,280.43000,4.09000
25.69000,coast,-16.52000,30786.00000,7796.98000,280.28000,4.09000
25.70000,coast,-15.48000,30786.00000,7796.98000,280.14000,4.09000
25.71000,coast,-11.87000,30786.00000,7796.98000,279.99000,4.09000
25.72000,coast,-14.97000,30786.00000,7796.98000,279.84000,4.09000
25.73000,coast,-15.48000,30786.00000,7796.98000,279.70000,4.09000
25.74000,coast,-14.45000,30705.00000,7814.69000,279.55000,4.09000
25.75000,coast,-16.52000,30705.00000,7814.69000,279.40000,4.09000
25.76000,coast,-14.45000,30705.00000,7814.69000,279.24000,4.09000
25.77000,coast,-14.45000,30705.00000,7814.69000,279.09000,4.09000
25.78000,coast,-17.55000,30705.00000,7814.69000,278.94000,4.09000
25.79000,coast,-14.45000,30643.00000,7828.27000,278.79000,4.09000
25.80000,coast,-15.48000,30643.00000,7828.27000,278.64000,4.09000
25.81000,coast,-12.90000,30643.00000,7828.27000,278.50000,4.09000
25.82000,coast,-12.39000,30643.00000,7828.27000,278.36000,4.09000
25.83000,coast,-14.45000,30643.00000,7828.27000,278.22000,4.09000
25.84000,coast,-14.97000,30588.00000,7840.33000,278.08000,4.09000
25.85000,coast,-13.94000,30588.00000,7840.33000,277.94000,4.09000
25.86000,coast,-12.39000,30588.00000,7840.33000,277.81000,4.09000
25.87000,coast,-11.87000,30588.00000,7840.33000,277.68000,4.09000
25.88000,coast,-14.45000,30588.00000,7840.33000,277.54000,4.09000
25.89000,coast,-12.90000,30526.00000,7853.96000,277.40000,4.09000
25.90000,coast,-16.00000,30526.00000,7853.96000,277.26000,4.09000
25.91000,coast,-12.90000,30526.00000,7853.96000,277.12000,4.09000
25.92000,coast,-15.48000,30526.00000,7853.96000,276.97000,4.09000
25.93000,coast,-14.97000,30526.00000,7853.96000,276.82000,4.09000
25.94000,coast,-17.03000,30458.00000,7868.92000,276.67000,4.09000
25.95000,coast,-14.97000,30458.00000,7868.92000,276.51000,4.09000
25.96000,coast,-14.97000,30458.00000,7868.92000,276.36000,4.09000
25.97000,coast,-15.48000,30458.00000,7868.92000,276.21000,4.09000
25.98000,coast,-15.48000,30458.00000,7868.92000,276.06000,4.09000
25.99000,coast,-14.97000,30413.00000,7878.84000,275.91000,4.09000
26.00000,coast,-13.94000,30413.00000,7878.84000,275.76000,4.09000
26.01000,coast,-14.97000,30413.00000,7878.84000,275.61000,4.09000
26.02000,coast,-14.45000,30413.00000,7878.84000,275.46000,4.09000
26.03000,coast,-16.00000,30413.00000,7878.84000,275.32000,4.09000
26.04000,coast,-13.42000,30342.00000,7894.52000,275.17000,4.09000
26.05000,coast,-14.45000,30342.00000,7894.52000,275.02000,4.09000
26.06000,coast,-13.94000,30342.00000,7894.52000,274.88000,4.09000
26.07000,coast,-14.97000,30342.00000,7894.52000,274.73000,4.09000
26.08000,coast,-15.48000,30342.00000,7894.52000,274.58000,4.09000
26.09000,coast,-14.97000,30284.00000,7907.35000,274.43000,4.09000
26.10000,coast,-16.00000,30284.00000,7907.35000,274.28000,4.09000
26.11000,coast,-13.94000,30284.00000,7907.35000,274.13000,4.09000
26.12000,coast,-15.48000,30284.00000,7907.35000,273.99000,4.09000
26.13000,coast,-13.42000,30284.00000,7907.35000,273.85000,4.09000
26.14000,coast,-12.90000,30226.00000,7920.20000,273.70000,4.09000
26.15000,coast,-13.94000,30226.00000,7920.20000,273.56000,4.09000
26.16000,coast,-16.00000,30226.00000,7920.20000,273.42000,4.09000
26.17000,coast,-14.97000,30226.00000,7920.20000,273.27000,4.09000
26.18000,coast,-14.97000,30226.00000,7920.20000,273.13000,4.09000
26.19000,coast,-11.87000,30151.00000,7936.84000,272.99000,4.09000
26.20000,coast,-12.39000,30151.00000,7936.84000,272.86000,4.09000
26.21000,coast,-12.90000,30151.00000,7936.84000,272.72000,4.09000
26.22000,coast,-16.52000,30151.00000,7936.84000,272.58000,4.09000
26.23000,coast,-14.45000,30151.00000,7936.84000,272.43000,4.09000
26.24000,coast,-16.52000,30102.00000,7947.73000,272.28000,4.09000
26.25000,coast,-13.42000,30102.00000,7947.73000,272.13000,4.09000
26.26000,coast,-16.00000,30102.00000,7947.73000,271.97000,4.09000
26.27000,coast,-18.06000,30102.00000,7947.73000,271.82000,4.09000
26.28000,coast,-14.45000,30102.00000,7947.73000,271.67000,4.09000
26.29000,coast,-12.90000,30022.00000,7965.54000,271.52000,4.09000
26.30000,coast,-13.94000,30022.00000,7965.54000,271.38000,4.09000
26.31000,coast,-13.94000,30022.00000,7965.54000,271.24000,4.09000
26.32000,coast,-14.45000,30022.00000,7965.54000,271.10000,4.09000
26.33000,coast,-12.90000,30022.00000,7965.54000,270.96000,4.09000
26.34000,coast,-14.97000,29980.00000,7974.91000,270.82000,4.09000
26.35000,coast,-13.94000,29980.00000,7974.91000,270.68000,4.09000
26.36000,coast,-13.94000,29980.00000,7974.91000,270.54000,4.09000
26.37000,coast,-13.42000,29980.00000,7974.91000,270.41000,4.09000
26.38000,coast,-11.36000,29980.00000,7974.91000,270.28000,4.09000
26.39000,coast,-12.39000,29935.00000,7984.96000,270.15000,4.09000
26.40000,coast,-14.97000,29935.00000,7984.96000,270.01000,4.09000
26.41000,coast,-13.94000,29935.00000,7984.96000,269.87000,4.09000
26.42000,coast,-14.45000,29935.00000,7984.96000,269.73000,4.09000
26.43000,coast,-14.97000,29935.00000,7984.96000,269.59000,4.09000
26.44000,coast,-13.42000,29869.00000,7999.72000,269.45000,4.09000
26.45000,coast,-13.42000,29869.00000,7999.72000,269.31000,4.09000
26.46000,coast,-12.39000,29869.00000,7999.72000,269.17000,4.09000
26.47000,coast,-14.97000,29869.00000,7999.72000,269.03000,4.09000
26.48000,coast,-15.48000,29869.00000,7999.72000,268.88000,4.09000
26.49000,coast,-16.52000,29824.00000,8009.79000,268.73000,4.09000
26.50000,coast,-15.48000,29824.00000,8009.79000,268.58000,4.09000
26.51000,coast,-15.48000,29824.00000,8009.79000,268.43000,4.09000
26.52000,coast,-12.39000,29824.00000,8009.79000,268.28000,4.09000
26.53000,coast,-16.52000,29824.00000,8009.79000,268.13000,4.09000
26.54000,coast,-13.94000,29754.00000,8025.50000,267.99000,4.09000
26.55000,coast,-14.45000,29754.00000,8025.50000,267.84000,4.09000
26.56000,coast,-14.97000,29754.00000,8025.50000,267.70000,4.09000
26.57000,coast,-13.42000,29754.00000,8025.50000,267.56000,4.09000
26.58000,coast,-14.97000,29754.00000,8025.50000,267.42000,4.09000
26.59000,coast,-11.87000,29714.00000,8034.48000,267.28000,4.09000
26.60000,coast,-13.42000,29714.00000,8034.48000,267.15000,4.09000
26.61000,coast,-13.94000,29714.00000,8034.48000,267.01000,4.09000
26.62000,coast,-12.39000,29714.00000,8034.48000,266.88000,4.09000
26.63000,coast,-12.39000,29714.00000,8034.48000,266.75000,4.09000
26.64000,coast,-14.45000,29644.00000,8050.23000,266.62000,4.09000
26.65000,coast,-14.45000,29644.00000,8050.23000,266.48000,4.09000
26.66000,coast,-12.90000,29644.00000,8050.23000,266.35000,4.09000
26.67000,coast,-12.39000,29644.00000,8050.23000,266.21000,4.09000
26.68000,coast,-13.42000,29644.00000,8050.23000,266.07000,4.09000
26.69000,coast,-14.45000,29567.00000,8067.59000,265.93000,4.09000
26.70000,coast,-16.52000,29567.00000,8067.59000,265.79000,4.09000
26.71000,coast,-14.97000,29567.00000,8067.59000,265.64000,4.09000
26.72000,coast,-14.45000,29567.00000,8067.59000,265.49000,4.09000
26.73000,coast,-14.97000,29567.00000,8067.59000,265.35000,4.09000
26.74000,coast,-12.90000,29508.00000,8080.91000,265.20000,4.09000
26.75000,coast,-13.94000,29508.00000,8080.91000,265.05000,4.09000
26.76000,coast,-17.03000,29508.00000,8080.91000,264.91000,4.09000
26.77000,coast,-14.97000,29508.00000,8080.91000,264.76000,4.09000
26.78000,coast,-14.97000,29508.00000,8080.91000,264.60000,4.09000
26.79000,coast,-13.42000,29457.00000,8092.45000,264.45000,4.09000
26.80000,coast,-18.58000,29457.00000,8092.45000,264.30000,4.09000
26.81000,coast,-12.90000,29457.00000,8092.45000,264.16000,4.09000
26.82000,coast,-13.42000,29457.00000,8092.45000,264.01000,4.09000
26.83000,coast,-16.00000,29457.00000,8092.45000,263.87000,4.09000
26.84000,coast,-12.39000,29391.00000,8107.40000,263.73000,4.09000
26.85000,coast,-14.45000,29391.00000,8107.40000,263.59000,4.09000
26.86000,coast,-13.94000,29391.00000,8107.40000,263.45000,4.09000
26.87000,coast,-12.90000,29391.00000,8107.40000,263.31000,4.09000
26.88000,coast,-14.45000,29391.00000,8107.40000,263.18000,4.09000
26.89000,coast,-12.90000,29366.00000,8113.08000,263.04000,4.09000
26.90000,coast,-12.90000,29366.00000,8113.08000,262.90000,4.09000
26.91000,coast,-15.48000,29366.00000,8113.08000,262.76000,4.09000
26.92000,coast,-13.94000,29366.00000,8113.08000,262.62000,4.09000
26.93000,coast,-14.45000,29366.00000,8113.08000,262.47000,4.09000
26.94000,coast,-14.97000,29313.00000,8125.11000,262.33000,4.09000
26.95000,coast,-14.97000,29313.00000,8125.11000,262.18000,4.09000
26.96000,coast,-14.97000,29313.00000,8125.11000,262.03000,4.09000
26.97000,coast,-14.97000,29313.00000,8125.11000,261.88000,4.09000
26.98000,coast,-14.45000,29313.00000,8125.11000,261.74000,4.09000
26.99000,coast,-14.45000,29251.00000,8139.21000,261.59000,4.09000
27.00000,coast,-13.94000,29251.00000,8139.21000,261.44000,4.09000
27.01000,coast,-16.00000,29251.00000,8139.21000,261.30000,4.09000
27.02000,coast,-15.48000,29251.00000,8139.21000,261.15000,4.09000
27.03000,coast,-12.90000,29251.00000,8139.21000,261.01000,4.09000
27.04000,coast,-12.39000,29181.00000,8155.16000,260.88000,4.09000
27.05000,coast,-13.42000,29181.00000,8155.16000,260.74000,4.09000
27.06000,coast,-11.36000,29181.00000,8155.16000,260.61000,4.09000
27.07000,coast,-14.97000,29181.00000,8155.16000,260.48000,4.09000
27.08000,coast,-13.94000,29181.00000,8155.16000,260.34000,4.09000
27.09000,coast,-14.45000,29142.00000,8164.06000,260.20000,4.09000
27.10000,coast,-14.45000,29142.00000,8164.06000,260.06000,4.09000
27.11000,coast,-13.94000,29142.00000,8164.06000,259.91000,4.09000
27.12000,coast,-15.48000,29142.00000,8164.06000,259.77000,4.09000
27.13000,coast,-13.42000,29142.00000,8164.06000,259.63000,4.09000
27.14000,coast,-13.94000,29099.00000,8173.89000,259.49000,4.09000
27.15000,coast,-14.45000,29099.00000,8173.89000,259.35000,4.09000
27.16000,coast,-13.94000,29099.00000,8173.89000,259.21000,4.09000
27.17000,coast,-12.39000,29099.00000,8173.89000,259.07000,4.09000
27.18000,coast,-12.90000,29099.00000,8173.89000,258.94000,4.09000
27.19000,coast,-14.45000,29025.00000,8190.82000,258.81000,4.09000
27.20000,coast,-12.39000,29025.00000,8190.82000,258.67000,4.09000
27.21000,coast,-15.48000,29025.00000,8190.82000,258.53000,4.09000
27.22000,coast,-13.42000,29025.00000,8190.82000,258.40000,4.09000
27.23000,coast,-13.42000,29025.00000,8190.82000,258.26000,4.09000
27.24000,coast,-12.39000,28977.00000,8201.83000,258.12000,4.09000
27.25000,coast,-14.97000,28977.00000,8201.83000,257.99000,4.09000
27.26000,coast,-13.94000,28977.00000,8201.83000,257.85000,4.09000
27.27000,coast,-12.39000,28977.00000,8201.83000,257.71000,4.09000
27.28000,coast,-13.94000,28977.00000,8201.83000,257.58000,4.09000
27.29000,coast,-14.97000,28919.00000,8215.14000,257.44000,4.09000
27.30000,coast,-13.42000,28919.00000,8215.14000,257.29000,4.09000
27.31000,coast,-13.94000,28919.00000,8215.14000,257.15000,4.09000
27.32000,coast,-16.00000,28919.00000,8215.14000,257.01000,4.09000
27.33000,coast,-13.42000,28919.00000,8215.14000,256.86000,4.09000
27.34000,coast,-17.03000,28877.00000,8224.80000,256.71000,4.09000
27.35000,coast,-15.48000,28877.00000,8224.80000,256.56000,4.09000
27.36000,coast,-13.94000,28877.00000,8224.80000,256.41000,4.09000
27.37000,coast,-13.42000,28877.00000,8224.80000,256.26000,4.09000
27.38000,coast,-15.48000,28877.00000,8224.80000,256.11000,4.09000
27.39000,coast,-14.45000,28825.00000,8236.77000,255.97000,4.09000
27.40000,coast,-14.97000,28825.00000,8236.77000,255.82000,4.09000
27.41000,coast,-16.00000,28825.00000,8236.77000,255.67000,4.09000
27.42000,coast,-13.94000,28825.00000,8236.77000,255.52000,4.09000
27.43000,coast,-15.48000,28825.00000,8236.77000,255.37000,4.09000
27.44000,coast,-14.45000,28760.00000,8251.75000,255.23000,4.09000
27.45000,coast,-12.90000,28760.00000,8251.75000,255.09000,4.09000
27.46000,coast,-12.90000,28760.00000,8251.75000,254.95000,4.09000
27.47000,coast,-14.97000,28760.00000,8251.75000,254.80000,4.09000
27.48000,coast,-15.48000,28760.00000,8251.75000,254.66000,4.09000
27.49000,coast,-17.03000,28712.00000,8262.84000,254.51000,4.09000
27.50000,coast,-13.94000,28712.00000,8262.84000,254.36000,4.09000
27.51000,coast,-13.94000,28712.00000,8262.84000,254.21000,4.09000
27.52000,coast,-12.90000,28712.00000,8262.84000,254.07000,4.09000
27.53000,coast,-15.48000,28712.00000,8262.84000,253.93000,4.09000
27.54000,coast,-12.90000,28657.00000,8275.56000,253.80000,4.08000
27.55000,coast,-13.94000,28657.00000,8275.56000,253.66000,4.08000
27.56000,coast,-11.87000,28657.00000,8275.56000,253.53000,4.08000
27.57000,coast,-13.42000,28657.00000,8275.56000,253.40000,4.08000
27.58000,coast,-12.39000,28657.00000,8275.56000,253.26000,4.08000
27.59000,coast,-14.97000,28598.00000,8289.23000,253.13000,4.08000
27.60000,coast,-13.94000,28598.00000,8289.23000,252.99000,4.08000
27.61000,coast,-13.42000,28598.00000,8289.23000,252.85000,4.08000
27.62000,coast,-12.90000,28598.00000,8289.23000,252.71000,4.08000
27.63000,coast,-17.55000,28598.00000,8289.23000,252.57000,4.08000
27.64000,coast,-13.42000,28535.00000,8303.85000,252.43000,4.08000
27.65000,coast,-13.42000,28535.00000,8303.85000,252.29000,4.08000
27.66000,coast,-12.39000,28535.00000,8303.85000,252.15000,4.08000
27.67000,coast,-12.90000,28535.00000,8303.85000,252.02000,4.08000
27.68000,coast,-14.45000,28535.00000,8303.85000,251.89000,4.08000
27.69000,coast,-13.94000,28492.00000,8313.84000,251.75000,4.08000
27.70000,coast,-10.32000,28492.00000,8313.84000,251.62000,4.08000
27.71000,coast,-14.45000,28492.00000,8313.84000,251.49000,4.08000
27.72000,coast,-13.42000,28492.00000,8313.84000,251.36000,4.08000
27.73000,coast,-13.94000,28492.00000,8313.84000,251.22000,4.08000
27.74000,coast,-14.45000,28457.00000,8321.98000,251.09000,4.08000
27.75000,coast,-12.39000,28457.00000,8321.98000,250.95000,4.08000
27.76000,coast,-13.42000,28457.00000,8321.98000,250.82000,4.08000
27.77000,coast,-13.42000,28457.00000,8321.98000,250.68000,4.08000
27.78000,coast,-14.45000,28457.00000,8321.98000,250.55000,4.08000
27.79000,coast,-13.42000,28381.00000,8339.69000,250.41000,4.08000
27.80000,coast,-12.39000,28381.00000,8339.69000,250.28000,4.08000
27.81000,coast,-12.90000,28381.00000,8339.69000,250.15000,4.08000
27.82000,coast,-13.94000,28381.00000,8339.69000,250.01000,4.08000
27.83000,coast,-12.90000,28381.00000,8339.69000,249.88000,4.08000
27.84000,coast,-14.97000,28343.00000,8348.56000,249.74000,4.08000
27.85000,coast,-12.90000,28343.00000,8348.56000,249.60000,4.08000
27.86000,coast,-13.42000,28343.00000,8348.56000,249.47000,4.09000
27.87000,coast,-15.48000,28343.00000,8348.56000,249.33000,4.09000
27.88000,coast,-11.87000,28343.00000,8348.56000,249.19000,4.09000
27.89000,coast,-14.45000,28300.00000,8358.61000,249.05000,4.09000
27.90000,coast,-13.42000,28300.00000,8358.61000,248.92000,4.09000
27.91000,coast,-14.45000,28300.00000,8358.61000,248.78000,4.09000
27.92000,coast,-12.90000,28300.00000,8358.61000,248.64000,4.09000
27.93000,coast,-13.94000,28300.00000,8358.61000,248.51000,4.09000
27.94000,coast,-13.94000,28250.00000,8370.31000,248.37000,4.09000
27.95000,coast,-14.45000,28250.00000,8370.31000,248.23000,4.09000
27.96000,coast,-12.39000,28250.00000,8370.31000,248.10000,4.09000
27.97000,coast,-13.42000,28250.00000,8370.31000,247.96000,4.09000
27.98000,coast,-12.39000,28250.00000,8370.31000,247.83000,4.09000
27.99000,coast,-13.94000,28191.00000,8384.14000,247.69000,4.09000
28.00000,coast,-14.97000,28191.00000,8384.14000,247.55000,4.09000
28.01000,coast,-16.52000,28191.00000,8384.14000,247.40000,4.09000
28.02000,coast,-12.90000,28191.00000,8384.14000,247.26000,4.09000
28.03000,coast,-15.48000,28191.00000,8384.14000,247.11000,4.09000
28.04000,coast,-14.45000,28135.00000,8397.28000,246.97000,4.09000
28.05000,coast,-13.94000,28135.00000,8397.28000,246.83000,4.09000
28.06000,coast,-12.39000,28135.00000,8397.28000,246.69000,4.09000
28.07000,coast,-13.42000,28135.00000,8397.28000,246.56000,4.09000
28.08000,coast,-13.42000,28135.00000,8397.28000,246.42000,4.09000
28.09000,coast,-14.97000,28079.00000,8410.45000,246.29000,4.09000
28.10000,coast,-11.87000,28079.00000,8410.45000,246.15000,4.09000
28.11000,coast,-13.94000,28079.00000,8410.45000,246.02000,4.09000
28.12000,coast,-12.39000,28079.00000,8410.45000,245.88000,4.09000
28.13000,coast,-15.48000,28079.00000,8410.45000,245.75000,4.09000
28.14000,coast,-12.90000,28035.00000,8420.81000,245.61000,4.09000
28.15000,coast,-11.87000,28035.00000,8420.81000,245.48000,4.09000
28.16000,coast,-14.97000,28035.00000,8420.81000,245.34000,4.09000
28.17000,coast,-13.42000,28035.00000,8420.81000,245.21000,4.09000
28.18000,coast,-14.97000,28035.00000,8420.81000,245.07000,4.09000
28.19000,coast,-12.39000,28002.00000,8428.59000,244.93000,4.09000
28.20000,coast,-14.45000,28002.00000,8428.59000,244.79000,4.09000
28.21000,coast,-13.42000,28002.00000,8428.59000,244.66000,4.09000
28.22000,coast,-12.90000,28002.00000,8428.59000,244.52000,4.09000
28.23000,coast,-14.97000,28002.00000,8428.59000,244.38000,4.09000
28.24000,coast,-12.90000,27947.00000,8441.57000,244.25000,4.09000
28.25000,coast,-13.94000,27947.00000,8441.57000,244.11000,4.09000
28.26000,coast,-13.94000,27947.00000,8441.57000,243.98000,4.09000
28.27000,coast,-12.39000,27947.00000,8441.57000,243.84000,4.09000
28.28000,coast,-12.90000,27947.00000,8441.57000,243.71000,4.09000
28.29000,coast,-13.94000,27908.00000,8450.79000,243.57000,4.09000
28.30000,coast,-14.97000,27908.00000,8450.79000,243.44000,4.09000
28.31000,coast,-13.42000,27908.00000,8450.79000,243.30000,4.09000
28.32000,coast,-12.90000,27908.00000,8450.79000,243.16000,4.09000
28.33000,coast,-13.42000,27908.00000,8450.79000,243.03000,4.09000
28.34000,coast,-13.42000,27847.00000,8465.22000,242.90000,4.09000
28.35000,coast,-12.39000,27847.00000,8465.22000,242.76000,4.09000
28.36000,coast,-14.45000,27847.00000,8465.22000,242.63000,4.09000
28.37000,coast,-13.94000,27847.00000,8465.22000,242.49000,4.09000
28.38000,coast,-12.39000,27847.00000,8465.22000,242.36000,4.09000
28.39000,coast,-14.45000,27793.00000,8478.03000,242.22000,4.09000
28.40000,coast,-12.90000,27793.00000,8478.03000,242.09000,4.09000
28.41000,coast,-13.42000,27793.00000,8478.03000,241.95000,4.09000
28.42000,coast,-14.45000,27793.00000,8478.03000,241.82000,4.09000
28.43000,coast,-12.90000,27793.00000,8478.03000,241.68000,4.09000
28.44000,coast,-13.94000,27765.00000,8484.67000,241.55000,4.09000
28.45000,coast,-12.90000,27765.00000,8484.67000,241.41000,4.09000
28.46000,coast,-12.90000,27765.00000,8484.67000,241.28000,4.09000
28.47000,coast,-13.42000,27765.00000,8484.67000,241.15000,4.09000
28.48000,coast,-12.90000,27765.00000,8484.67000,241.02000,4.09000
28.49000,coast,-12.90000,27708.00000,8498.22000,240.89000,4.09000
28.50000,coast,-13.42000,27708.00000,8498.22000,240.75000,4.09000
28.51000,coast,-13.94000,27708.00000,8498.22000,240.62000,4.09000
28.52000,coast,-12.90000,27708.00000,8498.22000,240.49000,4.09000
28.53000,coast,-13.94000,27708.00000,8498.22000,240.35000,4.09000
28.54000,coast,-13.42000,27670.00000,8507.26000,240.22000,4.09000
28.55000,coast,-13.42000,27670.00000,8507.26000,240.08000,4.09000
28.56000,coast,-14.45000,27670.00000,8507.26000,239.94000,4.09000
28.57000,coast,-12.90000,27670.00000,8507.26000,239.81000,4.09000
28.58000,coast,-13.42000,27670.00000,8507.26000,239.67000,4.09000
28.59000,coast,-14.45000,27630.00000,8516.79000,239.53000,4.09000
28.60000,coast,-13.94000,27630.00000,8516.79000,239.39000,4.09000
28.61000,coast,-16.00000,27630.00000,8516.79000,239.24000,4.09000
28.62000,coast,-13.94000,27630.00000,8516.79000,239.10000,4.09000
28.63000,coast,-14.45000,27630.00000,8516.79000,238.95000,4.09000
28.64000,coast,-13.42000,27585.00000,8527.53000,238.81000,4.09000
28.65000,coast,-15.48000,27585.00000,8527.53000,238.67000,4.09000
28.66000,coast,-13.42000,27585.00000,8527.53000,238.53000,4.09000
28.67000,coast,-13.42000,27585.00000,8527.53000,238.39000,4.09000
28.68000,coast,-12.90000,27585.00000,8527.53000,238.26000,4.09000
28.69000,coast,-16.00000,27527.00000,8541.38000,238.12000,4.09000
28.70000,coast,-10.32000,27527.00000,8541.38000,237.99000,4.09000
28.71000,coast,-13.94000,27527.00000,8541.38000,237.86000,4.09000
28.72000,coast,-11.87000,27527.00000,8541.38000,237.73000,4.09000
28.73000,coast,-12.39000,27527.00000,8541.38000,237.61000,4.09000
28.74000,coast,-12.39000,27496.00000,8548.80000,237.48000,4.09000
28.75000,coast,-13.94000,27496.00000,8548.80000,237.35000,4.09000
28.76000,coast,-12.39000,27496.00000,8548.80000,237.22000,4.09000
28.77000,coast,-13.94000,27496.00000,8548.80000,237.09000,4.09000
28.78000,coast,-14.45000,27496.00000,8548.80000,236.95000,4.09000
28.79000,coast,-12.39000,27441.00000,8561.98000,236.82000,4.09000
28.80000,coast,-13.42000,27441.00000,8561.98000,236.69000,4.09000
28.81000,coast,-13.42000,27441.00000,8561.98000,236.55000,4.09000
28.82000,coast,-12.39000,27441.00000,8561.98000,236.42000,4.09000
28.83000,coast,-14.97000,27441.00000,8561.98000,236.28000,4.09000
28.84000,coast,-13.42000,27399.00000,8572.05000,236.14000,4.09000
28.85000,coast,-14.45000,27399.00000,8572.05000,236.01000,4.09000
28.86000,coast,-12.90000,27399.00000,8572.05000,235.87000,4.09000
28.87000,coast,-14.45000,27399.00000,8572.05000,235.73000,4.09000
28.88000,coast,-13.42000,27399.00000,8572.05000,235.60000,4.09000
28.89000,coast,-12.90000,27347.00000,8584.54000,235.46000,4.09000
28.90000,coast,-13.42000,27347.00000,8584.54000,235.33000,4.09000
28.91000,coast,-13.94000,27347.00000,8584.54000,235.19000,4.09000
28.92000,coast,-13.42000,27347.00000,8584.54000,235.06000,4.09000
28.93000,coast,-12.90000,27347.00000,8584.54000,234.92000,4.09000
28.94000,coast,-14.45000,27327.00000,8589.35000,234.78000,4.09000
28.95000,coast,-13.94000,27327.00000,8589.35000,234.65000,4.09000
28.96000,coast,-13.94000,27327.00000,8589.35000,234.51000,4.09000
28.97000,coast,-13.42000,27327.00000,8589.35000,234.37000,4.09000
28.98000,coast,-14.45000,27327.00000,8589.35000,234.24000,4.09000
28.99000,coast,-11.36000,27285.00000,8599.46000,234.11000,4.09000
29.00000,coast,-11.87000,27285.00000,8599.46000,233.98000,4.09000
29.01000,coast,-13.42000,27285.00000,8599.46000,233.86000,4.09000
29.02000,coast,-12.90000,27285.00000,8599.46000,233.73000,4.09000
29.03000,coast,-11.36000,27285.00000,8599.46000,233.61000,4.09000
29.04000,coast,-13.94000,27246.00000,8608.86000,233.48000,4.09000
29.05000,coast,-9.81000,27246.00000,8608.86000,233.36000,4.09000
29.06000,coast,-12.39000,27246.00000,8608.86000,233.23000,4.09000
29.07000,coast,-13.94000,27246.00000,8608.86000,233.11000,4.09000
29.08000,coast,-13.42000,27246.00000,8608.86000,232.97000,4.09000
29.09000,coast,-14.97000,27190.00000,8622.37000,232.84000,4.09000
29.10000,coast,-12.39000,27190.00000,8622.37000,232.70000,4.09000
29.11000,coast,-14.97000,27190.00000,8622.37000,232.57000,4.09000
29.12000,coast,-12.90000,27190.00000,8622.37000,232.43000,4.09000
29.13000,coast,-12.90000,27190.00000,8622.37000,232.30000,4.09000
29.14000,coast,-11.87000,27158.00000,8630.10000,232.17000,4.09000
29.15000,coast,-14.97000,27158.00000,8630.10000,232.03000,4.09000
29.16000,coast,-13.42000,27158.00000,8630.10000,231.90000,4.09000
29.17000,coast,-12.90000,27158.00000,8630.10000,231.77000,4.09000
29.18000,coast,-13.94000,27158.00000,8630.10000,231.64000,4.09000
29.19000,coast,-10.84000,27096.00000,8645.11000,231.51000,4.09000
29.20000,coast,-12.90000,27096.00000,8645.11000,231.38000,4.09000
29.21000,coast,-12.39000,27096.00000,8645.11000,231.25000,4.09000
29.22000,coast,-15.48000,27096.00000,8645.11000,231.11000,4.09000
29.23000,coast,-14.45000,27096.00000,8645.11000,230.97000,4.09000
29.24000,coast,-14.45000,27054.00000,8655.28000,230.84000,4.09000
29.25000,coast,-13.42000,27054.00000,8655.28000,230.70000,4.09000
29.26000,coast,-11.87000,27054.00000,8655.28000,230.57000,4.09000
29.27000,coast,-12.90000,27054.00000,8655.28000,230.43000,4.09000
29.28000,coast,-12.39000,27054.00000,8655.28000,230.30000,4.09000
29.29000,coast,-14.97000,27012.00000,8665.48000,230.17000,4.09000
29.30000,coast,-13.94000,27012.00000,8665.48000,230.04000,4.09000
29.31000,coast,-11.87000,27012.00000,8665.48000,229.90000,4.09000
29.32000,coast,-14.97000,27012.00000,8665.48000,229.76000,4.09000
29.33000,coast,-12.90000,27012.00000,8665.48000,229.63000,4.09000
29.34000,coast,-14.97000,26970.00000,8675.68000,229.49000,4.09000
29.35000,coast,-12.90000,26970.00000,8675.68000,229.35000,4.09000
29.36000,coast,-14.45000,26970.00000,8675.68000,229.22000,4.09000
29.37000,coast,-10.84000,26970.00000,8675.68000,229.09000,4.09000
29.38000,coast,-13.94000,26970.00000,8675.68000,228.96000,4.09000
29.39000,coast,-12.39000,26915.00000,8689.06000,228.83000,4.09000
29.40000,coast,-13.94000,26915.00000,8689.06000,228.70000,4.09000
29.41000,coast,-11.36000,26915.00000,8689.06000,228.57000,4.09000
29.42000,coast,-14.97000,26915.00000,8689.06000,228.43000,4.09000
29.43000,coast,-14.45000,26915.00000,8689.06000,228.29000,4.09000
29.44000,coast,-14.45000,26889.00000,8695.40000,228.16000,4.09000
29.45000,coast,-12.39000,26889.00000,8695.40000,228.02000,4.09000
29.46000,coast,-12.39000,26889.00000,8695.40000,227.89000,4.08000
29.47000,coast,-14.97000,26889.00000,8695.40000,227.75000,4.08000
29.48000,coast,-12.90000,26889.00000,8695.40000,227.62000,4.08000
29.49000,coast,-13.94000,26844.00000,8706.37000,227.48000,4.08000
29.50000,coast,-12.90000,26844.00000,8706.37000,227.35000,4.08000
29.51000,coast,-12.90000,26844.00000,8706.37000,227.21000,4.08000
29.52000,coast,-14.45000,26844.00000,8706.37000,227.08000,4.08000
29.53000,coast,-14.45000,26844.00000,8706.37000,226.94000,4.08000
29.54000,coast,-12.39000,26779.00000,8722.25000,226.81000,4.08000
29.55000,coast,-12.39000,26779.00000,8722.25000,226.68000,4.08000
29.56000,coast,-13.42000,26779.00000,8722.25000,226.55000,4.08000
29.57000,coast,-12.39000,26779.00000,8722.25000,226.43000,4.08000
29.58000,coast,-10.84000,26779.00000,8722.25000,226.31000,4.08000
29.59000,coast,-11.87000,26765.00000,8725.67000,226.19000,4.08000
29.60000,coast,-12.39000,26765.00000,8725.67000,226.07000,4.08000
29.61000,coast,-11.36000,26765.00000,8725.67000,225.94000,4.08000
29.62000,coast,-12.90000,26765.00000,8725.67000,225.81000,4.08000
29.63000,coast,-14.45000,26765.00000,8725.67000,225.68000,4.08000
29.64000,coast,-14.97000,26708.00000,8739.63000,225.54000,4.08000
29.65000,coast,-12.90000,26708.00000,8739.63000,225.40000,4.08000
29.66000,coast,-14.97000,26708.00000,8739.63000,225.26000,4.08000
29.67000,coast,-16.00000,26708.00000,8739.63000,225.12000,4.08000
29.68000,coast,-13.42000,26708.00000,8739.63000,224.97000,4.08000
29.69000,coast,-12.90000,26674.00000,8747.96000,224.83000,4.08000
29.70000,coast,-14.45000,26674.00000,8747.96000,224.70000,4.08000
29.71000,coast,-13.42000,26674.00000,8747.96000,224.56000,4.08000
29.72000,coast,-13.42000,26674.00000,8747.96000,224.43000,4.08000
29.73000,coast,-11.36000,26674.00000,8747.96000,224.30000,4.08000
29.74000,coast,-13.42000,26620.00000,8761.22000,224.17000,4.08000
29.75000,coast,-12.90000,26620.00000,8761.22000,224.04000,4.08000
29.76000,coast,-13.42000,26620.00000,8761.22000,223.92000,4.08000
29.77000,coast,-11.36000,26620.00000,8761.22000,223.79000,4.08000
29.78000,coast,-11.87000,26620.00000,8761.22000,223.66000,4.09000
29.79000,coast,-16.00000,26567.00000,8774.25000,223.53000,4.09000
29.80000,coast,-11.87000,26567.00000,8774.25000,223.40000,4.09000
29.81000,coast,-14.45000,26567.00000,8774.25000,223.27000,4.09000
29.82000,coast,-11.36000,26567.00000,8774.25000,223.14000,4.09000
29.83000,coast,-11.36000,26567.00000,8774.25000,223.01000,4.09000
29.84000,coast,-13.42000,26536.00000,8781.89000,222.89000,4.09000
29.85000,coast,-13.42000,26536.00000,8781.89000,222.76000,4.09000
29.86000,coast,-12.39000,26536.00000,8781.89000,222.64000,4.09000
29.87000,coast,-10.32000,26536.00000,8781.89000,222.52000,4.09000
29.88000,coast,-12.90000,26536.00000,8781.89000,222.40000,4.09000
29.89000,coast,-12.90000,26495.00000,8791.99000,222.27000,4.09000
29.90000,coast,-11.87000,26495.00000,8791.99000,222.15000,4.09000
29.91000,coast,-12.90000,26495.00000,8791.99000,222.02000,4.09000
29.92000,coast,-13.94000,26495.00000,8791.99000,221.90000,4.09000
29.93000,coast,-11.87000,26495.00000,8791.99000,221.77000,4.09000
29.94000,coast,-10.84000,26444.00000,8804.58000,221.65000,4.09000
29.95000,coast,-12.39000,26444.00000,8804.58000,221.53000,4.09000
29.96000,coast,-12.39000,26444.00000,8804.58000,221.40000,4.09000
29.97000,coast,-13.94000,26444.00000,8804.58000,221.27000,4.09000
29.98000,coast,-12.39000,26444.00000,8804.58000,221.14000,4.09000
29.99000,coast,-13.94000,26402.00000,8814.96000,221.01000,4.09000
30.00000,coast,-12.90000,26402.00000,8814.96000,220.88000,4.09000
30.01000,coast,-12.90000,26402.00000,8814.96000,220.75000,4.09000
30.02000,coast,-14.97000,26402.00000,8814.96000,220.61000,4.09000
30.03000,coast,-12.90000,26402.00000,8814.96000,220.48000,4.09000
30.04000,coast,-11.36000,26377.00000,8821.15000,220.35000,4.09000
30.05000,coast,-14.97000,26377.00000,8821.15000,220.21000,4.09000
30.06000,coast,-13.42000,26377.00000,8821.15000,220.08000,4.09000
30.07000,coast,-13.42000,26377.00000,8821.15000,219.95000,4.09000
30.08000,coast,-11.36000,26377.00000,8821.15000,219.82000,4.09000
30.09000,coast,-13.94000,26320.00000,8835.27000,219.69000,4.09000
30.10000,coast,-13.42000,26320.00000,8835.27000,219.56000,4.09000
30.11000,coast,-11.87000,26320.00000,8835.27000,219.43000,4.09000
30.12000,coast,-12.90000,26320.00000,8835.27000,219.30000,4.09000
30.13000,coast,-12.90000,26320.00000,8835.27000,219.17000,4.09000
30.14000,coast,-12.90000,26284.00000,8844.20000,219.04000,4.09000
30.15000,coast,-13.42000,26284.00000,8844.20000,218.91000,4.09000
30.16000,coast,-13.42000,26284.00000,8844.20000,218.78000,4.09000
30.17000,coast,-12.39000,26284.00000,8844.20000,218.65000,4.09000
30.18000,coast,-12.90000,26284.00000,8844.20000,218.52000,4.09000
30.19000,coast,-12.39000,26247.00000,8853.39000,218.39000,4.09000
30.20000,coast,-15.48000,26247.00000,8853.39000,218.26000,4.09000
30.21000,coast,-12.90000,26247.00000,8853.39000,218.13000,4.09000
30.22000,coast,-11.36000,26247.00000,8853.39000,218.00000,4.09000
30.23000,coast,-12.39000,26247.00000,8853.39000,217.88000,4.09000
30.24000,coast,-11.87000,26216.00000,8861.10000,217.75000,4.09000
30.25000,coast,-12.90000,26216.00000,8861.10000,217.62000,4.09000
30.26000,coast,-16.00000,26216.00000,8861.10000,217.49000,4.09000
30.27000,coast,-12.39000,26216.00000,8861.10000,217.36000,4.09000
30.28000,coast,-11.87000,26216.00000,8861.10000,217.23000,4.09000
30.29000,coast,-11.87000,26186.00000,8868.57000,217.11000,4.09000
30.30000,coast,-11.87000,26186.00000,8868.57000,216.98000,4.09000
30.31000,coast,-12.39000,26186.00000,8868.57000,216.86000,4.09000
30.32000,coast,-12.90000,26186.00000,8868.57000,216.74000,4.09000
30.33000,coast,-12.39000,26186.00000,8868.57000,216.61000,4.09000
30.34000,coast,-11.87000,26121.00000,8884.77000,216.49000,4.09000
30.35000,coast,-14.45000,26121.00000,8884.77000,216.36000,4.09000
30.36000,coast,-12.39000,26121.00000,8884.77000,216.23000,4.09000
30.37000,coast,-11.36000,26121.00000,8884.77000,216.11000,4.09000
30.38000,coast,-12.90000,26121.00000,8884.77000,215.99000,4.09000
30.39000,coast,-11.87000,26063.00000,8899.25000,215.86000,4.09000
30.40000,coast,-12.90000,26063.00000,8899.25000,215.74000,4.09000
30.41000,coast,-10.84000,26063.00000,8899.25000,215.62000,4.09000
30.42000,coast,-12.90000,26063.00000,8899.25000,215.49000,4.09000
30.43000,coast,-13.94000,26063.00000,8899.25000,215.36000,4.09000
30.44000,coast,-14.45000,26033.00000,8906.75000,215.23000,4.09000
30.45000,coast,-12.90000,26033.00000,8906.75000,215.09000,4.09000
30.46000,coast,-13.42000,26033.00000,8906.75000,214.96000,4.09000
30.47000,coast,-11.36000,26033.00000,8906.75000,214.83000,4.09000
30.48000,coast,-13.42000,26033.00000,8906.75000,214.70000,4.09000
30.49000,coast,-14.97000,26004.00000,8914.01000,214.56000,4.09000
30.50000,coast,-13.94000,26004.00000,8914.01000,214.43000,4.09000
30.51000,coast,-12.39000,26004.00000,8914.01000,214.29000,4.09000
30.52000,coast,-13.42000,26004.00000,8914.01000,214.16000,4.09000
30.53000,coast,-13.94000,26004.00000,8914.01000,214.03000,4.09000
30.54000,coast,-12.90000,25979.00000,8920.27000,213.90000,4.09000
30.55000,coast,-11.87000,25979.00000,8920.27000,213.77000,4.09000
30.56000,coast,-11.87000,25979.00000,8920.27000,213.64000,4.09000
30.57000,coast,-13.94000,25979.00000,8920.27000,213.52000,4.09000
30.58000,coast,-11.87000,25979.00000,8920.27000,213.39000,4.09000
30.59000,coast,-12.39000,25928.00000,8933.06000,213.27000,4.09000
30.60000,coast,-11.87000,25928.00000,8933.06000,213.15000,4.09000
30.61000,coast,-12.90000,25928.00000,8933.06000,213.02000,4.09000
30.62000,coast,-11.87000,25928.00000,8933.06000,212.90000,4.09000
30.63000,coast,-11.87000,25928.00000,8933.06000,212.78000,4.09000
30.64000,coast,-11.87000,25893.00000,8941.85000,212.65000,4.09000
30.65000,coast,-15.48000,25893.00000,8941.85000,212.52000,4.09000
30.66000,coast,-14.45000,25893.00000,8941.85000,212.38000,4.09000
30.67000,coast,-12.39000,25893.00000,8941.85000,212.25000,4.09000
30.68000,coast,-12.90000,25893.00000,8941.85000,212.11000,4.09000
30.69000,coast,-14.45000,25859.00000,8950.40000,211.98000,4.09000
30.70000,coast,-12.90000,25859.00000,8950.40000,211.85000,4.09000
30.71000,coast,-11.87000,25859.00000,8950.40000,211.71000,4.09000
30.72000,coast,-16.00000,25859.00000,8950.40000,211.58000,4.09000
30.73000,coast,-11.36000,25859.00000,8950.40000,211.45000,4.09000
30.74000,coast,-14.45000,25817.00000,8960.97000,211.31000,4.08000
30.75000,coast,-12.90000,25817.00000,8960.97000,211.18000,4.08000
30.76000,coast,-12.90000,25817.00000,8960.97000,211.05000,4.08000
30.77000,coast,-12.39000,25817.00000,8960.97000,210.91000,4.08000
30.78000,coast,-16.00000,25817.00000,8960.97000,210.78000,4.08000
30.79000,coast,-12.90000,25794.00000,8966.77000,210.64000,4.08000
30.80000,coast,-13.94000,25794.00000,8966.77000,210.51000,4.08000
30.81000,coast,-10.32000,25794.00000,8966.77000,210.39000,4.08000
30.82000,coast,-11.36000,25794.00000,8966.77000,210.26000,4.08000
30.83000,coast,-13.94000,25794.00000,8966.77000,210.14000,4.08000
30.84000,coast,-13.42000,25734.00000,8981.90000,210.01000,4.08000
30.85000,coast,-11.36000,25734.00000,8981.90000,209.88000,4.08000
30.86000,coast,-13.42000,25734.00000,8981.90000,209.76000,4.08000
30.87000,coast,-13.42000,25734.00000,8981.90000,209.63000,4.08000
30.88000,coast,-12.39000,25734.00000,8981.90000,209.50000,4.08000
30.89000,coast,-11.36000,25706.00000,8988.98000,209.37000,4.08000
30.90000,coast,-13.42000,25706.00000,8988.98000,209.25000,4.08000
30.91000,coast,-12.39000,25706.00000,8988.98000,209.12000,4.08000
30.92000,coast,-14.45000,25706.00000,8988.98000,208.99000,4.08000
30.93000,coast,-11.87000,25706.00000,8988.98000,208.87000,4.08000
30.94000,coast,-11.36000,25648.00000,9003.65000,208.74000,4.08000
30.95000,coast,-13.42000,25648.00000,9003.65000,208.62000,4.08000
30.96000,coast,-11.87000,25648.00000,9003.65000,208.50000,4.08000
30.97000,coast,-12.39000,25648.00000,9003.65000,208.38000,4.08000
30.98000,coast,-10.84000,25648.00000,9003.65000,208.26000,4.08000
30.99000,coast,-10.84000,25646.00000,9004.16000,208.14000,4.08000
31.00000,coast,-12.39000,25646.00000,9004.16000,208.02000,4.08000
31.01000,coast,-13.42000,25646.00000,9004.16000,207.89000,4.08000
31.02000,coast,-13.94000,25646.00000,9004.16000,207.76000,4.08000
31.03000,coast,-13.42000,25646.00000,9004.16000,207.63000,4.08000
31.04000,coast,-11.87000,25601.00000,9015.56000,207.50000,4.08000
31.05000,coast,-14.45000,25601.00000,9015.56000,207.37000,4.08000
31.06000,coast,-12.39000,25601.00000,9015.56000,207.24000,4.09000
31.07000,coast,-11.36000,25601.00000,9015.56000,207.12000,4.09000
31.08000,coast,-12.39000,25601.00000,9015.56000,207.00000,4.09000
31.09000,coast,-12.39000,25553.00000,9027.74000,206.87000,4.09000
31.10000,coast,-10.84000,25553.00000,9027.74000,206.75000,4.09000
31.11000,coast,-12.90000,25553.00000,9027.74000,206.62000,4.09000
31.12000,coast,-14.97000,25553.00000,9027.74000,206.50000,4.09000
31.13000,coast,-13.94000,25553.00000,9027.74000,206.37000,4.09000
31.14000,coast,-11.87000,25531.00000,9033.33000,206.24000,4.09000
31.15000,coast,-12.39000,25531.00000,9033.33000,206.11000,4.09000
31.16000,coast,-10.32000,25531.00000,9033.33000,205.98000,4.09000
31.17000,coast,-14.45000,25531.00000,9033.33000,205.86000,4.09000
31.18000,coast,-12.39000,25531.00000,9033.33000,205.73000,4.09000
31.19000,coast,-13.42000,25478.00000,9046.81000,205.61000,4.09000
31.20000,coast,-12.39000,25478.00000,9046.81000,205.48000,4.09000
31.21000,coast,-12.90000,25478.00000,9046.81000,205.35000,4.09000
31.22000,coast,-12.39000,25478.00000,9046.81000,205.23000,4.09000
31.23000,coast,-11.87000,25478.00000,9046.81000,205.10000,4.09000
31.24000,coast,-12.39000,25437.00000,9057.26000,204.98000,4.09000
31.25000,coast,-10.84000,25437.00000,9057.26000,204.86000,4.09000
31.26000,coast,-11.87000,25437.00000,9057.26000,204.74000,4.09000
31.27000,coast,-12.90000,25437.00000,9057.26000,204.63000,4.09000
31.28000,coast,-11.87000,25437.00000,9057.26000,204.51000,4.09000
31.29000,coast,-10.84000,25430.00000,9059.04000,204.39000,4.09000
31.30000,coast,-12.90000,25430.00000,9059.04000,204.27000,4.09000
31.31000,coast,-11.87000,25430.00000,9059.04000,204.15000,4.09000
31.32000,coast,-11.36000,25430.00000,9059.04000,204.02000,4.09000
31.33000,coast,-13.94000,25430.00000,9059.04000,203.90000,4.09000
31.34000,coast,-13.42000,25370.00000,9074.35000,203.77000,4.09000
31.35000,coast,-12.39000,25370.00000,9074.35000,203.63000,4.09000
31.36000,coast,-14.45000,25370.00000,9074.35000,203.50000,4.09000
31.37000,coast,-13.42000,25370.00000,9074.35000,203.37000,4.09000
31.38000,coast,-11.87000,25370.00000,9074.35000,203.24000,4.10000
31.39000,coast,-12.90000,25347.00000,9080.23000,203.11000,4.10000
31.40000,coast,-12.39000,25347.00000,9080.23000,202.99000,4.10000
31.41000,coast,-12.90000,25347.00000,9080.23000,202.87000,4.10000
31.42000,coast,-11.36000,25347.00000,9080.23000,202.74000,4.10000
31.43000,coast,-11.36000,25347.00000,9080.23000,202.62000,4.10000
31.44000,coast,-12.90000,25313.00000,9088.93000,202.50000,4.10000
31.45000,coast,-12.90000,25313.00000,9088.93000,202.38000,4.10000
31.46000,coast,-12.39000,25313.00000,9088.93000,202.25000,4.10000
31.47000,coast,-12.90000,25313.00000,9088.93000,202.13000,4.10000
31.48000,coast,-10.84000,25313.00000,9088.93000,202.01000,4.10000
31.49000,coast,-10.84000,25264.00000,9101.48000,201.89000,4.10000
31.50000,coast,-12.39000,25264.00000,9101.48000,201.77000,4.10000
31.51000,coast,-14.97000,25264.00000,9101.48000,201.64000,4.10000
31.52000,coast,-10.84000,25264.00000,9101.48000,201.52000,4.10000
31.53000,coast,-13.94000,25264.00000,9101.48000,201.39000,4.10000
31.54000,coast,-11.36000,25247.00000,9105.84000,201.27000,4.10000
31.55000,coast,-12.39000,25247.00000,9105.84000,201.14000,4.10000
31.56000,coast,-12.39000,25247.00000,9105.84000,201.02000,4.10000
31.57000,coast,-12.39000,25247.00000,9105.84000,200.90000,4.10000
31.58000,coast,-13.42000,25247.00000,9105.84000,200.77000,4.10000
31.59000,coast,-11.36000,25202.00000,9117.39000,200.65000,4.10000
31.60000,coast,-11.87000,25202.00000,9117.39000,200.53000,4.10000
31.61000,coast,-10.84000,25202.00000,9117.39000,200.41000,4.10000
31.62000,coast,-12.90000,25202.00000,9117.39000,200.29000,4.10000
31.63000,coast,-11.36000,25202.00000,9117.39000,200.17000,4.10000
31.64000,coast,-11.36000,25149.00000,9131.01000,200.05000,4.10000
31.65000,coast,-13.94000,25149.00000,9131.01000,199.93000,4.10000
31.66000,coast,-12.90000,25149.00000,9131.01000,199.80000,4.10000
31.67000,coast,-12.39000,25149.00000,9131.01000,199.68000,4.10000
31.68000,coast,-11.36000,25149.00000,9131.01000,199.56000,4.10000
31.69000,coast,-12.90000,25124.00000,9137.44000,199.43000,4.10000
31.70000,coast,-11.36000,25124.00000,9137.44000,199.31000,4.09000
31.71000,coast,-13.42000,25124.00000,9137.44000,199.18000,4.09000
31.72000,coast,-13.94000,25124.00000,9137.44000,199.06000,4.09000
31.73000,coast,-11.36000,25124.00000,9137.44000,198.93000,4.09000
31.74000,coast,-11.87000,25110.00000,9141.05000,198.80000,4.09000
31.75000,coast,-13.94000,25110.00000,9141.05000,198.68000,4.09000
31.76000,coast,-12.90000,25110.00000,9141.05000,198.55000,4.09000
31.77000,coast,-10.84000,25110.00000,9141.05000,198.43000,4.09000
31.78000,coast,-12.90000,25110.00000,9141.05000,198.31000,4.09000
31.79000,coast,-11.87000,25056.00000,9154.97000,198.18000,4.09000
31.80000,coast,-12.90000,25056.00000,9154.97000,198.06000,4.09000
31.81000,coast,-12.39000,25056.00000,9154.97000,197.93000,4.09000
31.82000,coast,-11.87000,25056.00000,9154.97000,197.81000,4.09000
31.83000,coast,-14.45000,25056.00000,9154.97000,197.68000,4.09000
31.84000,coast,-12.90000,25016.00000,9165.30000,197.56000,4.09000
31.85000,coast,-10.84000,25016.00000,9165.30000,197.43000,4.09000
31.86000,coast,-11.87000,25016.00000,9165.30000,197.31000,4.09000
31.87000,coast,-11.36000,25016.00000,9165.30000,197.19000,4.09000
31.88000,coast,-11.87000,25016.00000,9165.30000,197.07000,4.09000
31.89000,coast,-15.48000,24992.00000,9171.50000,196.94000,4.09000
31.90000,coast,-13.42000,24992.00000,9171.50000,196.81000,4.09000
31.91000,coast,-10.84000,24992.00000,9171.50000,196.69000,4.09000
31.92000,coast,-11.36000,24992.00000,9171.50000,196.56000,4.09000
31.93000,coast,-11.87000,24992.00000,9171.50000,196.44000,4.09000
31.94000,coast,-13.42000,24946.00000,9183.41000,196.32000,4.09000
31.95000,coast,-12.39000,24946.00000,9183.41000,196.20000,4.09000
31.96000,coast,-12.90000,24946.00000,9183.41000,196.07000,4.09000
31.97000,coast,-11.87000,24946.00000,9183.41000,195.95000,4.09000
31.98000,coast,-11.87000,24946.00000,9183.41000,195.83000,4.09000
31.99000,coast,-11.36000,24922.00000,9189.63000,195.71000,4.09000
32.00000,coast,-11.87000,24922.00000,9189.63000,195.59000,4.09000
32.01000,coast,-11.87000,24922.00000,9189.63000,195.47000,4.09000
32.02000,coast,-11.87000,24922.00000,9189.63000,195.35000,4.08000
32.03000,coast,-13.42000,24922.00000,9189.63000,195.23000,4.08000
32.04000,coast,-13.42000,24874.00000,9202.08000,195.10000,4.08000
32.05000,coast,-10.32000,24874.00000,9202.08000,194.98000,4.08000
32.06000,coast,-13.94000,24874.00000,9202.08000,194.85000,4.08000
32.07000,coast,-12.90000,24874.00000,9202.08000,194.72000,4.08000
32.08000,coast,-12.90000,24874.00000,9202.08000,194.59000,4.08000
32.09000,coast,-13.42000,24846.00000,9209.35000,194.46000,4.08000
32.10000,coast,-12.90000,24846.00000,9209.35000,194.33000,4.08000
32.11000,coast,-12.90000,24846.00000,9209.35000,194.20000,4.08000
32.12000,coast,-12.39000,24846.00000,9209.35000,194.07000,4.08000
32.13000,coast,-12.39000,24846.00000,9209.35000,193.94000,4.08000
32.14000,coast,-13.94000,24819.00000,9216.36000,193.82000,4.08000
32.15000,coast,-12.90000,24819.00000,9216.36000,193.69000,4.08000
32.16000,coast,-13.42000,24819.00000,9216.36000,193.56000,4.08000
32.17000,coast,-12.90000,24819.00000,9216.36000,193.43000,4.08000
32.18000,coast,-11.87000,24819.00000,9216.36000,193.30000,4.08000
32.19000,coast,-11.36000,24773.00000,9228.34000,193.18000,4.08000
32.20000,coast,-12.90000,24773.00000,9228.34000,193.06000,4.08000
32.21000,coast,-11.87000,24773.00000,9228.34000,192.94000,4.08000
32.22000,coast,-10.32000,24773.00000,9228.34000,192.82000,4.08000
32.23000,coast,-11.87000,24773.00000,9228.34000,192.70000,4.08000
32.24000,coast,-13.42000,24746.00000,9235.37000,192.59000,4.08000
32.25000,coast,-11.87000,24746.00000,9235.37000,192.47000,4.08000
32.26000,coast,-11.36000,24746.00000,9235.37000,192.35000,4.08000
32.27000,coast,-11.87000,24746.00000,9235.37000,192.23000,4.08000
32.28000,coast,-12.39000,24746.00000,9235.37000,192.10000,4.08000
32.29000,coast,-11.87000,24713.00000,9243.98000,191.98000,4.08000
32.30000,coast,-12.39000,24713.00000,9243.98000,191.86000,4.08000
32.31000,coast,-13.42000,24713.00000,9243.98000,191.73000,4.08000
32.32000,coast,-13.42000,24713.00000,9243.98000,191.61000,4.08000
32.33000,coast,-11.87000,24713.00000,9243.98000,191.48000,4.08000
32.34000,coast,-12.90000,24682.00000,9252.07000,191.35000,4.09000
32.35000,coast,-11.87000,24682.00000,9252.07000,191.23000,4.09000
32.36000,coast,-10.84000,24682.00000,9252.07000,191.11000,4.09000
32.37000,coast,-13.94000,24682.00000,9252.07000,190.98000,4.09000
32.38000,coast,-12.90000,24682.00000,9252.07000,190.85000,4.09000
32.39000,coast,-13.42000,24637.00000,9263.83000,190.72000,4.09000
32.40000,coast,-13.94000,24637.00000,9263.83000,190.60000,4.09000
32.41000,coast,-11.36000,24637.00000,9263.83000,190.47000,4.09000
32.42000,coast,-11.36000,24637.00000,9263.83000,190.35000,4.09000
32.43000,coast,-12.39000,24637.00000,9263.83000,190.22000,4.09000
32.44000,coast,-13.94000,24604.00000,9272.47000,190.10000,4.09000
32.45000,coast,-10.84000,24604.00000,9272.47000,189.98000,4.09000
32.46000,coast,-12.39000,24604.00000,9272.47000,189.85000,4.09000
32.47000,coast,-11.87000,24604.00000,9272.47000,189.73000,4.09000
32.48000,coast,-13.42000,24604.00000,9272.47000,189.61000,4.09000
32.49000,coast,-11.36000,24568.00000,9281.90000,189.49000,4.09000
32.50000,coast,-12.39000,24568.00000,9281.90000,189.36000,4.09000
32.51000,coast,-13.94000,24568.00000,9281.90000,189.23000,4.09000
32.52000,coast,-11.36000,24568.00000,9281.90000,189.11000,4.09000
32.53000,coast,-13.42000,24568.00000,9281.90000,188.98000,4.09000
32.54000,coast,-13.94000,24534.00000,9290.82000,188.85000,4.09000
32.55000,coast,-12.39000,24534.00000,9290.82000,188.72000,4.09000
32.56000,coast,-13.94000,24534.00000,9290.82000,188.59000,4.09000
32.57000,coast,-12.90000,24534.00000,9290.82000,188.46000,4.09000
32.58000,coast,-12.39000,24534.00000,9290.82000,188.33000,4.09000
32.59000,coast,-11.87000,24517.00000,9295.29000,188.20000,4.09000
32.60000,coast,-12.39000,24517.00000,9295.29000,188.08000,4.09000
32.61000,coast,-12.39000,24517.00000,9295.29000,187.96000,4.09000
32.62000,coast,-13.42000,24517.00000,9295.29000,187.83000,4.09000
32.63000,coast,-10.84000,24517.00000,9295.29000,187.71000,4.09000
32.64000,coast,-13.94000,24465.00000,9308.95000,187.58000,4.09000
32.65000,coast,-11.87000,24465.00000,9308.95000,187.46000,4.09000
32.66000,coast,-11.36000,24465.00000,9308.95000,187.34000,4.09000
32.67000,coast,-11.36000,24465.00000,9308.95000,187.23000,4.09000
32.68000,coast,-11.87000,24465.00000,9308.95000,187.11000,4.09000
32.69000,coast,-10.32000,24439.00000,9315.80000,186.99000,4.09000
32.70000,coast,-12.39000,24439.00000,9315.80000,186.88000,4.09000
32.71000,coast,-12.39000,24439.00000,9315.80000,186.76000,4.09000
32.72000,coast,-11.36000,24439.00000,9315.80000,186.64000,4.09000
32.73000,coast,-12.39000,24439.00000,9315.80000,186.52000,4.09000
32.74000,coast,-11.87000,24446.00000,9313.95000,186.40000,4.09000
32.75000,coast,-11.87000,24446.00000,9313.95000,186.28000,4.09000
32.76000,coast,-10.84000,24446.00000,9313.95000,186.16000,4.09000
32.77000,coast,-14.97000,24446.00000,9313.95000,186.03000,4.09000
32.78000,coast,-12.90000,24446.00000,9313.95000,185.91000,4.09000
32.79000,coast,-13.42000,24417.00000,9321.59000,185.78000,4.09000
32.80000,coast,-10.32000,24417.00000,9321.59000,185.65000,4.09000
32.81000,coast,-12.39000,24417.00000,9321.59000,185.53000,4.09000
32.82000,coast,-13.94000,24417.00000,9321.59000,185.40000,4.09000
32.83000,coast,-13.42000,24417.00000,9321.59000,185.28000,4.09000
32.84000,coast,-10.84000,24360.00000,9336.63000,185.15000,4.09000
32.85000,coast,-12.90000,24360.00000,9336.63000,185.03000,4.09000
32.86000,coast,-11.36000,24360.00000,9336.63000,184.91000,4.09000
32.87000,coast,-12.90000,24360.00000,9336.63000,184.78000,4.09000
32.88000,coast,-12.90000,24360.00000,9336.63000,184.66000,4.09000
32.89000,coast,-11.87000,24322.00000,9346.66000,184.54000,4.09000
32.90000,coast,-9.81000,24322.00000,9346.66000,184.42000,4.09000
32.91000,coast,-13.42000,24322.00000,9346.66000,184.31000,4.09000
32.92000,coast,-11.36000,24322.00000,9346.66000,184.19000,4.09000
32.93000,coast,-10.32000,24322.00000,9346.66000,184.08000,4.09000
32.94000,coast,-11.87000,24303.00000,9351.69000,183.96000,4.09000
32.95000,coast,-11.36000,24303.00000,9351.69000,183.84000,4.09000
32.96000,coast,-12.39000,24303.00000,9351.69000,183.73000,4.09000
32.97000,coast,-12.90000,24303.00000,9351.69000,183.61000,4.09000
32.98000,coast,-12.39000,24303.00000,9351.69000,183.49000,4.08000
32.99000,coast,-9.29000,24271.00000,9360.16000,183.37000,4.08000
33.00000,coast,-10.84000,24271.00000,9360.16000,183.25000,4.08000
33.01000,coast,-14.97000,24271.00000,9360.16000,183.13000,4.08000
33.02000,coast,-12.90000,24271.00000,9360.16000,183.01000,4.08000
33.03000,coast,-12.39000,24271.00000,9360.16000,182.88000,4.08000
33.04000,coast,-10.32000,24230.00000,9371.02000,182.76000,4.08000
33.05000,coast,-11.36000,24230.00000,9371.02000,182.64000,4.08000
33.06000,coast,-14.45000,24230.00000,9371.02000,182.51000,4.08000
33.07000,coast,-13.94000,24230.00000,9371.02000,182.39000,4.08000
33.08000,coast,-10.84000,24230.00000,9371.02000,182.27000,4.08000
33.09000,coast,-10.32000,24205.00000,9377.65000,182.15000,4.08000
33.10000,coast,-12.90000,24205.00000,9377.65000,182.03000,4.08000
33.11000,coast,-12.39000,24205.00000,9377.65000,181.91000,4.08000
33.12000,coast,-11.87000,24205.00000,9377.65000,181.78000,4.08000
33.13000,coast,-12.90000,24205.00000,9377.65000,181.66000,4.08000
33.14000,coast,-12.39000,24173.00000,9386.15000,181.54000,4.08000
33.15000,coast,-12.90000,24173.00000,9386.15000,181.41000,4.08000
33.16000,coast,-11.87000,24173.00000,9386.15000,181.29000,4.08000
33.17000,coast,-10.84000,24173.00000,9386.15000,181.17000,4.08000
33.18000,coast,-12.39000,24173.00000,9386.15000,181.06000,4.08000
33.19000,coast,-11.36000,24120.00000,9400.24000,180.94000,4.08000
33.20000,coast,-11.36000,24120.00000,9400.24000,180.82000,4.08000
33.21000,coast,-12.90000,24120.00000,9400.24000,180.70000,4.08000
33.22000,coast,-10.84000,24120.00000,9400.24000,180.58000,4.08000
33.23000,coast,-12.39000,24120.00000,9400.24000,180.46000,4.08000
33.24000,coast,-12.39000,24104.00000,9404.50000,180.34000,4.08000
33.25000,coast,-13.42000,24104.00000,9404.50000,180.21000,4.08000
33.26000,coast,-12.90000,24104.00000,9404.50000,180.08000,4.08000
33.27000,coast,-14.45000,24104.00000,9404.50000,179.94000,4.08000
33.28000,coast,-15.48000,24104.00000,9404.50000,179.81000,4.08000
33.29000,coast,-12.39000,24068.00000,9414.09000,179.68000,4.08000
33.30000,coast,-10.32000,24068.00000,9414.09000,179.55000,4.09000
33.31000,coast,-12.39000,24068.00000,9414.09000,179.42000,4.09000
33.32000,coast,-12.39000,24068.00000,9414.09000,179.29000,4.09000
33.33000,coast,-14.97000,24068.00000,9414.09000,179.16000,4.09000
33.34000,coast,-13.94000,24040.00000,9421.56000,179.03000,4.09000
33.35000,coast,-12.90000,24040.00000,9421.56000,178.90000,4.09000
33.36000,coast,-12.39000,24040.00000,9421.56000,178.78000,4.09000
33.37000,coast,-10.32000,24040.00000,9421.56000,178.65000,4.09000
33.38000,coast,-12.39000,24040.00000,9421.56000,178.53000,4.09000
33.39000,coast,-11.87000,24024.00000,9425.83000,178.42000,4.09000
33.40000,coast,-11.87000,24024.00000,9425.83000,178.30000,4.09000
33.41000,coast,-11.36000,24024.00000,9425.83000,178.18000,4.09000
33.42000,coast,-12.39000,24024.00000,9425.83000,178.06000,4.09000
33.43000,coast,-12.90000,24024.00000,9425.83000,177.94000,4.09000
33.44000,coast,-10.84000,23973.00000,9439.46000,177.82000,4.09000
33.45000,coast,-11.87000,23973.00000,9439.46000,177.70000,4.09000
33.46000,coast,-12.90000,23973.00000,9439.46000,177.58000,4.09000
33.47000,coast,-11.36000,23973.00000,9439.46000,177.46000,4.09000
33.48000,coast,-11.87000,23973.00000,9439.46000,177.33000,4.09000
33.49000,coast,-14.45000,23948.00000,9446.15000,177.21000,4.09000
33.50000,coast,-12.90000,23948.00000,9446.15000,177.08000,4.09000
33.51000,coast,-11.36000,23948.00000,9446.15000,176.96000,4.09000
33.52000,coast,-12.39000,23948.00000,9446.15000,176.84000,4.09000
33.53000,coast,-10.84000,23948.00000,9446.15000,176.71000,4.09000
33.54000,coast,-13.42000,23933.00000,9450.16000,176.59000,4.09000
33.55000,coast,-11.87000,23933.00000,9450.16000,176.47000,4.09000
33.56000,coast,-13.42000,23933.00000,9450.16000,176.35000,4.09000
33.57000,coast,-11.36000,23933.00000,9450.16000,176.22000,4.09000
33.58000,coast,-12.90000,23933.00000,9450.16000,176.10000,4.09000
33.59000,coast,-12.90000,23900.00000,9459.00000,175.98000,4.09000
33.60000,coast,-10.84000,23900.00000,9459.00000,175.85000,4.09000
33.61000,coast,-11.87000,23900.00000,9459.00000,175.73000,4.09000
33.62000,coast,-12.39000,23900.00000,9459.00000,175.61000,4.09000
33.63000,coast,-13.42000,23900.00000,9459.00000,175.48000,4.09000
33.64000,coast,-14.45000,23872.00000,9466.52000,175.36000,4.09000
33.65000,coast,-10.32000,23872.00000,9466.52000,175.23000,4.09000
33.66000,coast,-12.39000,23872.00000,9466.52000,175.11000,4.09000
33.67000,coast,-12.90000,23872.00000,9466.52000,174.98000,4.09000
33.68000,coast,-13.42000,23872.00000,9466.52000,174.85000,4.09000
33.69000,coast,-11.87000,23838.00000,9475.64000,174.73000,4.09000
33.70000,coast,-12.90000,23838.00000,9475.64000,174.60000,4.09000
33.71000,coast,-11.87000,23838.00000,9475.64000,174.48000,4.09000
33.72000,coast,-12.39000,23838.00000,9475.64000,174.35000,4.09000
33.73000,coast,-14.97000,23838.00000,9475.64000,174.22000,4.09000
33.74000,coast,-11.87000,23821.00000,9480.21000,174.09000,4.09000
33.75000,coast,-12.90000,23821.00000,9480.21000,173.97000,4.09000
33.76000,coast,-11.87000,23821.00000,9480.21000,173.84000,4.09000
33.77000,coast,-13.42000,23821.00000,9480.21000,173.72000,4.09000
33.78000,coast,-10.84000,23821.00000,9480.21000,173.59000,4.09000
33.79000,coast,-12.90000,23776.00000,9492.32000,173.47000,4.09000
33.80000,coast,-10.84000,23776.00000,9492.32000,173.35000,4.09000
33.81000,coast,-12.90000,23776.00000,9492.32000,173.23000,4.09000
33.82000,coast,-11.87000,23776.00000,9492.32000,173.10000,4.09000
33.83000,coast,-14.45000,23776.00000,9492.32000,172.98000,4.09000
33.84000,coast,-12.39000,23745.00000,9500.67000,172.85000,4.09000
33.85000,coast,-13.42000,23745.00000,9500.67000,172.72000,4.09000
33.86000,coast,-12.39000,23745.00000,9500.67000,172.59000,4.09000
33.87000,coast,-12.90000,23745.00000,9500.67000,172.47000,4.09000
33.88000,coast,-9.29000,23745.00000,9500.67000,172.35000,4.09000
33.89000,coast,-13.42000,23709.00000,9510.38000,172.23000,4.09000
33.90000,coast,-11.87000,23709.00000,9510.38000,172.10000,4.09000
33.91000,coast,-13.94000,23709.00000,9510.38000,171.98000,4.09000
33.92000,coast,-12.90000,23709.00000,9510.38000,171.86000,4.09000
33.93000,coast,-10.32000,23709.00000,9510.38000,171.73000,4.09000
33.94000,coast,-12.39000,23681.00000,9517.94000,171.62000,4.09000
33.95000,coast,-12.39000,23681.00000,9517.94000,171.50000,4.09000
33.96000,coast,-10.84000,23681.00000,9517.94000,171.38000,4.09000
33.97000,coast,-9.29000,23681.00000,9517.94000,171.27000,4.09000
33.98000,coast,-12.90000,23681.00000,9517.94000,171.16000,4.09000
33.99000,coast,-10.32000,23665.00000,9522.26000,171.04000,4.09000
34.00000,coast,-14.45000,23665.00000,9522.26000,170.92000,4.09000
34.01000,coast,-11.87000,23665.00000,9522.26000,170.80000,4.09000
34.02000,coast,-10.32000,23665.00000,9522.26000,170.67000,4.09000
34.03000,coast,-14.45000,23665.00000,9522.26000,170.54000,4.09000
34.04000,coast,-14.97000,23623.00000,9533.62000,170.41000,4.09000
34.05000,coast,-14.97000,23623.00000,9533.62000,170.28000,4.09000
34.06000,coast,-10.84000,23623.00000,9533.62000,170.15000,4.09000
34.07000,coast,-12.90000,23623.00000,9533.62000,170.03000,4.09000
34.08000,coast,-8.77000,23623.00000,9533.62000,169.91000,4.09000
34.09000,coast,-12.39000,23603.00000,9539.04000,169.79000,4.09000
34.10000,coast,-11.36000,23603.00000,9539.04000,169.68000,4.09000
34.11000,coast,-11.36000,23603.00000,9539.04000,169.56000,4.09000
34.12000,coast,-13.94000,23603.00000,9539.04000,169.44000,4.09000
34.13000,coast,-11.36000,23603.00000,9539.04000,169.32000,4.09000
34.14000,coast,-12.39000,23588.00000,9543.10000,169.20000,4.09000
34.15000,coast,-12.39000,23588.00000,9543.10000,169.08000,4.09000
34.16000,coast,-10.32000,23588.00000,9543.10000,168.96000,4.09000
34.17000,coast,-13.42000,23588.00000,9543.10000,168.84000,4.09000
34.18000,coast,-12.39000,23588.00000,9543.10000,168.72000,4.09000
34.19000,coast,-10.32000,23552.00000,9552.86000,168.60000,4.09000
34.20000,coast,-10.84000,23552.00000,9552.86000,168.49000,4.09000
34.21000,coast,-10.84000,23552.00000,9552.86000,168.38000,4.09000
34.22000,coast,-12.39000,23552.00000,9552.86000,168.26000,4.09000
34.23000,coast,-12.39000,23552.00000,9552.86000,168.15000,4.09000
34.24000,coast,-8.77000,23536.00000,9557.20000,168.03000,4.09000
34.25000,coast,-12.39000,23536.00000,9557.20000,167.92000,4.09000
34.26000,coast,-13.42000,23536.00000,9557.20000,167.80000,4.09000
34.27000,coast,-11.87000,23536.00000,9557.20000,167.68000,4.09000
34.28000,coast,-11.87000,23536.00000,9557.20000,167.55000,4.09000
34.29000,coast,-13.42000,23508.00000,9564.81000,167.43000,4.09000
34.30000,coast,-11.87000,23508.00000,9564.81000,167.31000,4.09000
34.31000,coast,-13.42000,23508.00000,9564.81000,167.18000,4.09000
34.32000,coast,-10.84000,23508.00000,9564.81000,167.06000,4.09000
34.33000,coast,-11.87000,23508.00000,9564.81000,166.94000,4.09000
34.34000,coast,-12.90000,23480.00000,9572.42000,166.82000,4.09000
34.35000,coast,-11.87000,23480.00000,9572.42000,166.69000,4.09000
34.36000,coast,-12.39000,23480.00000,9572.42000,166.57000,4.09000
34.37000,coast,-12.39000,23480.00000,9572.42000,166.45000,4.09000
34.38000,coast,-12.90000,23480.00000,9572.42000,166.32000,4.09000
34.39000,coast,-12.90000,23429.00000,9586.30000,166.19000,4.09000
34.40000,coast,-14.45000,23429.00000,9586.30000,166.07000,4.09000
34.41000,coast,-10.84000,23429.00000,9586.30000,165.94000,4.09000
34.42000,coast,-11.36000,23429.00000,9586.30000,165.81000,4.09000
34.43000,coast,-13.94000,23429.00000,9586.30000,165.69000,4.09000
34.44000,coast,-12.39000,23427.00000,9586.85000,165.57000,4.09000
34.45000,coast,-11.87000,23427.00000,9586.85000,165.44000,4.09000
34.46000,coast,-12.39000,23427.00000,9586.85000,165.32000,4.09000
34.47000,coast,-11.36000,23427.00000,9586.85000,165.20000,4.09000
34.48000,coast,-11.36000,23427.00000,9586.85000,165.08000,4.09000
34.49000,coast,-13.94000,23394.00000,9595.84000,164.96000,4.09000
34.50000,coast,-10.84000,23394.00000,9595.84000,164.84000,4.09000
34.51000,coast,-13.42000,23394.00000,9595.84000,164.71000,4.09000
34.52000,coast,-12.90000,23394.00000,9595.84000,164.59000,4.09000
34.53000,coast,-12.39000,23394.00000,9595.84000,164.47000,4.09000
34.54000,coast,-10.32000,23378.00000,9600.21000,164.35000,4.09000
34.55000,coast,-11.36000,23378.00000,9600.21000,164.23000,4.09000
34.56000,coast,-13.42000,23378.00000,9600.21000,164.10000,4.09000
34.57000,coast,-13.42000,23378.00000,9600.21000,163.98000,4.09000
34.58000,coast,-10.84000,23378.00000,9600.21000,163.86000,4.09000
34.59000,coast,-12.39000,23348.00000,9608.40000,163.74000,4.09000
34.60000,coast,-11.87000,23348.00000,9608.40000,163.61000,4.09000
34.61000,coast,-12.90000,23348.00000,9608.40000,163.48000,4.09000
34.62000,coast,-16.00000,23348.00000,9608.40000,163.35000,4.09000
34.63000,coast,-14.97000,23348.00000,9608.40000,163.22000,4.09000
34.64000,coast,-9.81000,23320.00000,9616.06000,163.09000,4.09000
34.65000,coast,-11.87000,23320.00000,9616.06000,162.96000,4.09000
34.66000,coast,-11.87000,23320.00000,9616.06000,162.84000,4.09000
34.67000,coast,-12.90000,23320.00000,9616.06000,162.73000,4.09000
34.68000,coast,-10.32000,23320.00000,9616.06000,162.61000,4.09000
34.69000,coast,-9.81000,23283.00000,9626.18000,162.49000,4.09000
34.70000,coast,-13.94000,23283.00000,9626.18000,162.37000,4.09000
34.71000,coast,-13.42000,23283.00000,9626.18000,162.25000,4.09000
34.72000,coast,-13.42000,23283.00000,9626.18000,162.12000,4.09000
34.73000,coast,-12.39000,23283.00000,9626.18000,161.99000,4.09000
34.74000,coast,-10.84000,23263.00000,9631.66000,161.87000,4.09000
34.75000,coast,-12.90000,23263.00000,9631.66000,161.75000,4.09000
34.76000,coast,-13.42000,23263.00000,9631.66000,161.62000,4.09000
34.77000,coast,-11.87000,23263.00000,9631.66000,161.51000,4.09000
34.78000,coast,-10.32000,23263.00000,9631.66000,161.39000,4.09000
34.79000,coast,-9.81000,23235.00000,9639.34000,161.27000,4.09000
34.80000,coast,-12.90000,23235.00000,9639.34000,161.15000,4.09000
34.81000,coast,-11.87000,23235.00000,9639.34000,161.03000,4.09000
34.82000,coast,-15.48000,23235.00000,9639.34000,160.90000,4.09000
34.83000,coast,-13.94000,23235.00000,9639.34000,160.77000,4.09000
34.84000,coast,-10.32000,23217.00000,9644.28000,160.65000,4.09000
34.85000,coast,-12.39000,23217.00000,9644.28000,160.53000,4.09000
34.86000,coast,-11.87000,23217.00000,9644.28000,160.41000,4.09000
34.87000,coast,-10.84000,23217.00000,9644.28000,160.29000,4.09000
34.88000,coast,-11.36000,23217.00000,9644.28000,160.17000,4.09000
34.89000,coast,-13.42000,23176.00000,9655.54000,160.05000,4.09000
34.90000,coast,-11.87000,23176.00000,9655.54000,159.93000,4.08000
34.91000,coast,-12.90000,23176.00000,9655.54000,159.80000,4.08000
34.92000,coast,-12.90000,23176.00000,9655.54000,159.68000,4.08000
34.93000,coast,-10.84000,23176.00000,9655.54000,159.56000,4.08000
34.94000,coast,-12.39000,23178.00000,9654.99000,159.44000,4.08000
34.95000,coast,-11.87000,23178.00000,9654.99000,159.32000,4.08000
34.96000,coast,-10.84000,23178.00000,9654.99000,159.21000,4.08000
34.97000,coast,-11.36000,23178.00000,9654.99000,159.09000,4.08000
34.98000,coast,-12.39000,23178.00000,9654.99000,158.97000,4.08000
34.99000,coast,-12.39000,23128.00000,9668.74000,158.85000,4.08000
35.00000,coast,-11.87000,23128.00000,9668.74000,158.73000,4.08000
35.01000,coast,-10.84000,23128.00000,9668.74000,158.61000,4.08000
35.02000,coast,-12.90000,23128.00000,9668.74000,158.49000,4.08000
35.03000,coast,-13.42000,23128.00000,9668.74000,158.37000,4.08000
35.04000,coast,-10.84000,23116.00000,9672.05000,158.25000,4.08000
35.05000,coast,-12.90000,23116.00000,9672.05000,158.13000,4.08000
35.06000,coast,-12.39000,23116.00000,9672.05000,158.01000,4.08000
35.07000,coast,-10.32000,23116.00000,9672.05000,157.89000,4.08000
35.08000,coast,-11.87000,23116.00000,9672.05000,157.77000,4.08000
35.09000,coast,-13.42000,23101.00000,9676.18000,157.65000,4.08000
35.10000,coast,-12.39000,23101.00000,9676.18000,157.53000,4.08000
35.11000,coast,-11.36000,23101.00000,9676.18000,157.41000,4.08000
35.12000,coast,-10.84000,23101.00000,9676.18000,157.29000,4.08000
35.13000,coast,-11.36000,23101.00000,9676.18000,157.17000,4.08000
35.14000,coast,-13.42000,23078.00000,9682.52000,157.05000,4.08000
35.15000,coast,-13.42000,23078.00000,9682.52000,156.93000,4.08000
35.16000,coast,-10.84000,23078.00000,9682.52000,156.81000,4.08000
35.17000,coast,-10.84000,23078.00000,9682.52000,156.70000,4.08000
35.18000,coast,-11.36000,23078.00000,9682.52000,156.58000,4.08000
35.19000,coast,-11.36000,23063.00000,9686.66000,156.47000,4.08000
35.20000,coast,-10.84000,23063.00000,9686.66000,156.36000,4.08000
35.21000,coast,-11.36000,23063.00000,9686.66000,156.24000,4.08000
35.22000,coast,-11.36000,23063.00000,9686.66000,156.13000,4.09000
35.23000,coast,-11.36000,23063.00000,9686.66000,156.02000,4.09000
35.24000,coast,-10.32000,23004.00000,9702.96000,155.90000,4.09000
35.25000,coast,-12.90000,23004.00000,9702.96000,155.78000,4.09000
35.26000,coast,-12.90000,23004.00000,9702.96000,155.66000,4.09000
35.27000,coast,-12.90000,23004.00000,9702.96000,155.53000,4.09000
35.28000,coast,-13.94000,23004.00000,9702.96000,155.40000,4.09000
35.29000,coast,-13.42000,22995.00000,9705.45000,155.27000,4.09000
35.30000,coast,-12.39000,22995.00000,9705.45000,155.14000,4.09000
35.31000,coast,-12.90000,22995.00000,9705.45000,155.02000,4.09000
35.32000,coast,-11.36000,22995.00000,9705.45000,154.90000,4.09000
35.33000,coast,-10.84000,22995.00000,9705.45000,154.78000,4.09000
35.34000,coast,-11.36000,22972.00000,9711.81000,154.66000,4.09000
35.35000,coast,-13.42000,22972.00000,9711.81000,154.54000,4.09000
35.36000,coast,-11.36000,22972.00000,9711.81000,154.41000,4.09000
35.37000,coast,-13.94000,22972.00000,9711.81000,154.29000,4.09000
35.38000,coast,-13.94000,22972.00000,9711.81000,154.16000,4.09000
35.39000,coast,-11.87000,22957.00000,9715.97000,154.03000,4.09000
35.40000,coast,-12.39000,22957.00000,9715.97000,153.91000,4.09000
35.41000,coast,-11.87000,22957.00000,9715.97000,153.78000,4.09000
35.42000,coast,-12.90000,22957.00000,9715.97000,153.66000,4.09000
35.43000,coast,-11.36000,22957.00000,9715.97000,153.54000,4.09000
35.44000,coast,-11.87000,22938.00000,9721.23000,153.42000,4.09000
35.45000,coast,-12.39000,22938.00000,9721.23000,153.30000,4.09000
35.46000,coast,-12.39000,22938.00000,9721.23000,153.18000,4.09000
35.47000,coast,-10.84000,22938.00000,9721.23000,153.05000,4.09000
35.48000,coast,-14.45000,22938.00000,9721.23000,152.93000,4.09000
35.49000,coast,-11.36000,22897.00000,9732.60000,152.81000,4.09000
35.50000,coast,-11.87000,22897.00000,9732.60000,152.69000,4.09000
35.51000,coast,-10.84000,22897.00000,9732.60000,152.57000,4.09000
35.52000,coast,-14.45000,22897.00000,9732.60000,152.44000,4.09000
35.53000,coast,-10.84000,22897.00000,9732.60000,152.32000,4.09000
35.54000,coast,-13.42000,22888.00000,9735.10000,152.20000,4.09000
35.55000,coast,-12.90000,22888.00000,9735.10000,152.07000,4.09000
35.56000,coast,-10.84000,22888.00000,9735.10000,151.95000,4.09000
35.57000,coast,-13.42000,22888.00000,9735.10000,151.82000,4.09000
35.58000,coast,-13.42000,22888.00000,9735.10000,151.70000,4.09000
35.59000,coast,-11.36000,22843.00000,9747.61000,151.57000,4.09000
35.60000,coast,-11.87000,22843.00000,9747.61000,151.45000,4.09000
35.61000,coast,-12.90000,22843.00000,9747.61000,151.33000,4.09000
35.62000,coast,-11.87000,22843.00000,9747.61000,151.21000,4.09000
35.63000,coast,-12.39000,22843.00000,9747.61000,151.08000,4.09000
35.64000,coast,-12.90000,22831.00000,9750.94000,150.96000,4.09000
35.65000,coast,-12.39000,22831.00000,9750.94000,150.84000,4.09000
35.66000,coast,-10.32000,22831.00000,9750.94000,150.72000,4.09000
35.67000,coast,-11.87000,22831.00000,9750.94000,150.60000,4.09000
35.68000,coast,-11.36000,22831.00000,9750.94000,150.48000,4.09000
35.69000,coast,-11.87000,22787.00000,9763.20000,150.36000,4.09000
35.70000,coast,-14.45000,22787.00000,9763.20000,150.24000,4.09000
35.71000,coast,-11.87000,22787.00000,9763.20000,150.12000,4.09000
35.72000,coast,-12.39000,22787.00000,9763.20000,150.00000,4.09000
35.73000,coast,-11.36000,22787.00000,9763.20000,149.87000,4.09000
35.74000,coast,-11.87000,22778.00000,9765.70000,149.75000,4.09000
35.75000,coast,-12.39000,22778.00000,9765.70000,149.63000,4.09000
35.76000,coast,-11.36000,22778.00000,9765.70000,149.51000,4.09000
35.77000,coast,-12.90000,22778.00000,9765.70000,149.39000,4.09000
35.78000,coast,-12.90000,22778.00000,9765.70000,149.26000,4.09000
35.79000,coast,-11.87000,22757.00000,9771.56000,149.14000,4.09000
35.80000,coast,-13.94000,22757.00000,9771.56000,149.02000,4.09000
35.81000,coast,-11.36000,22757.00000,9771.56000,148.90000,4.09000
35.82000,coast,-10.84000,22757.00000,9771.56000,148.78000,4.09000
35.83000,coast,-10.84000,22757.00000,9771.56000,148.66000,4.09000
35.84000,coast,-11.87000,22742.00000,9775.75000,148.55000,4.09000
35.85000,coast,-11.36000,22742.00000,9775.75000,148.44000,4.09000
35.86000,coast,-11.36000,22742.00000,9775.75000,148.32000,4.08000
35.87000,coast,-12.39000,22742.00000,9775.75000,148.20000,4.08000
35.88000,coast,-11.87000,22742.00000,9775.75000,148.08000,4.08000
35.89000,coast,-12.90000,22720.00000,9781.89000,147.96000,4.08000
35.90000,coast,-12.39000,22720.00000,9781.89000,147.84000,4.08000
35.91000,coast,-10.32000,22720.00000,9781.89000,147.73000,4.08000
35.92000,coast,-10.84000,22720.00000,9781.89000,147.61000,4.08000
35.93000,coast,-11.87000,22720.00000,9781.89000,147.50000,4.08000
35.94000,coast,-10.84000,22692.00000,9789.71000,147.38000,4.08000
35.95000,coast,-10.84000,22692.00000,9789.71000,147.27000,4.08000
35.96000,coast,-13.94000,22692.00000,9789.71000,147.15000,4.08000
35.97000,coast,-12.39000,22692.00000,9789.71000,147.02000,4.08000
35.98000,coast,-13.42000,22692.00000,9789.71000,146.90000,4.08000
35.99000,coast,-12.39000,22662.00000,9798.11000,146.78000,4.08000
36.00000,coast,-11.36000,22662.00000,9798.11000,146.66000,4.08000
36.01000,coast,-10.32000,22662.00000,9798.11000,146.54000,4.08000
36.02000,coast,-10.32000,22662.00000,9798.11000,146.43000,4.08000
36.03000,coast,-11.36000,22662.00000,9798.11000,146.32000,4.08000
36.04000,coast,-13.42000,22654.00000,9800.35000,146.20000,4.08000
36.05000,coast,-10.32000,22654.00000,9800.35000,146.08000,4.08000
36.06000,coast,-13.42000,22654.00000,9800.35000,145.97000,4.08000
36.07000,coast,-9.81000,22654.00000,9800.35000,145.86000,4.08000
36.08000,coast,-10.84000,22654.00000,9800.35000,145.74000,4.08000
36.09000,coast,-11.36000,22621.00000,9809.59000,145.63000,4.08000
36.10000,coast,-11.87000,22621.00000,9809.59000,145.52000,4.08000
36.11000,coast,-9.81000,22621.00000,9809.59000,145.41000,4.08000
36.12000,coast,-11.36000,22621.00000,9809.59000,145.30000,4.08000
36.13000,coast,-11.36000,22621.00000,9809.59000,145.19000,4.08000
36.14000,coast,-11.36000,22611.00000,9812.40000,145.08000,4.08000
36.15000,coast,-11.87000,22611.00000,9812.40000,144.97000,4.08000
36.16000,coast,-9.81000,22611.00000,9812.40000,144.86000,4.08000
36.17000,coast,-9.81000,22611.00000,9812.40000,144.74000,4.08000
36.18000,coast,-13.42000,22611.00000,9812.40000,144.63000,4.09000
36.19000,coast,-11.36000,22573.00000,9823.06000,144.52000,4.09000
36.20000,coast,-11.36000,22573.00000,9823.06000,144.40000,4.09000
36.21000,coast,-11.36000,22573.00000,9823.06000,144.29000,4.09000
36.22000,coast,-12.39000,22573.00000,9823.06000,144.17000,4.09000
36.23000,coast,-9.81000,22573.00000,9823.06000,144.06000,4.09000
36.24000,coast,-10.84000,22559.00000,9827.00000,143.95000,4.09000
36.25000,coast,-10.84000,22559.00000,9827.00000,143.85000,4.09000
36.26000,coast,-10.32000,22559.00000,9827.00000,143.74000,4.09000
36.27000,coast,-9.81000,22559.00000,9827.00000,143.63000,4.09000
36.28000,coast,-13.42000,22559.00000,9827.00000,143.52000,4.09000
36.29000,coast,-10.32000,22537.00000,9833.18000,143.41000,4.09000
36.30000,coast,-10.84000,22537.00000,9833.18000,143.29000,4.09000
36.31000,coast,-12.39000,22537.00000,9833.18000,143.18000,4.09000
36.32000,coast,-11.36000,22537.00000,9833.18000,143.07000,4.09000
36.33000,coast,-11.36000,22537.00000,9833.18000,142.95000,4.09000
36.34000,coast,-10.32000,22512.00000,9840.22000,142.84000,4.09000
36.35000,coast,-11.36000,22512.00000,9840.22000,142.72000,4.09000
36.36000,coast,-11.87000,22512.00000,9840.22000,142.61000,4.09000
36.37000,coast,-14.45000,22512.00000,9840.22000,142.49000,4.09000
36.38000,coast,-11.36000,22512.00000,9840.22000,142.37000,4.09000
36.39000,coast,-10.84000,22502.00000,9843.04000,142.25000,4.09000
36.40000,coast,-11.87000,22502.00000,9843.04000,142.14000,4.09000
36.41000,coast,-9.81000,22502.00000,9843.04000,142.03000,4.09000
36.42000,coast,-11.36000,22502.00000,9843.04000,141.92000,4.09000
36.43000,coast,-10.84000,22502.00000,9843.04000,141.81000,4.09000
36.44000,coast,-10.84000,22476.00000,9850.37000,141.69000,4.09000
36.45000,coast,-11.87000,22476.00000,9850.37000,141.58000,4.09000
36.46000,coast,-11.87000,22476.00000,9850.37000,141.46000,4.09000
36.47000,coast,-11.87000,22476.00000,9850.37000,141.35000,4.09000
36.48000,coast,-13.42000,22476.00000,9850.37000,141.23000,4.09000
36.49000,coast,-10.32000,22431.00000,9863.08000,141.11000,4.09000
36.50000,coast,-9.81000,22431.00000,9863.08000,141.00000,4.09000
36.51000,coast,-10.84000,22431.00000,9863.08000,140.89000,4.09000
36.52000,coast,-13.42000,22431.00000,9863.08000,140.77000,4.09000
36.53000,coast,-11.87000,22431.00000,9863.08000,140.66000,4.09000
36.54000,coast,-10.84000,22432.00000,9862.80000,140.55000,4.09000
36.55000,coast,-10.32000,22432.00000,9862.80000,140.44000,4.09000
36.56000,coast,-10.32000,22432.00000,9862.80000,140.33000,4.09000
36.57000,coast,-11.36000,22432.00000,9862.80000,140.22000,4.09000
36.58000,coast,-10.32000,22432.00000,9862.80000,140.11000,4.09000
36.59000,coast,-11.87000,22404.00000,9870.72000,140.00000,4.09000
36.60000,coast,-9.81000,22404.00000,9870.72000,139.89000,4.09000
36.61000,coast,-10.84000,22404.00000,9870.72000,139.79000,4.09000
36.62000,coast,-10.32000,22404.00000,9870.72000,139.68000,4.09000
36.63000,coast,-11.36000,22404.00000,9870.72000,139.57000,4.09000
36.64000,coast,-12.39000,22375.00000,9878.93000,139.46000,4.09000
36.65000,coast,-9.29000,22375.00000,9878.93000,139.35000,4.09000
36.66000,coast,-10.84000,22375.00000,9878.93000,139.24000,4.09000
36.67000,coast,-12.90000,22375.00000,9878.93000,139.12000,4.09000
36.68000,coast,-11.87000,22375.00000,9878.93000,139.01000,4.09000
36.69000,coast,-11.36000,22364.00000,9882.05000,138.89000,4.09000
36.70000,coast,-11.87000,22364.00000,9882.05000,138.77000,4.09000
36.71000,coast,-10.84000,22364.00000,9882.05000,138.66000,4.09000
36.72000,coast,-11.87000,22364.00000,9882.05000,138.55000,4.09000
36.73000,coast,-10.32000,22364.00000,9882.05000,138.43000,4.09000
36.74000,coast,-12.39000,22340.00000,9888.86000,138.32000,4.09000
36.75000,coast,-10.84000,22340.00000,9888.86000,138.21000,4.09000
36.76000,coast,-11.36000,22340.00000,9888.86000,138.09000,4.09000
36.77000,coast,-11.87000,22340.00000,9888.86000,137.98000,4.09000
36.78000,coast,-10.84000,22340.00000,9888.86000,137.87000,4.09000
36.79000,coast,-11.36000,22314.00000,9896.25000,137.76000,4.09000
36.80000,coast,-10.84000,22314.00000,9896.25000,137.65000,4.09000
36.81000,coast,-10.32000,22314.00000,9896.25000,137.54000,4.09000
36.82000,coast,-10.84000,22314.00000,9896.25000,137.44000,4.08000
36.83000,coast,-8.26000,22314.00000,9896.25000,137.34000,4.08000
36.84000,coast,-10.32000,22293.00000,9902.22000,137.24000,4.08000
36.85000,coast,-9.29000,22293.00000,9902.22000,137.13000,4.08000
36.86000,coast,-10.84000,22293.00000,9902.22000,137.03000,4.08000
36.87000,coast,-12.90000,22293.00000,9902.22000,136.92000,4.08000
36.88000,coast,-11.87000,22293.00000,9902.22000,136.81000,4.08000
36.89000,coast,-10.84000,22261.00000,9911.33000,136.69000,4.08000
36.90000,coast,-10.32000,22261.00000,9911.33000,136.58000,4.08000
36.91000,coast,-10.84000,22261.00000,9911.33000,136.47000,4.08000
36.92000,coast,-11.36000,22261.00000,9911.33000,136.36000,4.08000
36.93000,coast,-12.39000,22261.00000,9911.33000,136.25000,4.08000
36.94000,coast,-10.84000,22262.00000,9911.04000,136.14000,4.08000
36.95000,coast,-8.77000,22262.00000,9911.04000,136.04000,4.08000
36.96000,coast,-10.32000,22262.00000,9911.04000,135.93000,4.08000
36.97000,coast,-10.32000,22262.00000,9911.04000,135.82000,4.08000
36.98000,coast,-11.36000,22262.00000,9911.04000,135.71000,4.08000
36.99000,coast,-11.87000,22245.00000,9915.89000,135.60000,4.08000
37.00000,coast,-12.90000,22245.00000,9915.89000,135.48000,4.08000
37.01000,coast,-12.39000,22245.00000,9915.89000,135.36000,4.08000
37.02000,coast,-11.36000,22245.00000,9915.89000,135.24000,4.08000
37.03000,coast,-11.36000,22245.00000,9915.89000,135.13000,4.08000
37.04000,coast,-11.36000,22222.00000,9922.45000,135.01000,4.08000
37.05000,coast,-10.84000,22222.00000,9922.45000,134.89000,4.08000
37.06000,coast,-12.90000,22222.00000,9922.45000,134.77000,4.08000
37.07000,coast,-13.42000,22222.00000,9922.45000,134.65000,4.08000
37.08000,coast,-11.87000,22222.00000,9922.45000,134.53000,4.08000
37.09000,coast,-12.39000,22198.00000,9929.30000,134.41000,4.08000
37.10000,coast,-10.84000,22198.00000,9929.30000,134.29000,4.08000
37.11000,coast,-11.87000,22198.00000,9929.30000,134.18000,4.08000
37.12000,coast,-11.36000,22198.00000,9929.30000,134.06000,4.08000
37.13000,coast,-10.32000,22198.00000,9929.30000,133.95000,4.08000
37.14000,coast,-10.32000,22173.00000,9936.44000,133.85000,4.08000
37.15000,coast,-10.84000,22173.00000,9936.44000,133.74000,4.08000
37.16000,coast,-10.84000,22173.00000,9936.44000,133.64000,4.08000
37.17000,coast,-8.77000,22173.00000,9936.44000,133.53000,4.08000
37.18000,coast,-11.36000,22173.00000,9936.44000,133.42000,4.08000
37.19000,coast,-10.84000,22142.00000,9945.32000,133.32000,4.08000
37.20000,coast,-11.36000,22142.00000,9945.32000,133.21000,4.08000
37.21000,coast,-11.36000,22142.00000,9945.32000,133.10000,4.08000
37.22000,coast,-11.36000,22142.00000,9945.32000,132.98000,4.08000
37.23000,coast,-10.84000,22142.00000,9945.32000,132.87000,4.08000
37.24000,coast,-10.84000,22145.00000,9944.46000,132.75000,4.08000
37.25000,coast,-14.45000,22145.00000,9944.46000,132.63000,4.08000
37.26000,coast,-12.90000,22145.00000,9944.46000,132.51000,4.08000
37.27000,coast,-12.39000,22145.00000,9944.46000,132.38000,4.08000
37.28000,coast,-10.84000,22145.00000,9944.46000,132.26000,4.08000
37.29000,coast,-13.42000,22119.00000,9951.91000,132.14000,4.08000
37.30000,coast,-10.84000,22119.00000,9951.91000,132.02000,4.08000
37.31000,coast,-11.36000,22119.00000,9951.91000,131.90000,4.08000
37.32000,coast,-13.94000,22119.00000,9951.91000,131.78000,4.08000
37.33000,coast,-13.42000,22119.00000,9951.91000,131.66000,4.08000
37.34000,coast,-9.29000,22110.00000,9954.49000,131.54000,4.08000
37.35000,coast,-10.84000,22110.00000,9954.49000,131.42000,4.08000
37.36000,coast,-12.39000,22110.00000,9954.49000,131.31000,4.08000
37.37000,coast,-10.32000,22110.00000,9954.49000,131.20000,4.08000
37.38000,coast,-10.84000,22110.00000,9954.49000,131.09000,4.08000
37.39000,coast,-10.84000,22088.00000,9960.80000,130.98000,4.08000
37.40000,coast,-10.84000,22088.00000,9960.80000,130.87000,4.08000
37.41000,coast,-10.84000,22088.00000,9960.80000,130.76000,4.08000
37.42000,coast,-11.36000,22088.00000,9960.80000,130.65000,4.08000
37.43000,coast,-10.84000,22088.00000,9960.80000,130.54000,4.08000
37.44000,coast,-12.90000,22060.00000,9968.85000,130.43000,4.08000
37.45000,coast,-9.81000,22060.00000,9968.85000,130.31000,4.08000
37.46000,coast,-12.39000,22060.00000,9968.85000,130.20000,4.09000
37.47000,coast,-11.87000,22060.00000,9968.85000,130.08000,4.09000
37.48000,coast,-10.84000,22060.00000,9968.85000,129.97000,4.09000
37.49000,coast,-11.36000,22049.00000,9972.01000,129.86000,4.09000
37.50000,coast,-11.87000,22049.00000,9972.01000,129.75000,4.09000
37.51000,coast,-9.81000,22049.00000,9972.01000,129.64000,4.09000
37.52000,coast,-10.32000,22049.00000,9972.01000,129.53000,4.09000
37.53000,coast,-10.84000,22049.00000,9972.01000,129.42000,4.09000
37.54000,coast,-10.32000,22024.00000,9979.20000,129.32000,4.09000
37.55000,coast,-11.36000,22024.00000,9979.20000,129.21000,4.09000
37.56000,coast,-10.84000,22024.00000,9979.20000,129.10000,4.09000
37.57000,coast,-10.32000,22024.00000,9979.20000,129.00000,4.09000
37.58000,coast,-9.29000,22024.00000,9979.20000,128.89000,4.09000
37.59000,coast,-12.39000,22007.00000,9984.10000,128.78000,4.09000
37.60000,coast,-10.32000,22007.00000,9984.10000,128.67000,4.09000
37.61000,coast,-11.87000,22007.00000,9984.10000,128.56000,4.09000
37.62000,coast,-10.32000,22007.00000,9984.10000,128.45000,4.09000
37.63000,coast,-10.32000,22007.00000,9984.10000,128.34000,4.09000
37.64000,coast,-12.39000,21978.00000,9992.46000,128.23000,4.09000
37.65000,coast,-10.84000,21978.00000,9992.46000,128.12000,4.09000
37.66000,coast,-11.36000,21978.00000,9992.46000,128.01000,4.09000
37.67000,coast,-12.39000,21978.00000,9992.46000,127.89000,4.09000
37.68000,coast,-9.29000,21978.00000,9992.46000,127.78000,4.09000
37.69000,coast,-11.87000,21941.00000,10003.15000,127.67000,4.09000
37.70000,coast,-11.36000,21941.00000,10003.15000,127.56000,4.09000
37.71000,coast,-10.84000,21941.00000,10003.15000,127.44000,4.09000
37.72000,coast,-13.42000,21941.00000,10003.15000,127.33000,4.09000
37.73000,coast,-11.87000,21941.00000,10003.15000,127.21000,4.09000
37.74000,coast,-10.84000,21946.00000,10001.70000,127.10000,4.09000
37.75000,coast,-9.29000,21946.00000,10001.70000,126.99000,4.09000
37.76000,coast,-10.32000,21946.00000,10001.70000,126.88000,4.09000
37.77000,coast,-11.87000,21946.00000,10001.70000,126.78000,4.09000
37.78000,coast,-10.32000,21946.00000,10001.70000,126.67000,4.09000
37.79000,coast,-9.29000,21936.00000,10004.59000,126.56000,4.09000
37.80000,coast,-11.87000,21936.00000,10004.59000,126.46000,4.09000
37.81000,coast,-10.84000,21936.00000,10004.59000,126.35000,4.09000
37.82000,coast,-10.32000,21936.00000,10004.59000,126.24000,4.09000
37.83000,coast,-10.32000,21936.00000,10004.59000,126.14000,4.09000
37.84000,coast,-11.36000,21902.00000,10014.43000,126.03000,4.09000
37.85000,coast,-10.32000,21902.00000,10014.43000,125.92000,4.09000
37.86000,coast,-12.39000,21902.00000,10014.43000,125.81000,4.09000
37.87000,coast,-10.32000,21902.00000,10014.43000,125.70000,4.09000
37.88000,coast,-10.32000,21902.00000,10014.43000,125.59000,4.09000
37.89000,coast,-11.36000,21893.00000,10017.04000,125.48000,4.09000
37.90000,coast,-10.32000,21893.00000,10017.04000,125.38000,4.09000
37.91000,coast,-10.32000,21893.00000,10017.04000,125.27000,4.09000
37.92000,coast,-12.39000,21893.00000,10017.04000,125.16000,4.09000
37.93000,coast,-10.84000,21893.00000,10017.04000,125.05000,4.09000
37.94000,coast,-10.84000,21878.00000,10021.38000,124.93000,4.09000
37.95000,coast,-10.32000,21878.00000,10021.38000,124.82000,4.09000
37.96000,coast,-12.39000,21878.00000,10021.38000,124.71000,4.09000
37.97000,coast,-12.90000,21878.00000,10021.38000,124.59000,4.09000
37.98000,coast,-11.36000,21878.00000,10021.38000,124.47000,4.09000
37.99000,coast,-11.36000,21862.00000,10026.02000,124.36000,4.09000
38.00000,coast,-11.87000,21862.00000,10026.02000,124.24000,4.09000
38.01000,coast,-11.36000,21862.00000,10026.02000,124.13000,4.09000
38.02000,coast,-10.32000,21862.00000,10026.02000,124.02000,4.09000
38.03000,coast,-9.81000,21862.00000,10026.02000,123.91000,4.09000
38.04000,coast,-10.32000,21831.00000,10035.02000,123.81000,4.09000
38.05000,coast,-10.32000,21831.00000,10035.02000,123.70000,4.09000
38.06000,coast,-10.84000,21831.00000,10035.02000,123.60000,4.09000
38.07000,coast,-10.84000,21831.00000,10035.02000,123.49000,4.09000
38.08000,coast,-11.36000,21831.00000,10035.02000,123.38000,4.09000
38.09000,coast,-11.87000,21816.00000,10039.38000,123.27000,4.09000
38.10000,coast,-10.84000,21816.00000,10039.38000,123.16000,4.08000
38.11000,coast,-10.84000,21816.00000,10039.38000,123.05000,4.08000
38.12000,coast,-10.32000,21816.00000,10039.38000,122.93000,4.08000
38.13000,coast,-12.90000,21816.00000,10039.38000,122.82000,4.08000
38.14000,coast,-10.32000,21801.00000,10043.74000,122.71000,4.08000
38.15000,coast,-10.32000,21801.00000,10043.74000,122.60000,4.08000
38.16000,coast,-12.39000,21801.00000,10043.74000,122.49000,4.08000
38.17000,coast,-10.84000,21801.00000,10043.74000,122.38000,4.08000
38.18000,coast,-9.81000,21801.00000,10043.74000,122.26000,4.08000
38.19000,coast,-12.90000,21777.00000,10050.73000,122.15000,4.08000
38.20000,coast,-13.94000,21777.00000,10050.73000,122.03000,4.08000
38.21000,coast,-11.36000,21777.00000,10050.73000,121.91000,4.08000
38.22000,coast,-10.32000,21777.00000,10050.73000,121.80000,4.08000
38.23000,coast,-8.77000,21777.00000,10050.73000,121.69000,4.08000
38.24000,coast,-10.84000,21768.00000,10053.35000,121.58000,4.08000
38.25000,coast,-12.39000,21768.00000,10053.35000,121.47000,4.08000
38.26000,coast,-13.94000,21768.00000,10053.35000,121.35000,4.08000
38.27000,coast,-11.87000,21768.00000,10053.35000,121.23000,4.08000
38.28000,coast,-8.77000,21768.00000,10053.35000,121.12000,4.08000
38.29000,coast,-11.87000,21754.00000,10057.43000,121.01000,4.08000
38.30000,coast,-11.87000,21754.00000,10057.43000,120.90000,4.08000
38.31000,coast,-9.81000,21754.00000,10057.43000,120.79000,4.08000
38.32000,coast,-9.29000,21754.00000,10057.43000,120.69000,4.08000
38.33000,coast,-10.84000,21754.00000,10057.43000,120.58000,4.08000
38.34000,coast,-11.87000,21749.00000,10058.89000,120.47000,4.08000
38.35000,coast,-11.36000,21749.00000,10058.89000,120.36000,4.08000
38.36000,coast,-12.39000,21749.00000,10058.89000,120.24000,4.08000
38.37000,coast,-10.32000,21749.00000,10058.89000,120.13000,4.08000
38.38000,coast,-11.87000,21749.00000,10058.89000,120.02000,4.08000
38.39000,coast,-10.84000,21717.00000,10068.22000,119.91000,4.08000
38.40000,coast,-9.29000,21717.00000,10068.22000,119.81000,4.08000
38.41000,coast,-9.29000,21717.00000,10068.22000,119.71000,4.08000
38.42000,coast,-10.84000,21717.00000,10068.22000,119.60000,4.08000
38.43000,coast,-10.32000,21717.00000,10068.22000,119.50000,4.08000
38.44000,coast,-9.81000,21694.00000,10074.94000,119.40000,4.08000
38.45000,coast,-10.32000,21694.00000,10074.94000,119.30000,4.08000
38.46000,coast,-9.29000,21694.00000,10074.94000,119.19000,4.08000
38.47000,coast,-12.39000,21694.00000,10074.94000,119.09000,4.08000
38.48000,coast,-10.84000,21694.00000,10074.94000,118.98000,4.08000
38.49000,coast,-11.36000,21675.00000,10080.50000,118.87000,4.08000
38.50000,coast,-11.36000,21675.00000,10080.50000,118.75000,4.08000
38.51000,coast,-11.36000,21675.00000,10080.50000,118.64000,4.08000
38.52000,coast,-11.36000,21675.00000,10080.50000,118.53000,4.08000
38.53000,coast,-11.87000,21675.00000,10080.50000,118.41000,4.08000
38.54000,coast,-10.84000,21664.00000,10083.72000,118.30000,4.08000
38.55000,coast,-10.84000,21664.00000,10083.72000,118.19000,4.08000
38.56000,coast,-11.87000,21664.00000,10083.72000,118.08000,4.08000
38.57000,coast,-9.81000,21664.00000,10083.72000,117.97000,4.08000
38.58000,coast,-10.84000,21664.00000,10083.72000,117.87000,4.08000
38.59000,coast,-9.29000,21657.00000,10085.77000,117.76000,4.08000
38.60000,coast,-10.84000,21657.00000,10085.77000,117.66000,4.08000
38.61000,coast,-10.32000,21657.00000,10085.77000,117.55000,4.08000
38.62000,coast,-10.84000,21657.00000,10085.77000,117.45000,4.08000
38.63000,coast,-10.32000,21657.00000,10085.77000,117.34000,4.08000
38.64000,coast,-11.87000,21622.00000,10096.03000,117.23000,4.08000
38.65000,coast,-11.87000,21622.00000,10096.03000,117.12000,4.08000
38.66000,coast,-11.36000,21622.00000,10096.03000,117.01000,4.08000
38.67000,coast,-7.74000,21622.00000,10096.03000,116.91000,4.08000
38.68000,coast,-9.81000,21622.00000,10096.03000,116.80000,4.08000
38.69000,coast,-10.84000,21609.00000,10099.84000,116.70000,4.08000
38.70000,coast,-13.42000,21609.00000,10099.84000,116.59000,4.08000
38.71000,coast,-11.87000,21609.00000,10099.84000,116.47000,4.08000
38.72000,coast,-10.32000,21609.00000,10099.84000,116.36000,4.08000
38.73000,coast,-9.81000,21609.00000,10099.84000,116.26000,4.08000
38.74000,coast,-10.32000,21586.00000,10106.59000,116.15000,4.08000
38.75000,coast,-9.81000,21586.00000,10106.59000,116.05000,4.08000
38.76000,coast,-10.84000,21586.00000,10106.59000,115.95000,4.08000
38.77000,coast,-9.81000,21586.00000,10106.59000,115.85000,4.08000
38.78000,coast,-10.32000,21586.00000,10106.59000,115.74000,4.08000
38.79000,coast,-9.81000,21565.00000,10112.77000,115.64000,4.08000
38.80000,coast,-11.36000,21565.00000,10112.77000,115.54000,4.08000
38.81000,coast,-9.29000,21565.00000,10112.77000,115.44000,4.08000
38.82000,coast,-10.84000,21565.00000,10112.77000,115.33000,4.08000
38.83000,coast,-9.81000,21565.00000,10112.77000,115.23000,4.08000
38.84000,coast,-9.81000,21557.00000,10115.12000,115.13000,4.08000
38.85000,coast,-11.36000,21557.00000,10115.12000,115.02000,4.08000
38.86000,coast,-11.36000,21557.00000,10115.12000,114.92000,4.08000
38.87000,coast,-9.29000,21557.00000,10115.12000,114.81000,4.08000
38.88000,coast,-9.81000,21557.00000,10115.12000,114.71000,4.08000
38.89000,coast,-11.87000,21553.00000,10116.30000,114.60000,4.08000
38.90000,coast,-9.81000,21553.00000,10116.30000,114.50000,4.08000
38.91000,coast,-10.32000,21553.00000,10116.30000,114.39000,4.08000
38.92000,coast,-11.36000,21553.00000,10116.30000,114.28000,4.08000
38.93000,coast,-11.36000,21553.00000,10116.30000,114.17000,4.08000
38.94000,coast,-11.87000,21531.00000,10122.77000,114.06000,4.08000
38.95000,coast,-10.84000,21531.00000,10122.77000,113.94000,4.08000
38.96000,coast,-12.90000,21531.00000,10122.77000,113.83000,4.08000
38.97000,coast,-10.32000,21531.00000,10122.77000,113.72000,4.08000
38.98000,coast,-10.32000,21531.00000,10122.77000,113.61000,4.08000
38.99000,coast,-10.32000,21513.00000,10128.08000,113.50000,4.08000
39.00000,coast,-11.36000,21513.00000,10128.08000,113.39000,4.08000
39.01000,coast,-11.36000,21513.00000,10128.08000,113.28000,4.08000
39.02000,coast,-11.36000,21513.00000,10128.08000,113.18000,4.08000
39.03000,coast,-9.29000,21513.00000,10128.08000,113.07000,4.08000
39.04000,coast,-10.84000,21488.00000,10135.45000,112.96000,4.08000
39.05000,coast,-9.81000,21488.00000,10135.45000,112.86000,4.08000
39.06000,coast,-10.32000,21488.00000,10135.45000,112.76000,4.08000
39.07000,coast,-12.39000,21488.00000,10135.45000,112.65000,4.08000
39.08000,coast,-8.77000,21488.00000,10135.45000,112.54000,4.08000
39.09000,coast,-10.84000,21486.00000,10136.04000,112.43000,4.08000
39.10000,coast,-11.36000,21486.00000,10136.04000,112.32000,4.08000
39.11000,coast,-13.42000,21486.00000,10136.04000,112.21000,4.08000
39.12000,coast,-9.81000,21486.00000,10136.04000,112.10000,4.08000
39.13000,coast,-10.32000,21486.00000,10136.04000,111.99000,4.08000
39.14000,coast,-10.84000,21478.00000,10138.40000,111.88000,4.08000
39.15000,coast,-11.36000,21478.00000,10138.40000,111.78000,4.08000
39.16000,coast,-9.81000,21478.00000,10138.40000,111.67000,4.08000
39.17000,coast,-10.84000,21478.00000,10138.40000,111.57000,4.08000
39.18000,coast,-11.36000,21478.00000,10138.40000,111.46000,4.08000
39.19000,coast,-8.26000,21454.00000,10145.49000,111.36000,4.08000
39.20000,coast,-10.32000,21454.00000,10145.49000,111.26000,4.08000
39.21000,coast,-9.81000,21454.00000,10145.49000,111.16000,4.08000
39.22000,coast,-9.81000,21454.00000,10145.49000,111.06000,4.08000
39.23000,coast,-10.84000,21454.00000,10145.49000,110.96000,4.08000
39.24000,coast,-10.32000,21424.00000,10154.37000,110.86000,4.08000
39.25000,coast,-10.32000,21424.00000,10154.37000,110.75000,4.08000
39.26000,coast,-11.36000,21424.00000,10154.37000,110.65000,4.08000
39.27000,coast,-9.81000,21424.00000,10154.37000,110.54000,4.08000
39.28000,coast,-10.32000,21424.00000,10154.37000,110.44000,4.08000
39.29000,coast,-9.29000,21421.00000,10155.25000,110.34000,4.08000
39.30000,coast,-9.29000,21421.00000,10155.25000,110.24000,4.08000
39.31000,coast,-10.32000,21421.00000,10155.25000,110.14000,4.08000
39.32000,coast,-10.84000,21421.00000,10155.25000,110.03000,4.08000
39.33000,coast,-12.39000,21421.00000,10155.25000,109.92000,4.08000
39.34000,coast,-12.90000,21389.00000,10164.73000,109.80000,4.08000
39.35000,coast,-10.84000,21389.00000,10164.73000,109.69000,4.08000
39.36000,coast,-10.84000,21389.00000,10164.73000,109.58000,4.08000
39.37000,coast,-11.87000,21389.00000,10164.73000,109.46000,4.08000
39.38000,coast,-9.81000,21389.00000,10164.73000,109.35000,4.08000
39.39000,coast,-11.87000,21383.00000,10166.51000,109.24000,4.08000
39.40000,coast,-10.32000,21383.00000,10166.51000,109.14000,4.08000
39.41000,coast,-9.81000,21383.00000,10166.51000,109.03000,4.08000
39.42000,coast,-10.84000,21383.00000,10166.51000,108.93000,4.08000
39.43000,coast,-10.84000,21383.00000,10166.51000,108.82000,4.08000
39.44000,coast,-8.26000,21377.00000,10168.29000,108.72000,4.08000
39.45000,coast,-11.87000,21377.00000,10168.29000,108.61000,4.08000
39.46000,coast,-12.90000,21377.00000,10168.29000,108.50000,4.08000
39.47000,coast,-10.32000,21377.00000,10168.29000,108.40000,4.08000
39.48000,coast,-9.29000,21377.00000,10168.29000,108.29000,4.08000
39.49000,coast,-8.77000,21335.00000,10180.76000,108.19000,4.08000
39.50000,coast,-10.84000,21335.00000,10180.76000,108.09000,4.08000
39.51000,coast,-10.84000,21335.00000,10180.76000,107.99000,4.08000
39.52000,coast,-10.32000,21335.00000,10180.76000,107.88000,4.08000
39.53000,coast,-10.84000,21335.00000,10180.76000,107.77000,4.08000
39.54000,coast,-11.36000,21350.00000,10176.31000,107.67000,4.08000
39.55000,coast,-11.36000,21350.00000,10176.31000,107.56000,4.08000
39.56000,coast,-9.29000,21350.00000,10176.31000,107.45000,4.08000
39.57000,coast,-12.90000,21350.00000,10176.31000,107.33000,4.08000
39.58000,coast,-10.84000,21350.00000,10176.31000,107.22000,4.08000
39.59000,coast,-11.87000,21317.00000,10186.12000,107.11000,4.08000
39.60000,coast,-9.81000,21317.00000,10186.12000,107.00000,4.08000
39.61000,coast,-10.32000,21317.00000,10186.12000,106.90000,4.08000
39.62000,coast,-11.36000,21317.00000,10186.12000,106.79000,4.08000
39.63000,coast,-9.81000,21317.00000,10186.12000,106.68000,4.08000
39.64000,coast,-11.36000,21318.00000,10185.82000,106.57000,4.08000
39.65000,coast,-10.84000,21318.00000,10185.82000,106.46000,4.08000
39.66000,coast,-11.36000,21318.00000,10185.82000,106.35000,4.08000
39.67000,coast,-11.36000,21318.00000,10185.82000,106.24000,4.08000
39.68000,coast,-12.39000,21318.00000,10185.82000,106.12000,4.08000
39.69000,coast,-11.36000,21285.00000,10195.64000,106.01000,4.08000
39.70000,coast,-11.87000,21285.00000,10195.64000,105.89000,4.08000
39.71000,coast,-10.84000,21285.00000,10195.64000,105.78000,4.08000
39.72000,coast,-10.32000,21285.00000,10195.64000,105.67000,4.08000
39.73000,coast,-10.32000,21285.00000,10195.64000,105.57000,4.08000
39.74000,coast,-10.84000,21271.00000,10199.82000,105.46000,4.08000
39.75000,coast,-11.36000,21271.00000,10199.82000,105.36000,4.08000
39.76000,coast,-8.26000,21271.00000,10199.82000,105.25000,4.08000
39.77000,coast,-9.81000,21271.00000,10199.82000,105.15000,4.08000
39.78000,coast,-11.87000,21271.00000,10199.82000,105.05000,4.08000
39.79000,coast,-11.87000,21261.00000,10202.80000,104.94000,4.08000
39.80000,coast,-9.81000,21261.00000,10202.80000,104.83000,4.08000
39.81000,coast,-8.77000,21261.00000,10202.80000,104.73000,4.08000
39.82000,coast,-11.87000,21261.00000,10202.80000,104.62000,4.08000
39.83000,coast,-11.36000,21261.00000,10202.80000,104.52000,4.08000
39.84000,coast,-10.32000,21253.00000,10205.19000,104.41000,4.08000
39.85000,coast,-10.32000,21253.00000,10205.19000,104.30000,4.08000
39.86000,coast,-10.32000,21253.00000,10205.19000,104.20000,4.08000
39.87000,coast,-10.32000,21253.00000,10205.19000,104.10000,4.08000
39.88000,coast,-8.77000,21253.00000,10205.19000,104.00000,4.08000
39.89000,coast,-11.36000,21246.00000,10207.27000,103.89000,4.08000
39.90000,coast,-10.84000,21246.00000,10207.27000,103.79000,4.08000
39.91000,coast,-9.81000,21246.00000,10207.27000,103.68000,4.08000
39.92000,coast,-11.36000,21246.00000,10207.27000,103.58000,4.08000
39.93000,coast,-10.84000,21246.00000,10207.27000,103.47000,4.08000
39.94000,coast,-10.32000,21231.00000,10211.75000,103.36000,4.08000
39.95000,coast,-11.36000,21231.00000,10211.75000,103.26000,4.08000
39.96000,coast,-9.29000,21231.00000,10211.75000,103.16000,4.08000
39.97000,coast,-9.81000,21231.00000,10211.75000,103.06000,4.08000
39.98000,coast,-8.77000,21231.00000,10211.75000,102.96000,4.08000
39.99000,coast,-9.81000,21205.00000,10219.52000,102.86000,4.08000
40.00000,coast,-10.84000,21205.00000,10219.52000,102.76000,4.08000
40.01000,coast,-11.87000,21205.00000,10219.52000,102.65000,4.08000
40.02000,coast,-10.84000,21205.00000,10219.52000,102.54000,4.08000
40.03000,coast,-10.84000,21205.00000,10219.52000,102.43000,4.08000
40.04000,coast,-11.36000,21190.00000,10224.01000,102.32000,4.08000
40.05000,coast,-10.32000,21190.00000,10224.01000,102.21000,4.08000
40.06000,coast,-10.32000,21190.00000,10224.01000,102.10000,4.08000
40.07000,coast,-11.36000,21190.00000,10224.01000,102.00000,4.08000
40.08000,coast,-11.36000,21190.00000,10224.01000,101.88000,4.08000
40.09000,coast,-10.84000,21178.00000,10227.60000,101.77000,4.08000
40.10000,coast,-11.87000,21178.00000,10227.60000,101.66000,4.08000
40.11000,coast,-11.36000,21178.00000,10227.60000,101.56000,4.08000
40.12000,coast,-9.29000,21178.00000,10227.60000,101.45000,4.08000
40.13000,coast,-9.81000,21178.00000,10227.60000,101.34000,4.08000
40.14000,coast,-9.81000,21159.00000,10233.30000,101.24000,4.08000
40.15000,coast,-12.39000,21159.00000,10233.30000,101.13000,4.08000
40.16000,coast,-11.36000,21159.00000,10233.30000,101.02000,4.08000
40.17000,coast,-10.32000,21159.00000,10233.30000,100.92000,4.08000
40.18000,coast,-10.84000,21159.00000,10233.30000,100.81000,4.08000
40.19000,coast,-8.26000,21143.00000,10238.09000,100.71000,4.08000
40.20000,coast,-10.32000,21143.00000,10238.09000,100.62000,4.08000
40.21000,coast,-8.26000,21143.00000,10238.09000,100.52000,4.08000
40.22000,coast,-9.81000,21143.00000,10238.09000,100.42000,4.08000
40.23000,coast,-9.81000,21143.00000,10238.09000,100.33000,4.08000
40.24000,coast,-12.39000,21138.00000,10239.59000,100.22000,4.08000
40.25000,coast,-9.81000,21138.00000,10239.59000,100.12000,4.08000
40.26000,coast,-9.29000,21138.00000,10239.59000,100.02000,4.08000
40.27000,coast,-11.36000,21138.00000,10239.59000,99.91000,4.08000
40.28000,coast,-10.32000,21138.00000,10239.59000,99.81000,4.08000
40.29000,coast,-9.29000,21126.00000,10243.19000,99.71000,4.08000
40.30000,coast,-9.81000,21126.00000,10243.19000,99.60000,4.08000
40.31000,coast,-12.90000,21126.00000,10243.19000,99.50000,4.08000
40.32000,coast,-9.81000,21126.00000,10243.19000,99.39000,4.08000
40.33000,coast,-11.36000,21126.00000,10243.19000,99.28000,4.08000
40.34000,coast,-9.29000,21118.00000,10245.60000,99.17000,4.08000
40.35000,coast,-13.94000,21118.00000,10245.60000,99.06000,4.08000
40.36000,coast,-11.36000,21118.00000,10245.60000,98.95000,4.08000
40.37000,coast,-8.77000,21118.00000,10245.60000,98.84000,4.08000
40.38000,coast,-10.32000,21118.00000,10245.60000,98.73000,4.08000
40.39000,coast,-11.36000,21091.00000,10253.71000,98.62000,4.08000
40.40000,coast,-11.87000,21091.00000,10253.71000,98.51000,4.08000
40.41000,coast,-9.81000,21091.00000,10253.71000,98.40000,4.08000
40.42000,coast,-12.90000,21091.00000,10253.71000,98.29000,4.08000
40.43000,coast,-11.87000,21091.00000,10253.71000,98.18000,4.08000
40.44000,coast,-9.81000,21074.00000,10258.82000,98.07000,4.08000
40.45000,coast,-10.32000,21074.00000,10258.82000,97.96000,4.08000
40.46000,coast,-9.29000,21074.00000,10258.82000,97.86000,4.08000
40.47000,coast,-9.81000,21074.00000,10258.82000,97.76000,4.08000
40.48000,coast,-11.87000,21074.00000,10258.82000,97.66000,4.08000
40.49000,coast,-9.29000,21074.00000,10258.82000,97.55000,4.08000
40.50000,coast,-10.32000,21074.00000,10258.82000,97.45000,4.08000
40.51000,coast,-11.36000,21074.00000,10258.82000,97.34000,4.08000
40.52000,coast,-11.36000,21074.00000,10258.82000,97.23000,4.08000
40.53000,coast,-9.81000,21074.00000,10258.82000,97.13000,4.08000
40.54000,coast,-10.32000,21070.00000,10260.03000,97.02000,4.08000
40.55000,coast,-10.84000,21070.00000,10260.03000,96.92000,4.08000
40.56000,coast,-9.29000,21070.00000,10260.03000,96.82000,4.08000
40.57000,coast,-9.81000,21070.00000,10260.03000,96.72000,4.08000
40.58000,coast,-9.29000,21070.00000,10260.03000,96.62000,4.08000
40.59000,coast,-11.87000,21061.00000,10262.74000,96.51000,4.08000
40.60000,coast,-10.84000,21061.00000,10262.74000,96.40000,4.08000
40.61000,coast,-11.87000,21061.00000,10262.74000,96.29000,4.08000
40.62000,coast,-11.36000,21061.00000,10262.74000,96.18000,4.08000
40.63000,coast,-9.81000,21061.00000,10262.74000,96.07000,4.08000
40.64000,coast,-12.90000,21040.00000,10269.06000,95.95000,4.08000
40.65000,coast,-13.42000,21040.00000,10269.06000,95.83000,4.08000
40.66000,coast,-10.32000,21040.00000,10269.06000,95.72000,4.08000
40.67000,coast,-10.32000,21040.00000,10269.06000,95.61000,4.08000
40.68000,coast,-11.87000,21040.00000,10269.06000,95.50000,4.08000
40.69000,coast,-9.29000,21025.00000,10273.59000,95.40000,4.08000
40.70000,coast,-8.77000,21025.00000,10273.59000,95.30000,4.08000
40.71000,coast,-9.81000,21025.00000,10273.59000,95.20000,4.08000
40.72000,coast,-9.81000,21025.00000,10273.59000,95.10000,4.08000
40.73000,coast,-11.36000,21025.00000,10273.59000,94.99000,4.08000
40.74000,coast,-11.87000,21004.00000,10279.92000,94.89000,4.08000
40.75000,coast,-10.32000,21004.00000,10279.92000,94.78000,4.08000
40.76000,coast,-10.32000,21004.00000,10279.92000,94.67000,4.08000
40.77000,coast,-9.81000,21004.00000,10279.92000,94.56000,4.08000
40.78000,coast,-11.87000,21004.00000,10279.92000,94.46000,4.08000
40.79000,coast,-10.84000,20990.00000,10284.15000,94.35000,4.08000
40.80000,coast,-11.36000,20990.00000,10284.15000,94.24000,4.08000
40.81000,coast,-10.32000,20990.00000,10284.15000,94.13000,4.08000
40.82000,coast,-10.84000,20990.00000,10284.15000,94.03000,4.08000
40.83000,coast,-9.29000,20990.00000,10284.15000,93.93000,4.08000
40.84000,coast,-9.81000,20970.00000,10290.20000,93.83000,4.08000
40.85000,coast,-9.29000,20970.00000,10290.20000,93.73000,4.08000
40.86000,coast,-10.32000,20970.00000,10290.20000,93.63000,4.08000
40.87000,coast,-9.29000,20970.00000,10290.20000,93.54000,4.08000
40.88000,coast,-9.29000,20970.00000,10290.20000,93.44000,4.08000
40.89000,coast,-9.81000,20958.00000,10293.83000,93.34000,4.08000
40.90000,coast,-9.29000,20958.00000,10293.83000,93.24000,4.08000
40.91000,coast,-11.36000,20958.00000,10293.83000,93.14000,4.08000
40.92000,coast,-9.81000,20958.00000,10293.83000,93.04000,4.08000
40.93000,coast,-11.87000,20958.00000,10293.83000,92.93000,4.08000
40.94000,coast,-10.84000,20968.00000,10290.80000,92.82000,4.08000
40.95000,coast,-9.81000,20968.00000,10290.80000,92.72000,4.08000
40.96000,coast,-10.32000,20968.00000,10290.80000,92.61000,4.08000
40.97000,coast,-13.42000,20968.00000,10290.80000,92.50000,4.08000
40.98000,coast,-9.81000,20968.00000,10290.80000,92.39000,4.09000
40.99000,coast,-11.36000,20942.00000,10298.67000,92.28000,4.09000
41.00000,coast,-9.81000,20942.00000,10298.67000,92.18000,4.09000
41.01000,coast,-10.32000,20942.00000,10298.67000,92.07000,4.09000
41.02000,coast,-8.77000,20942.00000,10298.67000,91.97000,4.09000
41.03000,coast,-10.32000,20942.00000,10298.67000,91.87000,4.09000
41.04000,coast,-11.36000,20936.00000,10300.49000,91.76000,4.09000
41.05000,coast,-11.36000,20936.00000,10300.49000,91.66000,4.09000
41.06000,coast,-9.81000,20936.00000,10300.49000,91.55000,4.09000
41.07000,coast,-10.32000,20936.00000,10300.49000,91.44000,4.09000
41.08000,coast,-13.94000,20936.00000,10300.49000,91.33000,4.09000
41.09000,coast,-10.32000,20901.00000,10311.10000,91.21000,4.09000
41.10000,coast,-10.84000,20901.00000,10311.10000,91.10000,4.09000
41.11000,coast,-10.84000,20901.00000,10311.10000,90.99000,4.09000
41.12000,coast,-11.87000,20901.00000,10311.10000,90.88000,4.09000
41.13000,coast,-11.87000,20901.00000,10311.10000,90.77000,4.09000
41.14000,coast,-9.29000,20900.00000,10311.40000,90.66000,4.09000
41.15000,coast,-10.32000,20900.00000,10311.40000,90.56000,4.09000
41.16000,coast,-10.32000,20900.00000,10311.40000,90.46000,4.09000
41.17000,coast,-8.77000,20900.00000,10311.40000,90.35000,4.09000
41.18000,coast,-11.36000,20900.00000,10311.40000,90.25000,4.09000
41.19000,coast,-10.84000,20901.00000,10311.10000,90.15000,4.09000
41.20000,coast,-9.81000,20901.00000,10311.10000,90.04000,4.09000
41.21000,coast,-11.36000,20901.00000,10311.10000,89.93000,4.09000
41.22000,coast,-11.87000,20901.00000,10311.10000,89.82000,4.09000
41.23000,coast,-11.87000,20901.00000,10311.10000,89.71000,4.09000
41.24000,coast,-10.84000,20894.00000,10313.22000,89.60000,4.09000
41.25000,coast,-9.81000,20894.00000,10313.22000,89.49000,4.09000
41.26000,coast,-9.29000,20894.00000,10313.22000,89.38000,4.09000
41.27000,coast,-13.42000,20894.00000,10313.22000,89.28000,4.09000
41.28000,coast,-9.29000,20894.00000,10313.22000,89.17000,4.09000
41.29000,coast,-10.32000,20868.00000,10321.12000,89.06000,4.09000
41.30000,coast,-11.36000,20868.00000,10321.12000,88.96000,4.09000
41.31000,coast,-10.32000,20868.00000,10321.12000,88.85000,4.09000
41.32000,coast,-9.81000,20868.00000,10321.12000,88.75000,4.09000
41.33000,coast,-9.29000,20868.00000,10321.12000,88.65000,4.09000
41.34000,coast,-10.32000,20860.00000,10323.55000,88.54000,4.09000
41.35000,coast,-12.90000,20860.00000,10323.55000,88.44000,4.09000
41.36000,coast,-10.84000,20860.00000,10323.55000,88.33000,4.09000
41.37000,coast,-8.26000,20860.00000,10323.55000,88.23000,4.09000
41.38000,coast,-8.77000,20860.00000,10323.55000,88.13000,4.09000
41.39000,coast,-10.84000,20860.00000,10323.55000,88.03000,4.09000
41.40000,coast,-10.84000,20860.00000,10323.55000,87.93000,4.09000
41.41000,coast,-10.84000,20860.00000,10323.55000,87.82000,4.09000
41.42000,coast,-11.36000,20860.00000,10323.55000,87.71000,4.09000
41.43000,coast,-11.36000,20860.00000,10323.55000,87.60000,4.09000
41.44000,coast,-10.84000,20839.00000,10329.94000,87.49000,4.09000
41.45000,coast,-9.29000,20839.00000,10329.94000,87.38000,4.09000
41.46000,coast,-11.36000,20839.00000,10329.94000,87.27000,4.09000
41.47000,coast,-12.39000,20839.00000,10329.94000,87.16000,4.09000
41.48000,coast,-11.36000,20839.00000,10329.94000,87.05000,4.09000
41.49000,coast,-10.32000,20818.00000,10336.33000,86.94000,4.09000
41.50000,coast,-10.32000,20818.00000,10336.33000,86.84000,4.09000
41.51000,coast,-11.36000,20818.00000,10336.33000,86.73000,4.09000
41.52000,coast,-9.81000,20818.00000,10336.33000,86.63000,4.09000
41.53000,coast,-9.29000,20818.00000,10336.33000,86.53000,4.09000
41.54000,coast,-9.29000,20818.00000,10336.33000,86.43000,4.09000
41.55000,coast,-9.29000,20818.00000,10336.33000,86.33000,4.09000
41.56000,coast,-10.32000,20818.00000,10336.33000,86.24000,4.09000
41.57000,coast,-10.32000,20818.00000,10336.33000,86.13000,4.09000
41.58000,coast,-10.84000,20818.00000,10336.33000,86.03000,4.09000
41.59000,coast,-11.36000,20806.00000,10339.99000,85.92000,4.09000
41.60000,coast,-11.36000,20806.00000,10339.99000,85.81000,4.09000
41.61000,coast,-10.32000,20806.00000,10339.99000,85.70000,4.09000
41.62000,coast,-11.87000,20806.00000,10339.99000,85.59000,4.08000
41.63000,coast,-9.81000,20806.00000,10339.99000,85.49000,4.08000
41.64000,coast,-10.32000,20790.00000,10344.87000,85.38000,4.08000
41.65000,coast,-9.29000,20790.00000,10344.87000,85.28000,4.08000
41.66000,coast,-12.39000,20790.00000,10344.87000,85.17000,4.08000
41.67000,coast,-9.81000,20790.00000,10344.87000,85.07000,4.08000
41.68000,coast,-9.81000,20790.00000,10344.87000,84.97000,4.08000
41.69000,coast,-9.29000,20764.00000,10352.80000,84.87000,4.08000
41.70000,coast,-10.84000,20764.00000,10352.80000,84.77000,4.08000
41.71000,coast,-7.74000,20764.00000,10352.80000,84.68000,4.08000
41.72000,coast,-10.32000,20764.00000,10352.80000,84.58000,4.08000
41.73000,coast,-10.32000,20764.00000,10352.80000,84.48000,4.08000
41.74000,coast,-10.32000,20781.00000,10347.61000,84.38000,4.08000
41.75000,coast,-9.81000,20781.00000,10347.61000,84.28000,4.08000
41.76000,coast,-10.32000,20781.00000,10347.61000,84.17000,4.08000
41.77000,coast,-11.87000,20781.00000,10347.61000,84.07000,4.08000
41.78000,coast,-9.29000,20781.00000,10347.61000,83.97000,4.08000
41.79000,coast,-9.81000,20746.00000,10358.30000,83.86000,4.08000
41.80000,coast,-11.36000,20746.00000,10358.30000,83.76000,4.08000
41.81000,coast,-9.81000,20746.00000,10358.30000,83.66000,4.08000
41.82000,coast,-10.32000,20746.00000,10358.30000,83.55000,4.08000
41.83000,coast,-10.32000,20746.00000,10358.30000,83.45000,4.08000
41.84000,coast,-8.77000,20744.00000,10358.91000,83.35000,4.08000
41.85000,coast,-10.84000,20744.00000,10358.91000,83.25000,4.08000
41.86000,coast,-10.32000,20744.00000,10358.91000,83.15000,4.08000
41.87000,coast,-11.36000,20744.00000,10358.91000,83.04000,4.08000
41.88000,coast,-10.84000,20744.00000,10358.91000,82.94000,4.08000
41.89000,coast,-9.81000,20740.00000,10360.14000,82.84000,4.08000
41.90000,coast,-8.77000,20740.00000,10360.14000,82.74000,4.08000
41.91000,coast,-9.81000,20740.00000,10360.14000,82.64000,4.08000
41.92000,coast,-7.74000,20740.00000,10360.14000,82.55000,4.08000
41.93000,coast,-11.36000,20740.00000,10360.14000,82.45000,4.08000
41.94000,coast,-9.81000,20721.00000,10365.95000,82.35000,4.09000
41.95000,coast,-8.77000,20721.00000,10365.95000,82.26000,4.09000
41.96000,coast,-11.36000,20721.00000,10365.95000,82.15000,4.09000
41.97000,coast,-10.32000,20721.00000,10365.95000,82.05000,4.09000
41.98000,coast,-9.81000,20721.00000,10365.95000,81.95000,4.09000
41.99000,coast,-11.87000,20712.00000,10368.70000,81.84000,4.09000
42.00000,coast,-10.84000,20712.00000,10368.70000,81.73000,4.09000
42.01000,coast,-10.32000,20712.00000,10368.70000,81.63000,4.09000
42.02000,coast,-8.77000,20712.00000,10368.70000,81.53000,4.09000
42.03000,coast,-9.81000,20712.00000,10368.70000,81.43000,4.09000
42.04000,coast,-10.32000,20703.00000,10371.46000,81.33000,4.09000
42.05000,coast,-9.29000,20703.00000,10371.46000,81.23000,4.09000
42.06000,coast,-10.84000,20703.00000,10371.46000,81.13000,4.09000
42.07000,coast,-10.84000,20703.00000,10371.46000,81.02000,4.09000
42.08000,coast,-11.36000,20703.00000,10371.46000,80.91000,4.09000
42.09000,coast,-11.87000,20674.00000,10380.35000,80.80000,4.09000
42.10000,coast,-9.29000,20674.00000,10380.35000,80.69000,4.09000
42.11000,coast,-11.36000,20674.00000,10380.35000,80.59000,4.09000
42.12000,coast,-11.87000,20674.00000,10380.35000,80.48000,4.09000
42.13000,coast,-10.32000,20674.00000,10380.35000,80.37000,4.09000
42.14000,coast,-9.29000,20689.00000,10375.75000,80.26000,4.09000
42.15000,coast,-11.36000,20689.00000,10375.75000,80.15000,4.09000
42.16000,coast,-14.97000,20689.00000,10375.75000,80.03000,4.09000
42.17000,coast,-9.29000,20689.00000,10375.75000,79.92000,4.09000
42.18000,coast,-12.39000,20689.00000,10375.75000,79.80000,4.09000
42.19000,coast,-10.32000,20672.00000,10380.96000,79.69000,4.09000
42.20000,coast,-10.32000,20672.00000,10380.96000,79.58000,4.09000
42.21000,coast,-10.32000,20672.00000,10380.96000,79.48000,4.09000
42.22000,coast,-12.39000,20672.00000,10380.96000,79.37000,4.09000
42.23000,coast,-8.77000,20672.00000,10380.96000,79.27000,4.09000
42.24000,coast,-10.84000,20655.00000,10386.18000,79.16000,4.09000
42.25000,coast,-10.32000,20655.00000,10386.18000,79.06000,4.09000
42.26000,coast,-9.29000,20655.00000,10386.18000,78.96000,4.08000
42.27000,coast,-10.84000,20655.00000,10386.18000,78.85000,4.08000
42.28000,coast,-10.84000,20655.00000,10386.18000,78.75000,4.08000
42.29000,coast,-10.84000,20640.00000,10390.79000,78.65000,4.08000
42.30000,coast,-10.32000,20640.00000,10390.79000,78.54000,4.08000
42.31000,coast,-9.29000,20640.00000,10390.79000,78.44000,4.08000
42.32000,coast,-9.81000,20640.00000,10390.79000,78.34000,4.08000
42.33000,coast,-9.81000,20640.00000,10390.79000,78.25000,4.08000
42.34000,coast,-9.81000,20643.00000,10389.86000,78.15000,4.08000
42.35000,coast,-8.77000,20643.00000,10389.86000,78.05000,4.08000
42.36000,coast,-9.29000,20643.00000,10389.86000,77.95000,4.08000
42.37000,coast,-11.87000,20643.00000,10389.86000,77.85000,4.08000
42.38000,coast,-9.81000,20643.00000,10389.86000,77.75000,4.08000
42.39000,coast,-9.29000,20639.00000,10391.09000,77.65000,4.08000
42.40000,coast,-10.32000,20639.00000,10391.09000,77.55000,4.08000
42.41000,coast,-12.39000,20639.00000,10391.09000,77.44000,4.08000
42.42000,coast,-9.29000,20639.00000,10391.09000,77.34000,4.08000
42.43000,coast,-9.81000,20639.00000,10391.09000,77.24000,4.08000
42.44000,coast,-9.81000,20617.00000,10397.86000,77.13000,4.08000
42.45000,coast,-10.84000,20617.00000,10397.86000,77.02000,4.08000
42.46000,coast,-12.90000,20617.00000,10397.86000,76.91000,4.08000
42.47000,coast,-11.87000,20617.00000,10397.86000,76.80000,4.08000
42.48000,coast,-11.36000,20617.00000,10397.86000,76.68000,4.08000
42.49000,coast,-12.39000,20609.00000,10400.32000,76.57000,4.08000
42.50000,coast,-9.81000,20609.00000,10400.32000,76.46000,4.08000
42.51000,coast,-10.32000,20609.00000,10400.32000,76.35000,4.08000
42.52000,coast,-10.32000,20609.00000,10400.32000,76.25000,4.08000
42.53000,coast,-10.84000,20609.00000,10400.32000,76.14000,4.08000
42.54000,coast,-8.77000,20594.00000,10404.94000,76.04000,4.08000
42.55000,coast,-9.29000,20594.00000,10404.94000,75.94000,4.08000
42.56000,coast,-11.36000,20594.00000,10404.94000,75.84000,4.08000
42.57000,coast,-9.29000,20594.00000,10404.94000,75.74000,4.08000
42.58000,coast,-12.90000,20594.00000,10404.94000,75.63000,4.08000
42.59000,coast,-9.81000,20592.00000,10405.55000,75.52000,4.08000
42.60000,coast,-10.84000,20592.00000,10405.55000,75.42000,4.08000
42.61000,coast,-10.32000,20592.00000,10405.55000,75.32000,4.08000
42.62000,coast,-8.77000,20592.00000,10405.55000,75.22000,4.08000
42.63000,coast,-9.81000,20592.00000,10405.55000,75.13000,4.08000
42.64000,coast,-8.26000,20589.00000,10406.48000,75.03000,4.08000
42.65000,coast,-8.77000,20589.00000,10406.48000,74.94000,4.08000
42.66000,coast,-11.36000,20589.00000,10406.48000,74.84000,4.08000
42.67000,coast,-9.81000,20589.00000,10406.48000,74.74000,4.08000
42.68000,coast,-10.84000,20589.00000,10406.48000,74.64000,4.08000
42.69000,coast,-9.29000,20573.00000,10411.41000,74.54000,4.08000
42.70000,coast,-9.81000,20573.00000,10411.41000,74.43000,4.08000
42.71000,coast,-11.87000,20573.00000,10411.41000,74.33000,4.08000
42.72000,coast,-11.36000,20573.00000,10411.41000,74.22000,4.08000
42.73000,coast,-8.77000,20573.00000,10411.41000,74.12000,4.08000
42.74000,coast,-11.36000,20559.00000,10415.72000,74.01000,4.08000
42.75000,coast,-10.32000,20559.00000,10415.72000,73.91000,4.08000
42.76000,coast,-10.32000,20559.00000,10415.72000,73.80000,4.08000
42.77000,coast,-10.32000,20559.00000,10415.72000,73.70000,4.08000
42.78000,coast,-9.81000,20559.00000,10415.72000,73.60000,4.08000
42.79000,coast,-9.81000,20552.00000,10417.88000,73.49000,4.08000
42.80000,coast,-11.36000,20552.00000,10417.88000,73.38000,4.08000
42.81000,coast,-13.94000,20552.00000,10417.88000,73.27000,4.08000
42.82000,coast,-9.81000,20552.00000,10417.88000,73.16000,4.08000
42.83000,coast,-10.32000,20552.00000,10417.88000,73.06000,4.08000
42.84000,coast,-8.77000,20544.00000,10420.35000,72.95000,4.08000
42.85000,coast,-10.32000,20544.00000,10420.35000,72.85000,4.08000
42.86000,coast,-10.84000,20544.00000,10420.35000,72.75000,4.08000
42.87000,coast,-10.32000,20544.00000,10420.35000,72.64000,4.08000
42.88000,coast,-12.39000,20544.00000,10420.35000,72.54000,4.08000
42.89000,coast,-9.81000,20544.00000,10420.35000,72.43000,4.08000
42.90000,coast,-9.29000,20544.00000,10420.35000,72.33000,4.09000
42.91000,coast,-10.84000,20544.00000,10420.35000,72.23000,4.09000
42.92000,coast,-8.26000,20544.00000,10420.35000,72.13000,4.09000
42.93000,coast,-11.36000,20544.00000,10420.35000,72.02000,4.09000
42.94000,coast,-11.36000,20550.00000,10418.50000,71.92000,4.09000
42.95000,coast,-11.36000,20550.00000,10418.50000,71.81000,4.09000
42.96000,coast,-9.81000,20550.00000,10418.50000,71.70000,4.09000
42.97000,coast,-12.39000,20550.00000,10418.50000,71.58000,4.09000
42.98000,coast,-11.87000,20550.00000,10418.50000,71.47000,4.09000
42.99000,coast,-11.36000,20516.00000,10429.00000,71.36000,4.09000
43.00000,coast,-10.84000,20516.00000,10429.00000,71.25000,4.09000
43.01000,coast,-9.81000,20516.00000,10429.00000,71.14000,4.09000
43.02000,coast,-8.77000,20516.00000,10429.00000,71.04000,4.09000
43.03000,coast,-11.36000,20516.00000,10429.00000,70.94000,4.09000
43.04000,coast,-10.84000,20497.00000,10434.88000,70.84000,4.09000
43.05000,coast,-8.77000,20497.00000,10434.88000,70.74000,4.09000
43.06000,coast,-9.81000,20497.00000,10434.88000,70.64000,4.09000
43.07000,coast,-8.77000,20497.00000,10434.88000,70.54000,4.09000
43.08000,coast,-10.32000,20497.00000,10434.88000,70.45000,4.09000
43.09000,coast,-10.84000,20500.00000,10433.95000,70.35000,4.09000
43.10000,coast,-10.84000,20500.00000,10433.95000,70.24000,4.09000
43.11000,coast,-8.77000,20500.00000,10433.95000,70.14000,4.09000
43.12000,coast,-10.84000,20500.00000,10433.95000,70.04000,4.09000
43.13000,coast,-9.29000,20500.00000,10433.95000,69.94000,4.09000
43.14000,coast,-11.36000,20489.00000,10437.35000,69.83000,4.09000
43.15000,coast,-10.84000,20489.00000,10437.35000,69.73000,4.09000
43.16000,coast,-10.84000,20489.00000,10437.35000,69.62000,4.09000
43.17000,coast,-10.84000,20489.00000,10437.35000,69.52000,4.09000
43.18000,coast,-8.26000,20489.00000,10437.35000,69.43000,4.09000
43.19000,coast,-7.74000,20496.00000,10435.19000,69.33000,4.09000
43.20000,coast,-10.32000,20496.00000,10435.19000,69.23000,4.09000
43.21000,coast,-10.32000,20496.00000,10435.19000,69.13000,4.09000
43.22000,coast,-11.36000,20496.00000,10435.19000,69.03000,4.08000
43.23000,coast,-9.81000,20496.00000,10435.19000,68.93000,4.08000
43.24000,coast,-10.32000,20478.00000,10440.76000,68.83000,4.08000
43.25000,coast,-9.29000,20478.00000,10440.76000,68.73000,4.08000
43.26000,coast,-9.29000,20478.00000,10440.76000,68.64000,4.08000
43.27000,coast,-9.29000,20478.00000,10440.76000,68.54000,4.08000
43.28000,coast,-10.32000,20478.00000,10440.76000,68.44000,4.08000
43.29000,coast,-11.36000,20481.00000,10439.83000,68.34000,4.08000
43.30000,coast,-10.32000,20481.00000,10439.83000,68.23000,4.08000
43.31000,coast,-9.81000,20481.00000,10439.83000,68.13000,4.08000
43.32000,coast,-10.32000,20481.00000,10439.83000,68.03000,4.08000
43.33000,coast,-11.36000,20481.00000,10439.83000,67.92000,4.08000
43.34000,coast,-8.26000,20440.00000,10452.54000,67.82000,4.08000
43.35000,coast,-11.36000,20440.00000,10452.54000,67.71000,4.08000
43.36000,coast,-11.87000,20440.00000,10452.54000,67.61000,4.08000
43.37000,coast,-10.84000,20440.00000,10452.54000,67.50000,4.08000
43.38000,coast,-9.81000,20440.00000,10452.54000,67.40000,4.08000
43.39000,coast,-8.77000,20451.00000,10449.12000,67.30000,4.08000
43.40000,coast,-9.81000,20451.00000,10449.12000,67.20000,4.08000
43.41000,coast,-10.84000,20451.00000,10449.12000,67.10000,4.08000
43.42000,coast,-9.29000,20451.00000,10449.12000,67.00000,4.08000
43.43000,coast,-9.81000,20451.00000,10449.12000,66.90000,4.08000
43.44000,coast,-11.36000,20454.00000,10448.19000,66.80000,4.08000
43.45000,coast,-8.77000,20454.00000,10448.19000,66.70000,4.08000
43.46000,coast,-10.32000,20454.00000,10448.19000,66.60000,4.08000
43.47000,coast,-9.81000,20454.00000,10448.19000,66.50000,4.08000
43.48000,coast,-10.84000,20454.00000,10448.19000,66.40000,4.08000
43.49000,coast,-9.29000,20431.00000,10455.33000,66.30000,4.08000
43.50000,coast,-10.84000,20431.00000,10455.33000,66.20000,4.08000
43.51000,coast,-9.81000,20431.00000,10455.33000,66.09000,4.08000
43.52000,coast,-9.81000,20431.00000,10455.33000,65.99000,4.08000
43.53000,coast,-12.90000,20431.00000,10455.33000,65.88000,4.08000
43.54000,coast,-10.84000,20421.00000,10458.43000,65.77000,4.08000
43.55000,coast,-11.36000,20421.00000,10458.43000,65.66000,4.08000
43.56000,coast,-9.81000,20421.00000,10458.43000,65.56000,4.08000
43.57000,coast,-10.32000,20421.00000,10458.43000,65.45000,4.08000
43.58000,coast,-8.77000,20421.00000,10458.43000,65.35000,4.08000
43.59000,coast,-9.29000,20417.00000,10459.68000,65.26000,4.08000
43.60000,coast,-10.32000,20417.00000,10459.68000,65.16000,4.08000
43.61000,coast,-10.32000,20417.00000,10459.68000,65.06000,4.08000
43.62000,coast,-8.77000,20417.00000,10459.68000,64.96000,4.08000
43.63000,coast,-11.36000,20417.00000,10459.68000,64.86000,4.08000
43.64000,coast,-11.36000,20424.00000,10457.50000,64.75000,4.08000
43.65000,coast,-8.77000,20424.00000,10457.50000,64.65000,4.08000
43.66000,coast,-11.87000,20424.00000,10457.50000,64.55000,4.08000
43.67000,coast,-8.26000,20424.00000,10457.50000,64.45000,4.08000
43.68000,coast,-11.87000,20424.00000,10457.50000,64.35000,4.08000
43.69000,coast,-8.26000,20403.00000,10464.03000,64.25000,4.08000
43.70000,coast,-9.81000,20403.00000,10464.03000,64.15000,4.08000
43.71000,coast,-11.36000,20403.00000,10464.03000,64.05000,4.08000
43.72000,coast,-9.81000,20403.00000,10464.03000,63.95000,4.08000
43.73000,coast,-9.29000,20403.00000,10464.03000,63.84000,4.08000
43.74000,coast,-9.81000,20385.00000,10469.62000,63.74000,4.08000
43.75000,coast,-11.87000,20385.00000,10469.62000,63.64000,4.08000
43.76000,coast,-10.84000,20385.00000,10469.62000,63.53000,4.08000
43.77000,coast,-10.84000,20385.00000,10469.62000,63.42000,4.08000
43.78000,coast,-10.32000,20385.00000,10469.62000,63.32000,4.08000
43.79000,coast,-9.81000,20378.00000,10471.80000,63.22000,4.08000
43.80000,coast,-10.32000,20378.00000,10471.80000,63.11000,4.08000
43.81000,coast,-9.81000,20378.00000,10471.80000,63.01000,4.08000
43.82000,coast,-11.36000,20378.00000,10471.80000,62.91000,4.08000
43.83000,coast,-10.32000,20378.00000,10471.80000,62.80000,4.08000
43.84000,coast,-10.32000,20378.00000,10471.80000,62.70000,4.08000
43.85000,coast,-9.81000,20378.00000,10471.80000,62.59000,4.08000
43.86000,coast,-9.81000,20378.00000,10471.80000,62.49000,4.09000
43.87000,coast,-12.39000,20378.00000,10471.80000,62.39000,4.09000
43.88000,coast,-8.77000,20378.00000,10471.80000,62.29000,4.09000
43.89000,coast,-10.84000,20369.00000,10474.60000,62.18000,4.09000
43.90000,coast,-8.77000,20369.00000,10474.60000,62.08000,4.09000
43.91000,coast,-11.36000,20369.00000,10474.60000,61.98000,4.09000
43.92000,coast,-10.32000,20369.00000,10474.60000,61.88000,4.09000
43.93000,coast,-9.29000,20369.00000,10474.60000,61.78000,4.09000
43.94000,coast,-9.81000,20376.00000,10472.42000,61.68000,4.09000
43.95000,coast,-10.32000,20376.00000,10472.42000,61.58000,4.09000
43.96000,coast,-9.81000,20376.00000,10472.42000,61.47000,4.09000
43.97000,coast,-12.39000,20376.00000,10472.42000,61.37000,4.09000
43.98000,coast,-9.81000,20376.00000,10472.42000,61.27000,4.09000
43.99000,coast,-10.32000,20360.00000,10477.40000,61.16000,4.09000
44.00000,coast,-8.77000,20360.00000,10477.40000,61.06000,4.09000
44.01000,coast,-9.81000,20360.00000,10477.40000,60.96000,4.09000
44.02000,coast,-12.90000,20360.00000,10477.40000,60.85000,4.09000
44.03000,coast,-10.32000,20360.00000,10477.40000,60.75000,4.09000
44.04000,coast,-10.32000,20334.00000,10485.51000,60.64000,4.09000
44.05000,coast,-9.81000,20334.00000,10485.51000,60.53000,4.09000
44.06000,coast,-11.36000,20334.00000,10485.51000,60.42000,4.09000
44.07000,coast,-10.84000,20334.00000,10485.51000,60.32000,4.09000
44.08000,coast,-11.87000,20334.00000,10485.51000,60.21000,4.09000
44.09000,coast,-10.32000,20341.00000,10483.33000,60.10000,4.09000
44.10000,coast,-8.77000,20341.00000,10483.33000,60.00000,4.09000
44.11000,coast,-12.39000,20341.00000,10483.33000,59.90000,4.09000
44.12000,coast,-8.77000,20341.00000,10483.33000,59.79000,4.09000
44.13000,coast,-9.29000,20341.00000,10483.33000,59.69000,4.09000
44.14000,coast,-9.81000,20336.00000,10484.88000,59.59000,4.09000
44.15000,coast,-10.84000,20336.00000,10484.88000,59.49000,4.09000
44.16000,coast,-10.32000,20336.00000,10484.88000,59.39000,4.09000
44.17000,coast,-12.90000,20336.00000,10484.88000,59.28000,4.09000
44.18000,coast,-9.29000,20336.00000,10484.88000,59.18000,4.09000
44.19000,coast,-8.77000,20323.00000,10488.94000,59.08000,4.09000
44.20000,coast,-9.29000,20323.00000,10488.94000,58.98000,4.09000
44.21000,coast,-9.81000,20323.00000,10488.94000,58.88000,4.09000
44.22000,coast,-11.87000,20323.00000,10488.94000,58.78000,4.09000
44.23000,coast,-8.26000,20323.00000,10488.94000,58.69000,4.09000
44.24000,coast,-9.81000,20317.00000,10490.81000,58.59000,4.09000
44.25000,coast,-10.32000,20317.00000,10490.81000,58.49000,4.09000
44.26000,coast,-8.77000,20317.00000,10490.81000,58.40000,4.09000
44.27000,coast,-9.29000,20317.00000,10490.81000,58.30000,4.09000
44.28000,coast,-9.81000,20317.00000,10490.81000,58.20000,4.09000
44.29000,coast,-9.29000,20318.00000,10490.50000,58.11000,4.09000
44.30000,coast,-10.84000,20318.00000,10490.50000,58.01000,4.09000
44.31000,coast,-10.84000,20318.00000,10490.50000,57.90000,4.09000
44.32000,coast,-9.81000,20318.00000,10490.50000,57.80000,4.09000
44.33000,coast,-11.36000,20318.00000,10490.50000,57.69000,4.09000
44.34000,coast,-12.39000,20306.00000,10494.25000,57.58000,4.09000
44.35000,coast,-10.84000,20306.00000,10494.25000,57.47000,4.09000
44.36000,coast,-9.29000,20306.00000,10494.25000,57.36000,4.09000
44.37000,coast,-11.36000,20306.00000,10494.25000,57.26000,4.09000
44.38000,coast,-8.77000,20306.00000,10494.25000,57.16000,4.09000
44.39000,coast,-9.29000,20297.00000,10497.06000,57.06000,4.09000
44.40000,coast,-9.81000,20297.00000,10497.06000,56.96000,4.09000
44.41000,coast,-10.32000,20297.00000,10497.06000,56.86000,4.09000
44.42000,coast,-11.36000,20297.00000,10497.06000,56.76000,4.09000
44.43000,coast,-10.84000,20297.00000,10497.06000,56.66000,4.09000
44.44000,coast,-9.29000,20286.00000,10500.50000,56.55000,4.09000
44.45000,coast,-9.81000,20286.00000,10500.50000,56.45000,4.09000
44.46000,coast,-9.81000,20286.00000,10500.50000,56.35000,4.09000
44.47000,coast,-9.29000,20286.00000,10500.50000,56.26000,4.09000
44.48000,coast,-10.84000,20286.00000,10500.50000,56.16000,4.09000
44.49000,coast,-10.32000,20279.00000,10502.68000,56.06000,4.09000
44.50000,coast,-9.29000,20279.00000,10502.68000,55.95000,4.09000
44.51000,coast,-10.32000,20279.00000,10502.68000,55.85000,4.09000
44.52000,coast,-10.32000,20279.00000,10502.68000,55.75000,4.09000
44.53000,coast,-12.39000,20279.00000,10502.68000,55.64000,4.09000
44.54000,coast,-9.81000,20280.00000,10502.37000,55.53000,4.09000
44.55000,coast,-11.87000,20280.00000,10502.37000,55.42000,4.09000
44.56000,coast,-11.87000,20280.00000,10502.37000,55.31000,4.09000
44.57000,coast,-9.81000,20280.00000,10502.37000,55.20000,4.09000
44.58000,coast,-11.36000,20280.00000,10502.37000,55.09000,4.09000
44.59000,coast,-11.36000,20272.00000,10504.87000,54.98000,4.09000
44.60000,coast,-9.29000,20272.00000,10504.87000,54.88000,4.09000
44.61000,coast,-8.77000,20272.00000,10504.87000,54.78000,4.09000
44.62000,coast,-11.36000,20272.00000,10504.87000,54.67000,4.09000
44.63000,coast,-10.32000,20272.00000,10504.87000,54.57000,4.09000
44.64000,coast,-10.84000,20267.00000,10506.44000,54.47000,4.09000
44.65000,coast,-8.77000,20267.00000,10506.44000,54.37000,4.09000
44.66000,coast,-10.32000,20267.00000,10506.44000,54.27000,4.09000
44.67000,coast,-11.36000,20267.00000,10506.44000,54.17000,4.09000
44.68000,coast,-9.81000,20267.00000,10506.44000,54.07000,4.09000
44.69000,coast,-8.77000,20248.00000,10512.39000,53.97000,4.09000
44.70000,coast,-9.29000,20248.00000,10512.39000,53.87000,4.09000
44.71000,coast,-9.29000,20248.00000,10512.39000,53.78000,4.09000
44.72000,coast,-10.32000,20248.00000,10512.39000,53.68000,4.09000
44.73000,coast,-9.29000,20248.00000,10512.39000,53.58000,4.09000
44.74000,coast,-10.84000,20253.00000,10510.82000,53.48000,4.09000
44.75000,coast,-9.81000,20253.00000,10510.82000,53.38000,4.09000
44.76000,coast,-10.84000,20253.00000,10510.82000,53.28000,4.09000
44.77000,coast,-8.77000,20253.00000,10510.82000,53.18000,4.09000
44.78000,coast,-11.36000,20253.00000,10510.82000,53.08000,4.09000
44.79000,coast,-9.81000,20240.00000,10514.89000,52.97000,4.09000
44.80000,coast,-11.36000,20240.00000,10514.89000,52.87000,4.09000
44.81000,coast,-9.81000,20240.00000,10514.89000,52.76000,4.09000
44.82000,coast,-10.84000,20240.00000,10514.89000,52.66000,4.09000
44.83000,coast,-10.32000,20240.00000,10514.89000,52.56000,4.09000
44.84000,coast,-9.29000,20248.00000,10512.39000,52.46000,4.09000
44.85000,coast,-9.81000,20248.00000,10512.39000,52.36000,4.09000
44.86000,coast,-11.36000,20248.00000,10512.39000,52.26000,4.09000
44.87000,coast,-9.29000,20248.00000,10512.39000,52.15000,4.09000
44.88000,coast,-9.29000,20248.00000,10512.39000,52.05000,4.09000
44.89000,coast,-10.32000,20234.00000,10516.77000,51.95000,4.09000
44.90000,coast,-11.87000,20234.00000,10516.77000,51.84000,4.09000
44.91000,coast,-10.84000,20234.00000,10516.77000,51.74000,4.09000
44.92000,coast,-11.36000,20234.00000,10516.77000,51.63000,4.09000
44.93000,coast,-9.81000,20234.00000,10516.77000,51.53000,4.09000
44.94000,coast,-10.84000,20226.00000,10519.28000,51.42000,4.09000
44.95000,coast,-8.26000,20226.00000,10519.28000,51.32000,4.09000
44.96000,coast,-9.29000,20226.00000,10519.28000,51.23000,4.09000
44.97000,coast,-10.32000,20226.00000,10519.28000,51.13000,4.09000
44.98000,coast,-9.81000,20226.00000,10519.28000,51.04000,4.09000
44.99000,coast,-9.29000,20213.00000,10523.36000,50.94000,4.09000
45.00000,coast,-9.29000,20213.00000,10523.36000,50.84000,4.09000
45.01000,coast,-10.32000,20213.00000,10523.36000,50.74000,4.09000
45.02000,coast,-9.81000,20213.00000,10523.36000,50.64000,4.09000
45.03000,coast,-10.32000,20213.00000,10523.36000,50.54000,4.09000
45.04000,coast,-10.32000,20208.00000,10524.93000,50.45000,4.09000
45.05000,coast,-9.81000,20208.00000,10524.93000,50.35000,4.09000
45.06000,coast,-8.77000,20208.00000,10524.93000,50.25000,4.09000
45.07000,coast,-10.84000,20208.00000,10524.93000,50.15000,4.09000
45.08000,coast,-9.29000,20208.00000,10524.93000,50.06000,4.09000
45.09000,coast,-9.29000,20196.00000,10528.69000,49.96000,4.09000
45.10000,coast,-7.74000,20196.00000,10528.69000,49.87000,4.09000
45.11000,coast,-10.32000,20196.00000,10528.69000,49.77000,4.09000
45.12000,coast,-9.29000,20196.00000,10528.69000,49.67000,4.09000
45.13000,coast,-11.87000,20196.00000,10528.69000,49.58000,4.09000
45.14000,coast,-10.32000,20206.00000,10525.55000,49.48000,4.09000
45.15000,coast,-9.81000,20206.00000,10525.55000,49.38000,4.09000
45.16000,coast,-8.26000,20206.00000,10525.55000,49.28000,4.09000
45.17000,coast,-8.77000,20206.00000,10525.55000,49.18000,4.09000
45.18000,coast,-10.84000,20206.00000,10525.55000,49.09000,4.09000
45.19000,coast,-10.32000,20198.00000,10528.07000,48.99000,4.09000
45.20000,coast,-9.81000,20198.00000,10528.07000,48.89000,4.09000
45.21000,coast,-9.29000,20198.00000,10528.07000,48.79000,4.09000
45.22000,coast,-9.29000,20198.00000,10528.07000,48.69000,4.09000
45.23000,coast,-10.32000,20198.00000,10528.07000,48.59000,4.09000
45.24000,coast,-10.32000,20184.00000,10532.46000,48.49000,4.09000
45.25000,coast,-9.81000,20184.00000,10532.46000,48.39000,4.09000
45.26000,coast,-12.39000,20184.00000,10532.46000,48.29000,4.09000
45.27000,coast,-8.77000,20184.00000,10532.46000,48.18000,4.09000
45.28000,coast,-10.84000,20184.00000,10532.46000,48.08000,4.09000
45.29000,coast,-9.29000,20186.00000,10531.83000,47.98000,4.09000
45.30000,coast,-9.81000,20186.00000,10531.83000,47.88000,4.09000
45.31000,coast,-10.32000,20186.00000,10531.83000,47.78000,4.09000
45.32000,coast,-10.32000,20186.00000,10531.83000,47.68000,4.09000
45.33000,coast,-9.29000,20186.00000,10531.83000,47.58000,4.09000
45.34000,coast,-10.32000,20177.00000,10534.66000,47.48000,4.09000
45.35000,coast,-10.32000,20177.00000,10534.66000,47.38000,4.09000
45.36000,coast,-10.32000,20177.00000,10534.66000,47.27000,4.09000
45.37000,coast,-10.84000,20177.00000,10534.66000,47.17000,4.09000
45.38000,coast,-11.87000,20177.00000,10534.66000,47.06000,4.09000
45.39000,coast,-10.32000,20184.00000,10532.46000,46.95000,4.09000
45.40000,coast,-10.32000,20184.00000,10532.46000,46.85000,4.09000
45.41000,coast,-9.29000,20184.00000,10532.46000,46.74000,4.09000
45.42000,coast,-10.84000,20184.00000,10532.46000,46.64000,4.09000
45.43000,coast,-12.39000,20184.00000,10532.46000,46.53000,4.09000
45.44000,coast,-9.81000,20153.00000,10542.21000,46.43000,4.09000
45.45000,coast,-10.32000,20153.00000,10542.21000,46.33000,4.09000
45.46000,coast,-8.77000,20153.00000,10542.21000,46.23000,4.08000
45.47000,coast,-9.81000,20153.00000,10542.21000,46.13000,4.08000
45.48000,coast,-9.29000,20153.00000,10542.21000,46.03000,4.08000
45.49000,coast,-11.87000,20173.00000,10535.92000,45.92000,4.08000
45.50000,coast,-11.36000,20173.00000,10535.92000,45.82000,4.08000
45.51000,coast,-8.77000,20173.00000,10535.92000,45.72000,4.08000
45.52000,coast,-9.81000,20173.00000,10535.92000,45.62000,4.08000
45.53000,coast,-9.81000,20173.00000,10535.92000,45.52000,4.08000
45.54000,coast,-9.81000,20156.00000,10541.27000,45.42000,4.08000
45.55000,coast,-8.77000,20156.00000,10541.27000,45.33000,4.08000
45.56000,coast,-9.81000,20156.00000,10541.27000,45.23000,4.08000
45.57000,coast,-11.36000,20156.00000,10541.27000,45.13000,4.08000
45.58000,coast,-10.32000,20156.00000,10541.27000,45.03000,4.08000
45.59000,coast,-8.77000,20170.00000,10536.86000,44.93000,4.08000
45.60000,coast,-11.36000,20170.00000,10536.86000,44.83000,4.08000
45.61000,coast,-8.26000,20170.00000,10536.86000,44.73000,4.08000
45.62000,coast,-10.32000,20170.00000,10536.86000,44.63000,4.08000
45.63000,coast,-9.81000,20170.00000,10536.86000,44.54000,4.08000
45.64000,coast,-9.29000,20155.00000,10541.58000,44.44000,4.08000
45.65000,coast,-9.81000,20155.00000,10541.58000,44.34000,4.08000
45.66000,coast,-9.81000,20155.00000,10541.58000,44.25000,4.08000
45.67000,coast,-8.77000,20155.00000,10541.58000,44.15000,4.08000
45.68000,coast,-9.29000,20155.00000,10541.58000,44.06000,4.08000
45.69000,coast,-9.29000,20160.00000,10540.01000,43.96000,4.08000
45.70000,coast,-10.32000,20160.00000,10540.01000,43.87000,4.08000
45.71000,coast,-10.32000,20160.00000,10540.01000,43.77000,4.08000
45.72000,coast,-9.81000,20160.00000,10540.01000,43.67000,4.08000
45.73000,coast,-9.81000,20160.00000,10540.01000,43.57000,4.08000
45.74000,coast,-10.84000,20146.00000,10544.41000,43.47000,4.08000
45.75000,coast,-7.74000,20146.00000,10544.41000,43.37000,4.08000
45.76000,coast,-12.39000,20146.00000,10544.41000,43.27000,4.08000
45.77000,coast,-10.32000,20146.00000,10544.41000,43.16000,4.08000
45.78000,coast,-10.32000,20146.00000,10544.41000,43.06000,4.09000
45.79000,coast,-10.32000,20139.00000,10546.62000,42.95000,4.09000
45.80000,coast,-10.32000,20139.00000,10546.62000,42.84000,4.09000
45.81000,coast,-12.90000,20139.00000,10546.62000,42.74000,4.09000
45.82000,coast,-9.29000,20139.00000,10546.62000,42.64000,4.09000
45.83000,coast,-9.29000,20139.00000,10546.62000,42.54000,4.09000
45.84000,coast,-9.29000,20137.00000,10547.25000,42.45000,4.09000
45.85000,coast,-7.74000,20137.00000,10547.25000,42.35000,4.09000
45.86000,coast,-8.26000,20137.00000,10547.25000,42.27000,4.09000
45.87000,coast,-9.81000,20137.00000,10547.25000,42.18000,4.09000
45.88000,coast,-8.26000,20137.00000,10547.25000,42.09000,4.09000
45.89000,coast,-10.32000,20131.00000,10549.14000,41.99000,4.09000
45.90000,coast,-9.29000,20131.00000,10549.14000,41.90000,4.09000
45.91000,coast,-9.81000,20131.00000,10549.14000,41.80000,4.09000
45.92000,coast,-9.29000,20131.00000,10549.14000,41.70000,4.09000
45.93000,coast,-11.36000,20131.00000,10549.14000,41.60000,4.09000
45.94000,coast,-10.32000,20122.00000,10551.97000,41.49000,4.09000
45.95000,coast,-11.36000,20122.00000,10551.97000,41.38000,4.09000
45.96000,coast,-13.42000,20122.00000,10551.97000,41.27000,4.09000
45.97000,coast,-9.29000,20122.00000,10551.97000,41.17000,4.09000
45.98000,coast,-9.81000,20122.00000,10551.97000,41.06000,4.09000
45.99000,coast,-10.32000,20127.00000,10550.40000,40.96000,4.09000
46.00000,coast,-8.77000,20127.00000,10550.40000,40.86000,4.09000
46.01000,coast,-10.32000,20127.00000,10550.40000,40.76000,4.09000
46.02000,coast,-10.32000,20127.00000,10550.40000,40.66000,4.09000
46.03000,coast,-10.32000,20127.00000,10550.40000,40.56000,4.09000
46.04000,coast,-9.29000,20129.00000,10549.77000,40.46000,4.09000
46.05000,coast,-11.36000,20129.00000,10549.77000,40.36000,4.09000
46.06000,coast,-9.29000,20129.00000,10549.77000,40.26000,4.09000
46.07000,coast,-9.81000,20129.00000,10549.77000,40.15000,4.09000
46.08000,coast,-10.84000,20129.00000,10549.77000,40.05000,4.09000
46.09000,coast,-10.84000,20127.00000,10550.40000,39.95000,4.09000
46.10000,coast,-10.84000,20127.00000,10550.40000,39.84000,4.08000
46.11000,coast,-10.84000,20127.00000,10550.40000,39.74000,4.08000
46.12000,coast,-9.29000,20127.00000,10550.40000,39.63000,4.08000
46.13000,coast,-9.29000,20127.00000,10550.40000,39.53000,4.08000
46.14000,coast,-11.87000,20118.00000,10553.23000,39.43000,4.08000
46.15000,coast,-9.29000,20118.00000,10553.23000,39.33000,4.08000
46.16000,coast,-10.84000,20118.00000,10553.23000,39.23000,4.08000
46.17000,coast,-8.26000,20118.00000,10553.23000,39.13000,4.08000
46.18000,coast,-9.29000,20118.00000,10553.23000,39.04000,4.08000
46.19000,coast,-10.32000,20102.00000,10558.28000,38.94000,4.08000
46.20000,coast,-10.32000,20102.00000,10558.28000,38.84000,4.08000
46.21000,coast,-9.81000,20102.00000,10558.28000,38.74000,4.08000
46.22000,coast,-10.32000,20102.00000,10558.28000,38.64000,4.08000
46.23000,coast,-10.84000,20102.00000,10558.28000,38.54000,4.08000
46.24000,coast,-9.29000,20108.00000,10556.39000,38.44000,4.08000
46.25000,coast,-9.29000,20108.00000,10556.39000,38.34000,4.08000
46.26000,coast,-10.32000,20108.00000,10556.39000,38.23000,4.08000
46.27000,coast,-10.84000,20108.00000,10556.39000,38.13000,4.08000
46.28000,coast,-10.32000,20108.00000,10556.39000,38.02000,4.08000
46.29000,coast,-11.36000,20093.00000,10561.12000,37.92000,4.08000
46.30000,coast,-12.39000,20093.00000,10561.12000,37.81000,4.08000
46.31000,coast,-9.29000,20093.00000,10561.12000,37.70000,4.08000
46.32000,coast,-9.29000,20093.00000,10561.12000,37.60000,4.08000
46.33000,coast,-10.84000,20093.00000,10561.12000,37.50000,4.08000
46.34000,coast,-10.32000,20108.00000,10556.39000,37.40000,4.08000
46.35000,coast,-10.32000,20108.00000,10556.39000,37.30000,4.08000
46.36000,coast,-9.81000,20108.00000,10556.39000,37.20000,4.08000
46.37000,coast,-8.77000,20108.00000,10556.39000,37.10000,4.08000
46.38000,coast,-10.32000,20108.00000,10556.39000,37.00000,4.08000
46.39000,coast,-9.81000,20092.00000,10561.43000,36.90000,4.08000
46.40000,coast,-8.26000,20092.00000,10561.43000,36.81000,4.08000
46.41000,coast,-9.81000,20092.00000,10561.43000,36.71000,4.08000
46.42000,coast,-11.87000,20092.00000,10561.43000,36.61000,4.08000
46.43000,coast,-11.36000,20092.00000,10561.43000,36.50000,4.08000
46.44000,coast,-9.81000,20088.00000,10562.70000,36.40000,4.08000
46.45000,coast,-9.81000,20088.00000,10562.70000,36.29000,4.08000
46.46000,coast,-10.32000,20088.00000,10562.70000,36.19000,4.08000
46.47000,coast,-10.32000,20088.00000,10562.70000,36.08000,4.08000
46.48000,coast,-11.87000,20088.00000,10562.70000,35.97000,4.08000
46.49000,coast,-11.87000,20078.00000,10565.85000,35.87000,4.08000
46.50000,coast,-9.81000,20078.00000,10565.85000,35.76000,4.08000
46.51000,coast,-9.81000,20078.00000,10565.85000,35.65000,4.08000
46.52000,coast,-10.32000,20078.00000,10565.85000,35.55000,4.08000
46.53000,coast,-10.84000,20078.00000,10565.85000,35.45000,4.08000
46.54000,coast,-10.84000,20073.00000,10567.43000,35.35000,4.08000
46.55000,coast,-6.19000,20073.00000,10567.43000,35.26000,4.08000
46.56000,coast,-9.29000,20073.00000,10567.43000,35.16000,4.08000
46.57000,coast,-11.87000,20073.00000,10567.43000,35.06000,4.08000
46.58000,coast,-10.84000,20073.00000,10567.43000,34.96000,4.08000
46.59000,coast,-9.81000,20069.00000,10568.70000,34.86000,4.08000
46.60000,coast,-8.77000,20069.00000,10568.70000,34.76000,4.08000
46.61000,coast,-10.84000,20069.00000,10568.70000,34.66000,4.08000
46.62000,coast,-9.29000,20069.00000,10568.70000,34.56000,4.08000
46.63000,coast,-11.87000,20069.00000,10568.70000,34.45000,4.08000
46.64000,coast,-9.81000,20073.00000,10567.43000,34.35000,4.08000
46.65000,coast,-10.32000,20073.00000,10567.43000,34.25000,4.08000
46.66000,coast,-10.32000,20073.00000,10567.43000,34.14000,4.08000
46.67000,coast,-11.36000,20073.00000,10567.43000,34.04000,4.08000
46.68000,coast,-8.77000,20073.00000,10567.43000,33.94000,4.08000
46.69000,coast,-9.81000,20058.00000,10572.17000,33.84000,4.08000
46.70000,coast,-8.77000,20058.00000,10572.17000,33.75000,4.08000
46.71000,coast,-9.29000,20058.00000,10572.17000,33.65000,4.08000
46.72000,coast,-10.84000,20058.00000,10572.17000,33.55000,4.08000
46.73000,coast,-11.36000,20058.00000,10572.17000,33.45000,4.08000
46.74000,coast,-9.81000,20070.00000,10568.38000,33.34000,4.08000
46.75000,coast,-10.32000,20070.00000,10568.38000,33.24000,4.08000
46.76000,coast,-10.32000,20070.00000,10568.38000,33.13000,4.08000
46.77000,coast,-11.36000,20070.00000,10568.38000,33.03000,4.08000
46.78000,coast,-9.29000,20070.00000,10568.38000,32.93000,4.08000
46.79000,coast,-10.84000,20064.00000,10570.28000,32.82000,4.08000
46.80000,coast,-9.29000,20064.00000,10570.28000,32.72000,4.08000
46.81000,coast,-10.84000,20064.00000,10570.28000,32.62000,4.08000
46.82000,coast,-9.81000,20064.00000,10570.28000,32.52000,4.08000
46.83000,coast,-10.84000,20064.00000,10570.28000,32.41000,4.08000
46.84000,coast,-11.36000,20065.00000,10569.96000,32.31000,4.08000
46.85000,coast,-11.36000,20065.00000,10569.96000,32.20000,4.08000
46.86000,coast,-8.26000,20065.00000,10569.96000,32.10000,4.08000
46.87000,coast,-9.29000,20065.00000,10569.96000,32.00000,4.08000
46.88000,coast,-10.32000,20065.00000,10569.96000,31.90000,4.08000
46.89000,coast,-11.36000,20055.00000,10573.12000,31.80000,4.08000
46.90000,coast,-10.32000,20055.00000,10573.12000,31.69000,4.08000
46.91000,coast,-10.32000,20055.00000,10573.12000,31.59000,4.08000
46.92000,coast,-9.81000,20055.00000,10573.12000,31.49000,4.08000
46.93000,coast,-9.81000,20055.00000,10573.12000,31.39000,4.08000
46.94000,coast,-10.32000,20071.00000,10568.07000,31.29000,4.08000
46.95000,coast,-9.29000,20071.00000,10568.07000,31.19000,4.08000
46.96000,coast,-10.84000,20071.00000,10568.07000,31.08000,4.08000
46.97000,coast,-10.84000,20071.00000,10568.07000,30.97000,4.08000
46.98000,coast,-12.39000,20071.00000,10568.07000,30.87000,4.08000
46.99000,coast,-10.32000,20073.00000,10567.43000,30.76000,4.08000
47.00000,coast,-10.32000,20073.00000,10567.43000,30.65000,4.08000
47.01000,coast,-10.84000,20073.00000,10567.43000,30.55000,4.08000
47.02000,coast,-8.26000,20073.00000,10567.43000,30.45000,4.08000
47.03000,coast,-10.84000,20073.00000,10567.43000,30.34000,4.08000
47.04000,coast,-11.36000,20052.00000,10574.07000,30.24000,4.08000
47.05000,coast,-11.36000,20052.00000,10574.07000,30.13000,4.08000
47.06000,coast,-9.29000,20052.00000,10574.07000,30.02000,4.08000
47.07000,coast,-10.84000,20052.00000,10574.07000,29.92000,4.08000
47.08000,coast,-11.36000,20052.00000,10574.07000,29.81000,4.08000
47.09000,coast,-11.36000,20054.00000,10573.44000,29.70000,4.08000
47.10000,coast,-10.32000,20054.00000,10573.44000,29.60000,4.08000
47.11000,coast,-9.29000,20054.00000,10573.44000,29.50000,4.08000
47.12000,coast,-9.81000,20054.00000,10573.44000,29.40000,4.08000
47.13000,coast,-9.29000,20054.00000,10573.44000,29.30000,4.08000
47.14000,coast,-10.32000,20050.00000,10574.70000,29.20000,4.08000
47.15000,coast,-10.32000,20050.00000,10574.70000,29.10000,4.08000
47.16000,coast,-8.77000,20050.00000,10574.70000,29.00000,4.08000
47.17000,coast,-10.84000,20050.00000,10574.70000,28.90000,4.08000
47.18000,coast,-9.29000,20050.00000,10574.70000,28.81000,4.08000
47.19000,coast,-9.81000,20031.00000,10580.72000,28.71000,4.08000
47.20000,coast,-11.36000,20031.00000,10580.72000,28.60000,4.08000
47.21000,coast,-9.81000,20031.00000,10580.72000,28.50000,4.08000
47.22000,coast,-9.29000,20031.00000,10580.72000,28.40000,4.08000
47.23000,coast,-10.32000,20031.00000,10580.72000,28.30000,4.08000
47.24000,coast,-9.81000,20049.00000,10575.02000,28.20000,4.08000
47.25000,coast,-10.32000,20049.00000,10575.02000,28.09000,4.08000
47.26000,coast,-11.87000,20049.00000,10575.02000,27.99000,4.08000
47.27000,coast,-12.39000,20049.00000,10575.02000,27.88000,4.08000
47.28000,coast,-9.81000,20049.00000,10575.02000,27.77000,4.08000
47.29000,coast,-8.77000,20036.00000,10579.13000,27.67000,4.08000
47.30000,coast,-9.81000,20036.00000,10579.13000,27.57000,4.08000
47.31000,coast,-11.36000,20036.00000,10579.13000,27.46000,4.08000
47.32000,coast,-11.36000,20036.00000,10579.13000,27.36000,4.08000
47.33000,coast,-10.32000,20036.00000,10579.13000,27.25000,4.08000
47.34000,coast,-9.81000,20037.00000,10578.82000,27.15000,4.08000
47.35000,coast,-10.32000,20037.00000,10578.82000,27.05000,4.08000
47.36000,coast,-10.32000,20037.00000,10578.82000,26.94000,4.08000
47.37000,coast,-9.81000,20037.00000,10578.82000,26.84000,4.08000
47.38000,coast,-9.29000,20037.00000,10578.82000,26.74000,4.09000
47.39000,coast,-10.32000,20045.00000,10576.29000,26.64000,4.09000
47.40000,coast,-11.36000,20045.00000,10576.29000,26.54000,4.09000
47.41000,coast,-10.32000,20045.00000,10576.29000,26.44000,4.09000
47.42000,coast,-9.29000,20045.00000,10576.29000,26.34000,4.09000
47.43000,coast,-11.36000,20045.00000,10576.29000,26.23000,4.09000
47.44000,coast,-7.74000,20046.00000,10575.97000,26.13000,4.09000
47.45000,coast,-10.32000,20046.00000,10575.97000,26.03000,4.09000
47.46000,coast,-11.36000,20046.00000,10575.97000,25.93000,4.09000
47.47000,coast,-11.36000,20046.00000,10575.97000,25.83000,4.09000
47.48000,coast,-9.81000,20046.00000,10575.97000,25.72000,4.09000
47.49000,coast,-9.81000,20034.00000,10579.77000,25.62000,4.09000
47.50000,coast,-10.84000,20034.00000,10579.77000,25.51000,4.09000
47.51000,coast,-10.84000,20034.00000,10579.77000,25.40000,4.09000
47.52000,coast,-12.90000,20034.00000,10579.77000,25.29000,4.09000
47.53000,coast,-11.36000,20034.00000,10579.77000,25.18000,4.09000
47.54000,coast,-10.32000,20022.00000,10583.57000,25.07000,4.09000
47.55000,coast,-9.81000,20022.00000,10583.57000,24.96000,4.09000
47.56000,coast,-10.32000,20022.00000,10583.57000,24.86000,4.09000
47.57000,coast,-10.32000,20022.00000,10583.57000,24.76000,4.09000
47.58000,coast,-8.77000,20022.00000,10583.57000,24.66000,4.09000
47.59000,coast,-10.32000,20034.00000,10579.77000,24.56000,4.09000
47.60000,coast,-9.29000,20034.00000,10579.77000,24.47000,4.09000
47.61000,coast,-9.81000,20034.00000,10579.77000,24.37000,4.09000
47.62000,coast,-8.77000,20034.00000,10579.77000,24.27000,4.09000
47.63000,coast,-11.36000,20034.00000,10579.77000,24.17000,4.09000
47.64000,coast,-10.84000,20034.00000,10579.77000,24.06000,4.09000
47.65000,coast,-11.36000,20034.00000,10579.77000,23.95000,4.09000
47.66000,coast,-11.36000,20034.00000,10579.77000,23.84000,4.09000
47.67000,coast,-10.84000,20034.00000,10579.77000,23.73000,4.09000
47.68000,coast,-10.84000,20034.00000,10579.77000,23.62000,4.09000
47.69000,coast,-10.32000,20025.00000,10582.62000,23.52000,4.09000
47.70000,coast,-10.84000,20025.00000,10582.62000,23.41000,4.09000
47.71000,coast,-9.81000,20025.00000,10582.62000,23.31000,4.09000
47.72000,coast,-9.81000,20025.00000,10582.62000,23.21000,4.09000
47.73000,coast,-9.81000,20025.00000,10582.62000,23.11000,4.09000
47.74000,coast,-9.81000,20001.00000,10590.22000,23.01000,4.09000
47.75000,coast,-9.81000,20001.00000,10590.22000,22.92000,4.09000
47.76000,coast,-8.77000,20001.00000,10590.22000,22.82000,4.09000
47.77000,coast,-10.84000,20001.00000,10590.22000,22.72000,4.09000
47.78000,coast,-10.84000,20001.00000,10590.22000,22.62000,4.09000
47.79000,coast,-9.29000,20020.00000,10584.20000,22.51000,4.09000
47.80000,coast,-9.29000,20020.00000,10584.20000,22.41000,4.09000
47.81000,coast,-12.90000,20020.00000,10584.20000,22.30000,4.09000
47.82000,coast,-11.36000,20020.00000,10584.20000,22.20000,4.09000
47.83000,coast,-8.77000,20020.00000,10584.20000,22.09000,4.09000
47.84000,coast,-11.36000,20016.00000,10585.47000,21.99000,4.09000
47.85000,coast,-9.81000,20016.00000,10585.47000,21.89000,4.09000
47.86000,coast,-8.77000,20016.00000,10585.47000,21.78000,4.09000
47.87000,coast,-10.32000,20016.00000,10585.47000,21.68000,4.09000
47.88000,coast,-12.90000,20016.00000,10585.47000,21.58000,4.09000
47.89000,coast,-9.81000,20022.00000,10583.57000,21.47000,4.09000
47.90000,coast,-10.32000,20022.00000,10583.57000,21.37000,4.09000
47.91000,coast,-9.29000,20022.00000,10583.57000,21.26000,4.09000
47.92000,coast,-10.84000,20022.00000,10583.57000,21.16000,4.09000
47.93000,coast,-10.84000,20022.00000,10583.57000,21.06000,4.09000
47.94000,coast,-8.77000,20007.00000,10588.32000,20.96000,4.09000
47.95000,coast,-10.84000,20007.00000,10588.32000,20.86000,4.09000
47.96000,coast,-10.84000,20007.00000,10588.32000,20.76000,4.09000
47.97000,coast,-8.77000,20007.00000,10588.32000,20.66000,4.09000
47.98000,coast,-9.81000,20007.00000,10588.32000,20.57000,4.09000
47.99000,coast,-8.26000,20024.00000,10582.93000,20.47000,4.09000
48.00000,coast,-9.29000,20024.00000,10582.93000,20.38000,4.09000
48.01000,coast,-8.77000,20024.00000,10582.93000,20.28000,4.09000
48.02000,coast,-11.36000,20024.00000,10582.93000,20.19000,4.08000
48.03000,coast,-9.29000,20024.00000,10582.93000,20.09000,4.08000
48.04000,coast,-10.32000,20020.00000,10584.20000,19.99000,4.08000
48.05000,coast,-9.29000,20020.00000,10584.20000,19.89000,4.08000
48.06000,coast,-10.84000,20020.00000,10584.20000,19.78000,4.08000
48.07000,coast,-11.36000,20020.00000,10584.20000,19.68000,4.08000
48.08000,coast,-11.36000,20020.00000,10584.20000,19.58000,4.08000
48.09000,coast,-8.77000,20012.00000,10586.73000,19.48000,4.08000
48.10000,coast,-9.29000,20012.00000,10586.73000,19.38000,4.08000
48.11000,coast,-9.29000,20012.00000,10586.73000,19.28000,4.08000
48.12000,coast,-10.84000,20012.00000,10586.73000,19.18000,4.08000
48.13000,coast,-9.29000,20012.00000,10586.73000,19.09000,4.08000
48.14000,coast,-8.77000,20015.00000,10585.78000,18.99000,4.08000
48.15000,coast,-9.81000,20015.00000,10585.78000,18.90000,4.08000
48.16000,coast,-10.32000,20015.00000,10585.78000,18.80000,4.08000
48.17000,coast,-8.77000,20015.00000,10585.78000,18.71000,4.08000
48.18000,coast,-9.29000,20015.00000,10585.78000,18.61000,4.08000
48.19000,coast,-9.29000,20004.00000,10589.27000,18.51000,4.08000
48.20000,coast,-10.32000,20004.00000,10589.27000,18.41000,4.08000
48.21000,coast,-11.87000,20004.00000,10589.27000,18.31000,4.08000
48.22000,coast,-11.36000,20004.00000,10589.27000,18.20000,4.08000
48.23000,coast,-9.29000,20004.00000,10589.27000,18.09000,4.08000
48.24000,coast,-11.36000,19993.00000,10592.76000,17.99000,4.08000
48.25000,coast,-9.29000,19993.00000,10592.76000,17.89000,4.08000
48.26000,coast,-10.32000,19993.00000,10592.76000,17.79000,4.08000
48.27000,coast,-9.29000,19993.00000,10592.76000,17.68000,4.08000
48.28000,coast,-10.84000,19993.00000,10592.76000,17.58000,4.08000
48.29000,coast,-10.84000,20008.00000,10588.00000,17.48000,4.08000
48.30000,coast,-10.32000,20008.00000,10588.00000,17.37000,4.08000
48.31000,coast,-10.84000,20008.00000,10588.00000,17.27000,4.08000
48.32000,coast,-10.32000,20008.00000,10588.00000,17.17000,4.08000
48.33000,coast,-8.77000,20008.00000,10588.00000,17.07000,4.08000
48.34000,coast,-9.81000,20013.00000,10586.42000,16.97000,4.09000
48.35000,coast,-9.81000,20013.00000,10586.42000,16.88000,4.09000
48.36000,coast,-8.77000,20013.00000,10586.42000,16.78000,4.09000
48.37000,coast,-8.77000,20013.00000,10586.42000,16.69000,4.09000
48.38000,coast,-9.81000,20013.00000,10586.42000,16.60000,4.09000
48.39000,coast,-10.32000,20004.00000,10589.27000,16.50000,4.09000
48.40000,coast,-9.81000,20004.00000,10589.27000,16.41000,4.09000
48.41000,coast,-8.77000,20004.00000,10589.27000,16.31000,4.09000
48.42000,coast,-8.26000,20004.00000,10589.27000,16.22000,4.09000
48.43000,coast,-10.32000,20004.00000,10589.27000,16.12000,4.09000
48.44000,coast,-10.32000,19991.00000,10593.39000,16.02000,4.09000
48.45000,coast,-10.32000,19991.00000,10593.39000,15.92000,4.09000
48.46000,coast,-9.81000,19991.00000,10593.39000,15.82000,4.09000
48.47000,coast,-10.32000,19991.00000,10593.39000,15.72000,4.09000
48.48000,coast,-10.32000,19991.00000,10593.39000,15.62000,4.09000
48.49000,coast,-9.81000,19999.00000,10590.86000,15.51000,4.09000
48.50000,coast,-11.36000,19999.00000,10590.86000,15.41000,4.09000
48.51000,coast,-10.32000,19999.00000,10590.86000,15.30000,4.09000
48.52000,coast,-10.32000,19999.00000,10590.86000,15.20000,4.09000
48.53000,coast,-11.36000,19999.00000,10590.86000,15.09000,4.09000
48.54000,coast,-9.81000,20011.00000,10587.05000,14.99000,4.09000
48.55000,coast,-10.32000,20011.00000,10587.05000,14.89000,4.09000
48.56000,coast,-9.81000,20011.00000,10587.05000,14.79000,4.09000
48.57000,coast,-9.29000,20011.00000,10587.05000,14.69000,4.09000
48.58000,coast,-9.29000,20011.00000,10587.05000,14.59000,4.09000
48.59000,coast,-11.87000,20011.00000,10587.05000,14.48000,4.09000
48.60000,coast,-10.32000,20011.00000,10587.05000,14.38000,4.09000
48.61000,coast,-10.32000,20011.00000,10587.05000,14.28000,4.09000
48.62000,coast,-11.87000,20011.00000,10587.05000,14.17000,4.09000
48.63000,coast,-9.29000,20011.00000,10587.05000,14.07000,4.09000
48.64000,coast,-9.81000,20009.00000,10587.69000,13.97000,4.09000
48.65000,coast,-9.81000,20009.00000,10587.69000,13.86000,4.09000
48.66000,coast,-10.32000,20009.00000,10587.69000,13.76000,4.08000
48.67000,coast,-9.81000,20009.00000,10587.69000,13.66000,4.08000
48.68000,coast,-11.36000,20009.00000,10587.69000,13.56000,4.08000
48.69000,coast,-9.81000,20001.00000,10590.22000,13.46000,4.08000
48.70000,coast,-9.81000,20001.00000,10590.22000,13.36000,4.08000
48.71000,coast,-10.32000,20001.00000,10590.22000,13.25000,4.08000
48.72000,coast,-9.29000,20001.00000,10590.22000,13.15000,4.08000
48.73000,coast,-11.87000,20001.00000,10590.22000,13.05000,4.08000
48.74000,coast,-10.32000,20013.00000,10586.42000,12.94000,4.08000
48.75000,coast,-11.87000,20013.00000,10586.42000,12.84000,4.08000
48.76000,coast,-7.74000,20013.00000,10586.42000,12.72000,4.08000
48.77000,coast,-10.32000,20013.00000,10586.42000,12.57000,4.08000
48.78000,coast,-10.84000,20013.00000,10586.42000,12.40000,4.08000
48.79000,coast,-28.39000,20004.00000,10589.27000,12.23000,4.08000
48.80000,coast,-82.58000,20004.00000,10589.27000,12.07000,4.08000
48.81000,coast,43.87000,20004.00000,10589.27000,11.95000,4.08000
48.82000,coast,40.78000,20004.00000,10589.27000,11.86000,4.08000
48.83000,coast,-19.61000,20004.00000,10589.27000,11.78000,4.08000
48.84000,drogue,-57.29000,41954.00000,5653.32000,11.68000,4.08000
48.85000,drogue,-8.26000,41954.00000,5653.32000,13.26000,4.08000
48.95000,drogue,-16.52000,19994.00000,10592.44000,36.26000,4.08000
48.98000,drogue,-16.52000,19994.00000,10592.44000,36.26000,4.06000
49.05000,drogue,-9.29000,20011.00000,10587.05000,58.03000,4.06000
49.06000,drogue,-9.29000,20011.00000,10587.05000,58.03000,4.06000
49.15000,drogue,-10.32000,20007.00000,10588.32000,77.77000,4.06000
49.25000,drogue,-10.32000,20002.00000,10589.90000,94.76000,4.06000
49.30000,drogue,-10.32000,20002.00000,10589.90000,94.76000,4.07000
49.35000,drogue,-11.36000,20007.00000,10588.32000,108.42000,4.07000
49.45000,drogue,-11.87000,20014.00000,10586.10000,118.46000,4.07000
49.55000,drogue,-10.84000,20006.00000,10588.64000,124.59000,4.07000
49.62000,drogue,-10.84000,20006.00000,10588.64000,124.59000,4.07000
49.65000,drogue,-10.32000,20015.00000,10585.78000,126.86000,4.07000
49.75000,drogue,-9.29000,20022.00000,10583.57000,125.37000,4.07000
49.85000,drogue,-7.74000,20010.00000,10587.37000,120.41000,4.07000
49.94000,drogue,-7.74000,20010.00000,10587.37000,120.41000,4.06000
49.95000,drogue,-8.26000,20025.00000,10582.62000,112.49000,4.06000
50.05000,drogue,-10.84000,20025.00000,10582.62000,102.07000,4.06000
50.15000,drogue,-10.84000,20010.00000,10587.37000,89.81000,4.06000
50.25000,drogue,-10.84000,20007.00000,10588.32000,76.36000,4.06000
50.26000,drogue,-10.84000,20007.00000,10588.32000,76.36000,4.06000
50.35000,drogue,-10.32000,20020.00000,10584.20000,62.37000,4.06000
50.45000,drogue,-9.81000,20014.00000,10586.10000,48.45000,4.06000
50.55000,drogue,-11.87000,20014.00000,10586.10000,35.09000,4.06000
50.58000,drogue,-11.87000,20014.00000,10586.10000,35.09000,4.06000
50.65000,drogue,-9.29000,20004.00000,10589.27000,22.77000,4.06000
50.75000,drogue,-10.32000,20021.00000,10583.88000,11.52000,4.06000
50.85000,drogue,-9.29000,20035.00000,10579.45000,-12.53000,4.06000
50.90000,drogue,-9.29000,20035.00000,10579.45000,-12.53000,4.06000
50.95000,drogue,-9.81000,20044.00000,10576.60000,-13.52000,4.06000
51.05000,drogue,-10.32000,20044.00000,10576.60000,-14.53000,4.06000
51.06000,drogue,-10.32000,20044.00000,10576.60000,-14.53000,4.06000
51.15000,drogue,-10.84000,20046.00000,10575.97000,-15.57000,4.06000
51.22000,drogue,-10.84000,20046.00000,10575.97000,-15.57000,4.05000
51.25000,drogue,-9.29000,20058.00000,10572.17000,-16.63000,4.05000
51.35000,drogue,-8.77000,20078.00000,10565.85000,-17.72000,4.05000
51.45000,drogue,-8.26000,20047.00000,10575.65000,-18.83000,4.05000
51.54000,drogue,-8.26000,20047.00000,10575.65000,-18.83000,4.06000
51.55000,drogue,-9.29000,20080.00000,10565.22000,-19.99000,4.06000
51.65000,drogue,-10.84000,20059.00000,10571.86000,-21.14000,4.06000
51.75000,drogue,-8.77000,20072.00000,10567.75000,-22.35000,4.06000
51.85000,drogue,-10.32000,20085.00000,10563.64000,-23.51000,4.06000
51.86000,drogue,-10.32000,20085.00000,10563.64000,-23.51000,4.06000
51.95000,drogue,-8.77000,20075.00000,10566.80000,-24.64000,4.06000
52.05000,drogue,-9.81000,20098.00000,10559.54000,-25.78000,4.06000
52.06000,drogue,-9.81000,20098.00000,10559.54000,-25.78000,4.06000
52.15000,drogue,-7.74000,20120.00000,10552.60000,-26.83000,4.06000
52.18000,drogue,-7.74000,20120.00000,10552.60000,-26.83000,4.07000
52.25000,drogue,-9.29000,20127.00000,10550.40000,-27.86000,4.07000
52.35000,drogue,-8.77000,20120.00000,10552.60000,-28.84000,4.07000
52.45000,drogue,-9.29000,20137.00000,10547.25000,-29.80000,4.07000
52.50000,drogue,-9.29000,20137.00000,10547.25000,-29.80000,4.06000
52.55000,drogue,-11.36000,20147.00000,10544.10000,-30.64000,4.06000
52.65000,drogue,-7.74000,20152.00000,10542.52000,-31.39000,4.06000
52.75000,drogue,-8.26000,20164.00000,10538.75000,-32.02000,4.06000
52.82000,drogue,-8.26000,20164.00000,10538.75000,-32.02000,4.05000
52.85000,drogue,-10.32000,20170.00000,10536.86000,-32.50000,4.05000
52.95000,drogue,-10.32000,20188.00000,10531.21000,-32.80000,4.05000
53.05000,drogue,-11.36000,20188.00000,10531.21000,-32.88000,4.05000
53.07000,drogue,-11.36000,20188.00000,10531.21000,-32.88000,4.05000
53.14000,drogue,-11.36000,20188.00000,10531.21000,-32.88000,4.07000
53.15000,drogue,-9.29000,20210.00000,10524.30000,-32.79000,4.07000
53.25000,drogue,-9.29000,20231.00000,10517.71000,-32.50000,4.07000
53.35000,drogue,-7.74000,20241.00000,10514.58000,-32.03000,4.07000
53.45000,drogue,-9.81000,20255.00000,10510.19000,-31.37000,4.07000
53.46000,drogue,-9.81000,20255.00000,10510.19000,-31.37000,4.05000
53.55000,drogue,-8.77000,20284.00000,10501.12000,-30.60000,4.05000
53.65000,drogue,-9.81000,20278.00000,10503.00000,-29.66000,4.05000
53.75000,drogue,-8.77000,20310.00000,10493.00000,-28.72000,4.05000
53.78000,drogue,-8.77000,20310.00000,10493.00000,-28.72000,4.06000
53.85000,drogue,-9.81000,20294.00000,10498.00000,-27.79000,4.06000
53.95000,drogue,-7.23000,20290.00000,10499.25000,-26.81000,4.06000
54.05000,drogue,-8.77000,20317.00000,10490.81000,-25.94000,4.06000
54.06000,drogue,-8.77000,20317.00000,10490.81000,-25.94000,4.06000
54.10000,drogue,-8.77000,20317.00000,10490.81000,-25.94000,4.06000
54.15000,drogue,-8.77000,20310.00000,10493.00000,-25.23000,4.06000
54.25000,drogue,-8.77000,20338.00000,10484.26000,-24.64000,4.06000
54.35000,drogue,-7.74000,20333.00000,10485.82000,-24.23000,4.06000
54.42000,drogue,-7.74000,20333.00000,10485.82000,-24.23000,4.07000
54.45000,drogue,-9.81000,20374.00000,10473.05000,-24.07000,4.07000
54.55000,drogue,-6.19000,20358.00000,10478.03000,-24.16000,4.07000
54.65000,drogue,-10.32000,20371.00000,10473.98000,-24.49000,4.07000
54.74000,drogue,-10.32000,20371.00000,10473.98000,-24.49000,4.08000
54.75000,drogue,-6.71000,20361.00000,10477.09000,-25.01000,4.08000
54.85000,drogue,-8.77000,20352.00000,10479.90000,-25.77000,4.08000
54.95000,drogue,-8.77000,20351.00000,10480.21000,-26.71000,4.08000
55.05000,drogue,-7.74000,20345.00000,10482.08000,-27.80000,4.08000
55.06000,drogue,-7.74000,20345.00000,10482.08000,-27.80000,4.06000
55.07000,drogue,-7.74000,20345.00000,10482.08000,-27.80000,4.06000
55.15000,drogue,-7.74000,20366.00000,10475.54000,-29.07000,4.06000
55.25000,drogue,-8.77000,20361.00000,10477.09000,-30.39000,4.06000
55.35000,drogue,-7.74000,20368.00000,10474.91000,-31.75000,4.06000
55.38000,drogue,-7.74000,20368.00000,10474.91000,-31.75000,4.06000
55.45000,drogue,-11.87000,20404.00000,10463.71000,-33.13000,4.06000
55.55000,drogue,-7.74000,20400.00000,10464.96000,-34.54000,4.06000
55.65000,drogue,-9.29000,20409.00000,10462.16000,-35.88000,4.06000
55.70000,drogue,-9.29000,20409.00000,10462.16000,-35.88000,4.06000
55.75000,drogue,-7.74000,20447.00000,10450.36000,-37.17000,4.06000
55.85000,drogue,-8.77000,20475.00000,10441.69000,-38.29000,4.06000
55.95000,drogue,-10.32000,20459.00000,10446.64000,-39.25000,4.06000
56.02000,drogue,-10.32000,20459.00000,10446.64000,-39.25000,4.06000
56.05000,drogue,-9.29000,20488.00000,10437.66000,-40.14000,4.06000
56.08000,drogue,-9.29000,20488.00000,10437.66000,-40.14000,4.06000
56.15000,drogue,-7.74000,20515.00000,10429.31000,-40.89000,4.06000
56.25000,drogue,-8.77000,20527.00000,10425.60000,-41.54000,4.06000
56.34000,drogue,-8.77000,20527.00000,10425.60000,-41.54000,4.06000
56.35000,drogue,-8.26000,20545.00000,10420.04000,-42.05000,4.06000
56.45000,drogue,-9.29000,20572.00000,10411.71000,-42.53000,4.06000
56.55000,drogue,-9.81000,20584.00000,10408.02000,-42.88000,4.06000
56.65000,drogue,-8.77000,20593.00000,10405.24000,-43.22000,4.06000
56.66000,drogue,-8.77000,20593.00000,10405.24000,-43.22000,4.05000
56.75000,drogue,-8.77000,20570.00000,10412.33000,-43.48000,4.05000
56.85000,drogue,-9.81000,20596.00000,10404.32000,-43.73000,4.05000
56.95000,drogue,-10.32000,20589.00000,10406.48000,-44.02000,4.05000
56.98000,drogue,-10.32000,20589.00000,10406.48000,-44.02000,4.05000
57.05000,drogue,-10.32000,20612.00000,10399.39000,-44.29000,4.05000
57.06000,drogue,-10.32000,20612.00000,10399.39000,-44.29000,4.05000
57.15000,drogue,-8.77000,20635.00000,10392.32000,-44.56000,4.05000
57.25000,drogue,-9.29000,20627.00000,10394.78000,-44.86000,4.05000
57.30000,drogue,-9.29000,20627.00000,10394.78000,-44.86000,4.05000
57.35000,drogue,-9.81000,20648.00000,10388.33000,-45.17000,4.05000
57.45000,drogue,-7.74000,20677.00000,10379.43000,-45.57000,4.05000
57.55000,drogue,-8.26000,20707.00000,10370.23000,-45.88000,4.05000
57.62000,drogue,-8.26000,20707.00000,10370.23000,-45.88000,4.05000
57.65000,drogue,-8.77000,20740.00000,10360.14000,-46.12000,4.05000
57.75000,drogue,-8.26000,20744.00000,10358.91000,-46.34000,4.05000
57.85000,drogue,-8.26000,20746.00000,10358.30000,-46.29000,4.05000
57.94000,drogue,-8.26000,20746.00000,10358.30000,-46.29000,4.05000
57.95000,drogue,-9.29000,20750.00000,10357.08000,-46.04000,4.05000
58.05000,drogue,-8.26000,20781.00000,10347.61000,-45.75000,4.05000
58.06000,drogue,-8.26000,20781.00000,10347.61000,-45.75000,4.05000
58.15000,drogue,-7.23000,20793.00000,10343.95000,-45.36000,4.05000
58.25000,drogue,-7.23000,20806.00000,10339.99000,-44.84000,4.05000
58.26000,drogue,-7.23000,20806.00000,10339.99000,-44.84000,4.06000
58.35000,drogue,-8.26000,20815.00000,10337.24000,-44.23000,4.06000
58.45000,drogue,-7.23000,20841.00000,10329.33000,-43.62000,4.06000
58.55000,drogue,-8.77000,20859.00000,10323.85000,-42.96000,4.06000
58.58000,drogue,-8.77000,20859.00000,10323.85000,-42.96000,4.05000
58.65000,drogue,-9.81000,20887.00000,10315.35000,-42.34000,4.05000
58.75000,drogue,-6.71000,20892.00000,10313.83000,-41.71000,4.05000
58.85000,drogue,-8.26000,20919.00000,10305.64000,-41.17000,4.05000
58.90000,drogue,-8.26000,20919.00000,10305.64000,-41.17000,4.05000
58.95000,drogue,-5.68000,20938.00000,10299.88000,-40.67000,4.05000
59.05000,drogue,-7.74000,20936.00000,10300.49000,-40.30000,4.05000
59.06000,drogue,-7.74000,20936.00000,10300.49000,-40.30000,4.05000
59.15000,drogue,-8.26000,20921.00000,10305.03000,-40.08000,4.05000
59.22000,drogue,-8.26000,20921.00000,10305.03000,-40.08000,4.06000
59.25000,drogue,-5.68000,20960.00000,10293.22000,-39.96000,4.06000
59.35000,drogue,-8.77000,20966.00000,10291.41000,-40.02000,4.06000
59.45000,drogue,-7.74000,21007.00000,10279.02000,-40.19000,4.06000
59.54000,drogue,-7.74000,21007.00000,10279.02000,-40.19000,4.06000
59.55000,drogue,-10.84000,20992.00000,10283.55000,-40.58000,4.06000
59.65000,drogue,-10.84000,20993.00000,10283.24000,-41.00000,4.06000
59.75000,drogue,-7.23000,21005.00000,10279.62000,-41.53000,4.06000
59.85000,drogue,-8.26000,20933.00000,10301.40000,-42.13000,4.06000
59.86000,drogue,-8.26000,20933.00000,10301.40000,-42.13000,4.06000
59.95000,drogue,-9.29000,20966.00000,10291.41000,-42.84000,4.06000
60.05000,drogue,-9.81000,21028.00000,10272.68000,-43.68000,4.06000
60.06000,drogue,-9.81000,21028.00000,10272.68000,-43.68000,4.06000
60.15000,drogue,-9.81000,21054.00000,10264.84000,-44.54000,4.06000
60.18000,drogue,-9.81000,21054.00000,10264.84000,-44.54000,4.06000
60.25000,drogue,-8.77000,21076.00000,10258.22000,-45.46000,4.06000
60.35000,drogue,-11.36000,21100.00000,10251.00000,-46.27000,4.06000
60.45000,drogue,-9.81000,21140.00000,10238.99000,-47.07000,4.06000
60.50000,drogue,-9.81000,21140.00000,10238.99000,-47.07000,4.05000
60.55000,drogue,-9.81000,21150.00000,10235.99000,-47.80000,4.05000
60.65000,drogue,-10.84000,21190.00000,10224.01000,-48.53000,4.05000
60.75000,drogue,-11.36000,21196.00000,10222.22000,-49.13000,4.05000
60.82000,drogue,-11.36000,21196.00000,10222.22000,-49.13000,4.05000
60.85000,drogue,-9.81000,21187.00000,10224.91000,-49.69000,4.05000
60.95000,drogue,-12.90000,21182.00000,10226.41000,-50.19000,4.05000
61.05000,drogue,-11.87000,21191.00000,10223.71000,-50.57000,4.05000
61.14000,drogue,-11.87000,21191.00000,10223.71000,-50.57000,4.05000
61.15000,drogue,-9.29000,21211.00000,10217.73000,-50.90000,4.05000
61.25000,drogue,-9.81000,21222.00000,10214.44000,-51.22000,4.05000
61.35000,drogue,-10.84000,21252.00000,10205.48000,-51.50000,4.05000
61.45000,drogue,-9.81000,21244.00000,10207.87000,-51.77000,4.05000
61.46000,drogue,-9.81000,21244.00000,10207.87000,-51.77000,4.06000
61.55000,drogue,-10.32000,21303.00000,10190.28000,-51.97000,4.06000
61.65000,drogue,-12.39000,21274.00000,10198.92000,-52.08000,4.06000
61.75000,drogue,-9.81000,21330.00000,10182.25000,-52.19000,4.06000
61.78000,drogue,-9.81000,21330.00000,10182.25000,-52.19000,4.05000
61.85000,drogue,-9.29000,21357.00000,10174.23000,-52.12000,4.05000
61.95000,drogue,-10.84000,21403.00000,10160.58000,-52.13000,4.05000
62.05000,drogue,-9.29000,21430.00000,10152.59000,-52.23000,4.05000
62.10000,drogue,-9.29000,21430.00000,10152.59000,-52.23000,4.06000
62.15000,drogue,-10.84000,21434.00000,10151.41000,-52.27000,4.06000
62.25000,drogue,-8.26000,21455.00000,10145.20000,-52.30000,4.06000
62.35000,drogue,-9.81000,21417.00000,10156.44000,-52.32000,4.06000
62.42000,drogue,-9.81000,21417.00000,10156.44000,-52.32000,4.05000
62.45000,drogue,-8.26000,21432.00000,10152.00000,-52.31000,4.05000
62.55000,drogue,-9.81000,21443.00000,10148.74000,-52.16000,4.05000
62.65000,drogue,-9.29000,21489.00000,10135.15000,-51.95000,4.05000
62.74000,drogue,-9.29000,21489.00000,10135.15000,-51.95000,4.05000
62.75000,drogue,-8.77000,21492.00000,10134.27000,-51.65000,4.05000
62.85000,drogue,-7.23000,21523.00000,10125.13000,-51.23000,4.05000
62.95000,drogue,-10.32000,21549.00000,10117.47000,-50.74000,4.05000
63.05000,drogue,-10.84000,21557.00000,10115.12000,-50.25000,4.05000
63.06000,drogue,-10.84000,21557.00000,10115.12000,-50.25000,4.05000
63.15000,drogue,-7.23000,21602.00000,10101.89000,-49.74000,4.05000
63.25000,drogue,-7.23000,21612.00000,10098.96000,-49.22000,4.05000
63.35000,drogue,-9.29000,21637.00000,10091.63000,-48.76000,4.05000
63.38000,drogue,-9.29000,21637.00000,10091.63000,-48.76000,4.05000
63.45000,drogue,-8.26000,21638.00000,10091.33000,-48.30000,4.05000
63.55000,drogue,-9.29000,21661.00000,10084.60000,-47.94000,4.05000
63.65000,drogue,-8.77000,21655.00000,10086.35000,-47.51000,4.05000
63.70000,drogue,-8.77000,21655.00000,10086.35000,-47.51000,4.06000
63.75000,drogue,-8.77000,21685.00000,10077.57000,-47.18000,4.06000
63.85000,drogue,-9.81000,21681.00000,10078.74000,-46.87000,4.06000
63.95000,drogue,-8.77000,21710.00000,10070.27000,-46.62000,4.06000
64.02000,drogue,-8.77000,21710.00000,10070.27000,-46.62000,4.07000
64.05000,drogue,-9.29000,21743.00000,10060.64000,-46.42000,4.07000
64.15000,drogue,-8.77000,21737.00000,10062.39000,-46.21000,4.07000
64.25000,drogue,-10.84000,21769.00000,10053.06000,-46.06000,4.07000
64.34000,drogue,-10.84000,21769.00000,10053.06000,-46.06000,4.06000
64.35000,drogue,-7.74000,21803.00000,10043.16000,-45.92000,4.06000
64.45000,drogue,-8.26000,21807.00000,10042.00000,-45.91000,4.06000
64.55000,drogue,-7.74000,21793.00000,10046.07000,-46.01000,4.06000
64.65000,drogue,-9.29000,21792.00000,10046.36000,-46.24000,4.06000
64.66000,drogue,-9.29000,21792.00000,10046.36000,-46.24000,4.05000
64.75000,drogue,-8.77000,21825.00000,10036.76000,-46.52000,4.05000
64.85000,drogue,-9.29000,21825.00000,10036.76000,-46.91000,4.05000
64.95000,drogue,-10.32000,21856.00000,10027.76000,-47.33000,4.05000
64.98000,drogue,-10.32000,21856.00000,10027.76000,-47.33000,4.05000
65.05000,drogue,-8.26000,21883.00000,10019.93000,-47.73000,4.05000
65.06000,drogue,-8.26000,21883.00000,10019.93000,-47.73000,4.05000
65.15000,drogue,-7.23000,21889.00000,10018.20000,-48.13000,4.05000
65.25000,drogue,-8.26000,21913.00000,10011.25000,-48.45000,4.05000
65.30000,drogue,-8.26000,21913.00000,10011.25000,-48.45000,4.07000
65.35000,drogue,-7.74000,21949.00000,10000.84000,-48.71000,4.07000
65.45000,drogue,-7.74000,21976.00000,9993.04000,-48.90000,4.07000
65.55000,drogue,-8.77000,21986.00000,9990.15000,-48.95000,4.07000
65.62000,drogue,-8.77000,21986.00000,9990.15000,-48.95000,4.06000
65.65000,drogue,-7.74000,21983.00000,9991.02000,-48.90000,4.06000
65.75000,drogue,-6.71000,21997.00000,9986.98000,-48.80000,4.06000
65.85000,drogue,-8.77000,22005.00000,9984.68000,-48.58000,4.06000
65.94000,drogue,-8.77000,22005.00000,9984.68000,-48.58000,4.06000
65.95000,drogue,-7.74000,22020.00000,9980.36000,-48.37000,4.06000
66.05000,drogue,-10.32000,22045.00000,9973.16000,-48.07000,4.06000
66.06000,drogue,-10.32000,22045.00000,9973.16000,-48.07000,4.06000
66.15000,drogue,-8.26000,22059.00000,9969.13000,-47.62000,4.06000
66.25000,drogue,-9.29000,22082.00000,9962.52000,-47.11000,4.06000
66.26000,drogue,-9.29000,22082.00000,9962.52000,-47.11000,4.05000
66.35000,drogue,-9.81000,22115.00000,9953.05000,-46.59000,4.05000
66.45000,drogue,-8.26000,22148.00000,9943.60000,-45.96000,4.05000
66.55000,drogue,-9.29000,22169.00000,9937.59000,-45.24000,4.05000
66.58000,drogue,-9.29000,22169.00000,9937.59000,-45.24000,4.07000
66.65000,drogue,-7.23000,22177.00000,9935.30000,-44.51000,4.07000
66.75000,drogue,-7.74000,22190.00000,9931.58000,-43.77000,4.07000
66.85000,drogue,-6.19000,22219.00000,9923.30000,-43.01000,4.07000
66.90000,drogue,-6.19000,22219.00000,9923.30000,-43.01000,4.05000
66.95000,drogue,-6.71000,22213.00000,9925.01000,-42.37000,4.05000
67.05000,drogue,-9.81000,22217.00000,9923.87000,-41.81000,4.05000
67.15000,drogue,-8.77000,22210.00000,9925.87000,-41.26000,4.05000
67.22000,drogue,-8.77000,22210.00000,9925.87000,-41.26000,4.05000
67.25000,drogue,-7.74000,22226.00000,9921.30000,-40.77000,4.05000
67.35000,drogue,-9.29000,22231.00000,9919.88000,-40.31000,4.05000
67.45000,drogue,-6.19000,22275.00000,9907.34000,-39.97000,4.05000
67.54000,drogue,-6.19000,22275.00000,9907.34000,-39.97000,4.05000
67.55000,drogue,-8.26000,22255.00000,9913.04000,-39.58000,4.05000
67.65000,drogue,-9.81000,22295.00000,9901.65000,-39.23000,4.05000
67.75000,drogue,-9.29000,22316.00000,9895.68000,-38.91000,4.05000
67.85000,drogue,-8.26000,22341.00000,9888.58000,-38.65000,4.05000
67.86000,drogue,-8.26000,22341.00000,9888.58000,-38.65000,4.06000
67.95000,drogue,-8.77000,22384.00000,9876.38000,-38.54000,4.06000
68.05000,drogue,-8.26000,22371.00000,9880.07000,-38.59000,4.06000
68.15000,drogue,-8.77000,22364.00000,9882.05000,-38.73000,4.06000
68.18000,drogue,-8.77000,22364.00000,9882.05000,-38.73000,4.07000
68.25000,drogue,-9.29000,22372.00000,9879.78000,-39.07000,4.07000
68.35000,drogue,-10.32000,22401.00000,9871.57000,-39.52000,4.07000
68.45000,drogue,-9.29000,22398.00000,9872.42000,-40.14000,4.07000
68.50000,drogue,-9.29000,22398.00000,9872.42000,-40.14000,4.06000
68.55000,drogue,-9.81000,22409.00000,9869.30000,-40.84000,4.06000
68.65000,drogue,-10.32000,22430.00000,9863.36000,-41.62000,4.06000
68.75000,drogue,-12.39000,22422.00000,9865.63000,-42.47000,4.06000
68.82000,drogue,-12.39000,22422.00000,9865.63000,-42.47000,4.05000
68.85000,drogue,-10.84000,22437.00000,9861.39000,-43.40000,4.05000
68.95000,drogue,-8.26000,22498.00000,9844.17000,-44.33000,4.05000
69.05000,drogue,-7.74000,22513.00000,9839.94000,-45.26000,4.05000
69.14000,drogue,-7.74000,22513.00000,9839.94000,-45.26000,4.06000
69.15000,drogue,-8.77000,22513.00000,9839.94000,-46.16000,4.06000
69.25000,drogue,-8.77000,22523.00000,9837.12000,-47.07000,4.06000
69.35000,drogue,-9.29000,22511.00000,9840.50000,-47.95000,4.06000
69.45000,drogue,-9.29000,22559.00000,9827.00000,-48.88000,4.06000
69.46000,drogue,-9.29000,22559.00000,9827.00000,-48.88000,4.05000
69.55000,drogue,-9.81000,22531.00000,9834.87000,-49.67000,4.05000
69.65000,drogue,-8.26000,22559.00000,9827.00000,-50.41000,4.05000
69.75000,drogue,-9.29000,22570.00000,9823.90000,-51.05000,4.05000
69.78000,drogue,-9.29000,22570.00000,9823.90000,-51.05000,4.07000
69.85000,drogue,-7.74000,22595.00000,9816.88000,-51.59000,4.07000
69.95000,drogue,-10.32000,22661.00000,9798.39000,-52.02000,4.07000
70.05000,drogue,-10.32000,22698.00000,9788.04000,-52.25000,4.07000
70.06000,drogue,-10.32000,22698.00000,9788.04000,-52.25000,4.07000
70.10000,drogue,-10.32000,22698.00000,9788.04000,-52.25000,4.05000
70.15000,drogue,-10.84000,22713.00000,9783.84000,-52.28000,4.05000
70.25000,drogue,-7.74000,22761.00000,9770.44000,-52.13000,4.05000
70.35000,drogue,-7.74000,22758.00000,9771.28000,-51.92000,4.05000
70.42000,drogue,-7.74000,22758.00000,9771.28000,-51.92000,4.05000
70.45000,drogue,-9.81000,22785.00000,9763.75000,-51.64000,4.05000
70.55000,drogue,-8.77000,22785.00000,9763.75000,-51.25000,4.05000
70.65000,drogue,-9.29000,22793.00000,9761.52000,-50.77000,4.05000
70.74000,drogue,-9.29000,22793.00000,9761.52000,-50.77000,4.05000
70.75000,drogue,-9.29000,22799.00000,9759.85000,-50.23000,4.05000
70.85000,drogue,-8.26000,22812.00000,9756.23000,-49.64000,4.05000
70.95000,drogue,-8.77000,22817.00000,9754.84000,-49.05000,4.05000
71.05000,drogue,-7.74000,22833.00000,9750.39000,-48.42000,4.05000
71.06000,drogue,-7.74000,22833.00000,9750.39000,-48.42000,4.06000
71.15000,drogue,-8.77000,22842.00000,9747.88000,-47.79000,4.06000
71.25000,drogue,-8.26000,22874.00000,9738.99000,-47.02000,4.06000
71.35000,drogue,-9.29000,22904.00000,9730.66000,-46.26000,4.06000
71.38000,drogue,-9.29000,22904.00000,9730.66000,-46.26000,4.06000
71.45000,drogue,-8.77000,22951.00000,9717.63000,-45.56000,4.06000
71.55000,drogue,-9.29000,22964.00000,9714.03000,-44.71000,4.06000
71.65000,drogue,-9.81000,22978.00000,9710.15000,-43.90000,4.06000
71.70000,drogue,-9.81000,22978.00000,9710.15000,-43.90000,4.05000
71.75000,drogue,-9.81000,22995.00000,9705.45000,-43.12000,4.05000
71.85000,drogue,-8.26000,23013.00000,9700.47000,-42.34000,4.05000
71.95000,drogue,-8.77000,23028.00000,9696.32000,-41.62000,4.05000
72.02000,drogue,-8.77000,23028.00000,9696.32000,-41.62000,4.05000
72.05000,drogue,-7.23000,23031.00000,9695.50000,-40.92000,4.05000
72.15000,drogue,-7.23000,23027.00000,9696.60000,-40.20000,4.05000
72.25000,drogue,-9.29000,23018.00000,9699.09000,-39.50000,4.05000
72.34000,drogue,-9.29000,23018.00000,9699.09000,-39.50000,4.05000
72.35000,drogue,-7.23000,23065.00000,9686.11000,-38.87000,4.05000
72.45000,drogue,-9.29000,23105.00000,9675.08000,-38.27000,4.05000
72.55000,drogue,-10.32000,23101.00000,9676.18000,-37.76000,4.05000
72.65000,drogue,-9.81000,23098.00000,9677.01000,-37.45000,4.05000
72.66000,drogue,-9.81000,23098.00000,9677.01000,-37.45000,4.06000
72.75000,drogue,-8.26000,23133.00000,9667.37000,-37.31000,4.06000
72.85000,drogue,-9.29000,23138.00000,9665.99000,-37.23000,4.06000
72.95000,drogue,-11.36000,23132.00000,9667.64000,-37.25000,4.06000
72.98000,drogue,-11.36000,23132.00000,9667.64000,-37.25000,4.05000
73.05000,drogue,-7.23000,23157.00000,9660.76000,-37.41000,4.05000
73.06000,drogue,-7.23000,23157.00000,9660.76000,-37.41000,4.05000
73.15000,drogue,-10.84000,23198.00000,9649.49000,-37.62000,4.05000
73.25000,drogue,-9.29000,23152.00000,9662.14000,-38.01000,4.05000
73.30000,drogue,-9.29000,23152.00000,9662.14000,-38.01000,4.06000
73.35000,drogue,-8.77000,23202.00000,9648.40000,-38.48000,4.06000
73.45000,drogue,-8.77000,23218.00000,9644.00000,-39.07000,4.06000
73.55000,drogue,-9.29000,23184.00000,9653.34000,-39.66000,4.06000
73.62000,drogue,-9.29000,23184.00000,9653.34000,-39.66000,4.05000
73.65000,drogue,-8.77000,23220.00000,9643.45000,-40.24000,4.05000
73.75000,drogue,-8.77000,23254.00000,9634.13000,-40.87000,4.05000
73.85000,drogue,-9.29000,23254.00000,9634.13000,-41.55000,4.05000
73.94000,drogue,-9.29000,23254.00000,9634.13000,-41.55000,4.06000
73.95000,drogue,-9.29000,23265.00000,9631.11000,-42.25000,4.06000
74.05000,drogue,-8.77000,23288.00000,9624.81000,-42.88000,4.06000
74.15000,drogue,-10.32000,23300.00000,9621.53000,-43.48000,4.06000
74.25000,drogue,-11.36000,23304.00000,9620.43000,-44.01000,4.06000
74.26000,drogue,-11.36000,23304.00000,9620.43000,-44.01000,4.06000
74.35000,drogue,-9.29000,23369.00000,9602.67000,-44.53000,4.06000
74.45000,drogue,-7.23000,23356.00000,9606.22000,-45.07000,4.06000
74.55000,drogue,-8.26000,23397.00000,9595.03000,-45.51000,4.06000
74.58000,drogue,-8.26000,23397.00000,9595.03000,-45.51000,4.06000
74.65000,drogue,-10.84000,23459.00000,9578.13000,-45.88000,4.06000
74.75000,drogue,-8.77000,23474.00000,9574.05000,-46.27000,4.06000
74.85000,drogue,-10.32000,23426.00000,9587.12000,-46.57000,4.06000
74.90000,drogue,-10.32000,23426.00000,9587.12000,-46.57000,4.06000
74.95000,drogue,-9.29000,23424.00000,9587.66000,-46.80000,4.06000
75.05000,drogue,-9.29000,23439.00000,9583.58000,-47.09000,4.06000
75.15000,drogue,-9.81000,23430.00000,9586.03000,-47.36000,4.06000
75.22000,drogue,-9.81000,23430.00000,9586.03000,-47.36000,4.05000
75.25000,drogue,-8.26000,23480.00000,9572.42000,-47.47000,4.05000
75.35000,drogue,-9.29000,23497.00000,9567.80000,-47.57000,4.05000
75.45000,drogue,-9.29000,23530.00000,9558.83000,-47.61000,4.05000
75.54000,drogue,-9.29000,23530.00000,9558.83000,-47.61000,4.05000
75.55000,drogue,-7.23000,23541.00000,9555.85000,-47.54000,4.05000
75.65000,drogue,-9.81000,23559.00000,9550.96000,-47.48000,4.05000
75.75000,drogue,-11.87000,23608.00000,9537.68000,-47.45000,4.05000
75.85000,drogue,-11.36000,23644.00000,9527.94000,-47.29000,4.05000
75.86000,drogue,-11.36000,23644.00000,9527.94000,-47.29000,4.05000
75.95000,drogue,-7.23000,23674.00000,9519.83000,-47.15000,4.05000
76.04000,drogue,-7.23000,23674.00000,9519.83000,-47.15000,4.05000
76.05000,drogue,-9.81000,23656.00000,9524.69000,-46.91000,4.05000
76.15000,drogue,-8.26000,23671.00000,9520.64000,-46.57000,4.05000
76.18000,drogue,-8.26000,23671.00000,9520.64000,-46.57000,4.05000
76.25000,drogue,-9.81000,23669.00000,9521.18000,-46.14000,4.05000
76.35000,drogue,-8.77000,23666.00000,9521.99000,-45.67000,4.05000
76.45000,drogue,-7.74000,23710.00000,9510.11000,-45.10000,4.05000
76.50000,drogue,-7.74000,23710.00000,9510.11000,-45.10000,4.05000
76.55000,drogue,-8.77000,23715.00000,9508.76000,-44.54000,4.05000
76.65000,drogue,-11.36000,23741.00000,9501.75000,-43.99000,4.05000
76.75000,drogue,-9.81000,23774.00000,9492.86000,-43.44000,4.05000
76.82000,drogue,-9.81000,23774.00000,9492.86000,-43.44000,4.05000
76.85000,drogue,-9.29000,23777.00000,9492.05000,-42.86000,4.05000
76.95000,drogue,-10.32000,23795.00000,9487.21000,-42.26000,4.05000
77.05000,drogue,-9.29000,23847.00000,9473.23000,-41.78000,4.05000
77.14000,drogue,-9.29000,23847.00000,9473.23000,-41.78000,4.05000
77.15000,drogue,-8.26000,23850.00000,9472.42000,-41.32000,4.05000
77.25000,drogue,-7.74000,23841.00000,9474.84000,-40.98000,4.05000
77.35000,drogue,-7.74000,23836.00000,9476.18000,-40.71000,4.05000
77.45000,drogue,-10.32000,23859.00000,9470.00000,-40.50000,4.05000
77.46000,drogue,-10.32000,23859.00000,9470.00000,-40.50000,4.06000
77.55000,drogue,-8.77000,23877.00000,9465.17000,-40.38000,4.06000
77.65000,drogue,-8.77000,23905.00000,9457.66000,-40.24000,4.06000
77.75000,drogue,-6.19000,23947.00000,9446.41000,-40.20000,4.06000
77.78000,drogue,-6.19000,23947.00000,9446.41000,-40.20000,4.05000
77.85000,drogue,-8.77000,23929.00000,9451.23000,-40.16000,4.05000
77.95000,drogue,-8.77000,23979.00000,9437.85000,-40.12000,4.05000
78.05000,drogue,-9.81000,23951.00000,9445.34000,-39.97000,4.05000
78.07000,drogue,-9.81000,23951.00000,9445.34000,-39.97000,4.05000
78.10000,drogue,-9.81000,23951.00000,9445.34000,-39.97000,4.05000
78.15000,drogue,-8.77000,23945.00000,9446.95000,-39.84000,4.05000
78.25000,drogue,-8.26000,23958.00000,9443.47000,-39.82000,4.05000
78.35000,drogue,-9.29000,23956.00000,9444.00000,-39.78000,4.05000
78.42000,drogue,-9.29000,23956.00000,9444.00000,-39.78000,4.05000
78.45000,drogue,-8.77000,23987.00000,9435.71000,-39.82000,4.05000
78.55000,drogue,-10.32000,24030.00000,9424.23000,-39.91000,4.05000
78.65000,drogue,-7.74000,24043.00000,9420.76000,-40.02000,4.05000
78.74000,drogue,-7.74000,24043.00000,9420.76000,-40.02000,4.05000
78.75000,drogue,-10.84000,24091.00000,9407.96000,-40.14000,4.05000
78.85000,drogue,-9.81000,24134.00000,9396.52000,-40.19000,4.05000
78.95000,drogue,-8.77000,24115.00000,9401.57000,-40.21000,4.05000
79.05000,drogue,-8.26000,24146.00000,9393.32000,-40.23000,4.05000
79.06000,drogue,-8.26000,24146.00000,9393.32000,-40.23000,4.05000
79.07000,drogue,-8.26000,24146.00000,9393.32000,-40.23000,4.05000
79.15000,drogue,-10.32000,24134.00000,9396.52000,-40.17000,4.05000
79.25000,drogue,-10.84000,24132.00000,9397.05000,-40.07000,4.05000
79.35000,drogue,-9.29000,24152.00000,9391.73000,-39.91000,4.05000
79.38000,drogue,-9.29000,24152.00000,9391.73000,-39.91000,4.05000
79.45000,drogue,-7.74000,24147.00000,9393.06000,-39.82000,4.05000
79.55000,drogue,-10.32000,24189.00000,9381.90000,-39.81000,4.05000
79.65000,drogue,-10.32000,24168.00000,9387.48000,-39.89000,4.05000
79.70000,drogue,-10.32000,24168.00000,9387.48000,-39.89000,4.05000
79.75000,drogue,-9.29000,24202.00000,9378.45000,-40.02000,4.05000
79.85000,drogue,-9.29000,24198.00000,9379.51000,-40.21000,4.05000
79.95000,drogue,-10.32000,24220.00000,9373.67000,-40.48000,4.05000
80.02000,drogue,-10.32000,24220.00000,9373.67000,-40.48000,4.05000
80.05000,drogue,-10.32000,24215.00000,9375.00000,-40.74000,4.05000
80.06000,drogue,-10.32000,24215.00000,9375.00000,-40.74000,4.05000
80.15000,drogue,-11.87000,24260.00000,9363.07000,-41.09000,4.05000
80.25000,drogue,-8.26000,24352.00000,9338.74000,-41.53000,4.05000
80.34000,drogue,-8.26000,24352.00000,9338.74000,-41.53000,4.08000
80.35000,drogue,-8.26000,24341.00000,9341.64000,-41.94000,4.08000
80.45000,drogue,-8.77000,24354.00000,9338.21000,-42.44000,4.08000
80.55000,drogue,-9.81000,24382.00000,9330.82000,-43.04000,4.08000
80.65000,drogue,-11.36000,24377.00000,9332.14000,-43.66000,4.08000
80.66000,drogue,-11.36000,24377.00000,9332.14000,-43.66000,4.06000
80.75000,drogue,-9.29000,24373.00000,9333.19000,-44.39000,4.06000
80.85000,drogue,-8.26000,24353.00000,9338.47000,-45.15000,4.06000
80.95000,drogue,-9.81000,24357.00000,9337.42000,-45.80000,4.06000
80.98000,drogue,-9.81000,24357.00000,9337.42000,-45.80000,4.05000
81.05000,drogue,-8.26000,24366.00000,9335.04000,-46.45000,4.05000
81.07000,drogue,-8.26000,24366.00000,9335.04000,-46.45000,4.05000
81.15000,drogue,-9.29000,24376.00000,9332.40000,-47.00000,4.05000
81.25000,drogue,-10.32000,24423.00000,9320.01000,-47.39000,4.05000
81.30000,drogue,-10.32000,24423.00000,9320.01000,-47.39000,4.05000
81.35000,drogue,-8.77000,24426.00000,9319.22000,-47.74000,4.05000
81.45000,drogue,-9.29000,24483.00000,9304.22000,-48.03000,4.05000
81.55000,drogue,-9.29000,24538.00000,9289.77000,-48.29000,4.05000
81.62000,drogue,-9.29000,24538.00000,9289.77000,-48.29000,4.05000
81.65000,drogue,-8.26000,24571.00000,9281.12000,-48.40000,4.05000
81.75000,drogue,-9.29000,24569.00000,9281.64000,-48.46000,4.05000
81.85000,drogue,-10.32000,24615.00000,9269.59000,-48.43000,4.05000
81.94000,drogue,-10.32000,24615.00000,9269.59000,-48.43000,4.05000
81.95000,drogue,-8.26000,24605.00000,9272.21000,-48.34000,4.05000
82.05000,drogue,-9.29000,24615.00000,9269.59000,-48.17000,4.05000
82.06000,drogue,-9.29000,24615.00000,9269.59000,-48.17000,4.05000
82.15000,drogue,-9.29000,24649.00000,9260.69000,-47.94000,4.05000
82.25000,drogue,-11.36000,24653.00000,9259.65000,-47.73000,4.05000
82.26000,drogue,-11.36000,24653.00000,9259.65000,-47.73000,4.05000
82.35000,drogue,-8.26000,24614.00000,9269.85000,-47.43000,4.05000
82.45000,drogue,-8.77000,24652.00000,9259.91000,-47.02000,4.05000
82.55000,drogue,-8.77000,24680.00000,9252.59000,-46.65000,4.05000
82.58000,drogue,-8.77000,24680.00000,9252.59000,-46.65000,4.06000
82.65000,drogue,-8.26000,24715.00000,9243.45000,-46.12000,4.06000
82.75000,drogue,-8.77000,24761.00000,9231.46000,-45.48000,4.06000
82.85000,drogue,-10.84000,24784.00000,9225.47000,-44.80000,4.06000
82.90000,drogue,-10.84000,24784.00000,9225.47000,-44.80000,4.06000
82.95000,drogue,-8.77000,24777.00000,9227.29000,-44.10000,4.06000
83.05000,drogue,-7.74000,24797.00000,9222.09000,-43.42000,4.06000
83.06000,drogue,-7.74000,24797.00000,9222.09000,-43.42000,4.06000
83.15000,drogue,-8.26000,24799.00000,9221.57000,-42.76000,4.06000
83.22000,drogue,-8.26000,24799.00000,9221.57000,-42.76000,4.05000
83.25000,drogue,-8.77000,24775.00000,9227.81000,-42.16000,4.05000
83.35000,drogue,-8.77000,24809.00000,9218.97000,-41.55000,4.05000
83.45000,drogue,-9.29000,24851.00000,9208.05000,-41.06000,4.05000
83.54000,drogue,-9.29000,24851.00000,9208.05000,-41.06000,4.06000
83.55000,drogue,-8.77000,24878.00000,9201.04000,-40.67000,4.06000
83.65000,drogue,-9.29000,24887.00000,9198.70000,-40.25000,4.06000
83.75000,drogue,-7.74000,24908.00000,9193.25000,-39.84000,4.06000
83.85000,drogue,-8.77000,24936.00000,9186.00000,-39.48000,4.06000
83.86000,drogue,-8.77000,24936.00000,9186.00000,-39.48000,4.05000
83.95000,drogue,-9.81000,24947.00000,9183.15000,-39.18000,4.05000
84.05000,drogue,-9.29000,24971.00000,9176.94000,-38.93000,4.05000
84.07000,drogue,-9.29000,24971.00000,9176.94000,-38.93000,4.05000
84.15000,drogue,-8.77000,24960.00000,9179.78000,-38.85000,4.05000
84.18000,drogue,-8.77000,24960.00000,9179.78000,-38.85000,4.05000
84.25000,drogue,-9.29000,24976.00000,9175.64000,-38.81000,4.05000
84.35000,drogue,-9.81000,25008.00000,9167.37000,-38.88000,4.05000
84.45000,drogue,-10.84000,25000.00000,9169.44000,-39.12000,4.05000
84.50000,drogue,-10.84000,25000.00000,9169.44000,-39.12000,4.05000
84.55000,drogue,-9.81000,25047.00000,9157.29000,-39.52000,4.05000
84.65000,drogue,-9.81000,25003.00000,9168.66000,-40.07000,4.05000
84.75000,drogue,-9.81000,24985.00000,9173.31000,-40.79000,4.05000
84.82000,drogue,-9.81000,24985.00000,9173.31000,-40.79000,4.05000
84.85000,drogue,-8.77000,25020.00000,9164.27000,-41.60000,4.05000
84.95000,drogue,-9.29000,25039.00000,9159.36000,-42.39000,4.05000
85.05000,drogue,-7.23000,25066.00000,9152.39000,-43.20000,4.05000
85.14000,drogue,-7.23000,25066.00000,9152.39000,-43.20000,4.05000
85.15000,drogue,-9.29000,25100.00000,9143.63000,-44.00000,4.05000
85.25000,drogue,-8.26000,25111.00000,9140.79000,-44.76000,4.05000
85.35000,drogue,-13.42000,25137.00000,9134.10000,-45.47000,4.05000
85.45000,drogue,-10.84000,25182.00000,9122.52000,-46.12000,4.05000
85.46000,drogue,-10.84000,25182.00000,9122.52000,-46.12000,4.05000
85.55000,drogue,-10.84000,25216.00000,9113.79000,-46.69000,4.05000
85.65000,drogue,-9.81000,25194.00000,9119.44000,-47.12000,4.05000
85.75000,drogue,-10.84000,25216.00000,9113.79000,-47.40000,4.05000
85.78000,drogue,-10.84000,25216.00000,9113.79000,-47.40000,4.05000
85.85000,drogue,-10.84000,25220.00000,9112.76000,-47.54000,4.05000
85.95000,drogue,-10.32000,25264.00000,9101.48000,-47.57000,4.05000
86.05000,drogue,-8.26000,25258.00000,9103.02000,-47.52000,4.05000
86.10000,drogue,-8.26000,25258.00000,9103.02000,-47.52000,4.05000
86.15000,drogue,-10.32000,25303.00000,9091.49000,-47.34000,4.05000
86.25000,drogue,-8.77000,25292.00000,9094.30000,-47.09000,4.05000
86.35000,drogue,-8.77000,25341.00000,9081.77000,-46.85000,4.05000
86.42000,drogue,-8.77000,25341.00000,9081.77000,-46.85000,4.05000
86.45000,drogue,-9.29000,25354.00000,9078.44000,-46.56000,4.05000
86.55000,drogue,-10.32000,25373.00000,9073.59000,-46.31000,4.05000
86.65000,drogue,-9.29000,25400.00000,9066.69000,-45.94000,4.05000
86.74000,drogue,-9.29000,25400.00000,9066.69000,-45.94000,4.05000
86.75000,drogue,-8.26000,25436.00000,9057.51000,-45.56000,4.05000
86.85000,drogue,-8.26000,25458.00000,9051.91000,-45.27000,4.05000
86.95000,drogue,-8.26000,25448.00000,9054.45000,-44.97000,4.05000
87.04000,drogue,-8.26000,25448.00000,9054.45000,-44.97000,4.05000
87.05000,drogue,-8.26000,25450.00000,9053.94000,-44.75000,4.05000
87.06000,drogue,-8.26000,25450.00000,9053.94000,-44.75000,4.05000
87.15000,drogue,-9.81000,25468.00000,9049.36000,-44.50000,4.05000
87.25000,drogue,-8.77000,25500.00000,9041.21000,-44.30000,4.05000
87.35000,drogue,-7.74000,25480.00000,9046.30000,-44.05000,4.05000
87.38000,drogue,-7.74000,25480.00000,9046.30000,-44.05000,4.05000
87.45000,drogue,-9.81000,25492.00000,9043.25000,-43.84000,4.05000
87.55000,drogue,-8.77000,25526.00000,9034.60000,-43.65000,4.05000
87.65000,drogue,-9.29000,25546.00000,9029.52000,-43.40000,4.05000
87.70000,drogue,-9.29000,25546.00000,9029.52000,-43.40000,4.06000
87.75000,drogue,-8.26000,25552.00000,9028.00000,-43.09000,4.06000
87.85000,drogue,-8.26000,25573.00000,9022.66000,-42.77000,4.06000
87.95000,drogue,-6.71000,25621.00000,9010.49000,-42.46000,4.06000
88.02000,drogue,-6.71000,25621.00000,9010.49000,-42.46000,4.05000
88.05000,drogue,-9.29000,25651.00000,9002.89000,-42.12000,4.05000
88.15000,drogue,-6.71000,25674.00000,8997.07000,-41.84000,4.05000
88.25000,drogue,-8.26000,25689.00000,8993.28000,-41.38000,4.05000
88.34000,drogue,-8.26000,25689.00000,8993.28000,-41.38000,4.06000
88.35000,drogue,-9.81000,25718.00000,8985.95000,-41.00000,4.06000
88.45000,drogue,-9.81000,25734.00000,8981.90000,-40.63000,4.06000
88.55000,drogue,-7.23000,25736.00000,8981.40000,-40.22000,4.06000
88.65000,drogue,-7.74000,25722.00000,8984.93000,-39.84000,4.06000
88.66000,drogue,-7.74000,25722.00000,8984.93000,-39.84000,4.05000
88.75000,drogue,-7.74000,25729.00000,8983.17000,-39.51000,4.05000
88.85000,drogue,-8.77000,25755.00000,8976.60000,-39.19000,4.05000
88.95000,drogue,-10.32000,25740.00000,8980.39000,-38.92000,4.05000
88.98000,drogue,-10.32000,25740.00000,8980.39000,-38.92000,4.06000
89.04000,drogue,-10.32000,25740.00000,8980.39000,-38.92000,4.06000
89.05000,drogue,-8.77000,25781.00000,8970.04000,-38.67000,4.06000
89.15000,drogue,-11.36000,25762.00000,8974.84000,-38.55000,4.06000
89.25000,drogue,-9.29000,25820.00000,8960.22000,-38.56000,4.06000
89.30000,drogue,-9.29000,25820.00000,8960.22000,-38.56000,4.05000
89.35000,drogue,-7.23000,25806.00000,8963.74000,-38.66000,4.05000
89.45000,drogue,-9.81000,25849.00000,8952.92000,-38.85000,4.05000
89.55000,drogue,-9.81000,25885.00000,8943.86000,-39.21000,4.05000
89.62000,drogue,-9.81000,25885.00000,8943.86000,-39.21000,4.05000
89.65000,drogue,-9.29000,25910.00000,8937.58000,-39.64000,4.05000
89.75000,drogue,-7.74000,25893.00000,8941.85000,-40.17000,4.05000
89.85000,drogue,-6.71000,25922.00000,8934.57000,-40.79000,4.05000
89.94000,drogue,-6.71000,25922.00000,8934.57000,-40.79000,4.05000
89.95000,drogue,-8.26000,25929.00000,8932.81000,-41.49000,4.05000
90.05000,drogue,-10.32000,25952.00000,8927.04000,-42.20000,4.05000
90.15000,drogue,-9.81000,25984.00000,8919.02000,-42.92000,4.05000
90.25000,drogue,-7.23000,25919.00000,8935.32000,-43.61000,4.05000
90.26000,drogue,-7.23000,25919.00000,8935.32000,-43.61000,4.06000
90.35000,drogue,-7.74000,25969.00000,8922.78000,-44.30000,4.06000
90.45000,drogue,-9.81000,26009.00000,8912.76000,-44.96000,4.06000
90.55000,drogue,-10.32000,25992.00000,8917.01000,-45.55000,4.06000
90.58000,drogue,-10.32000,25992.00000,8917.01000,-45.55000,4.06000
90.65000,drogue,-8.77000,26026.00000,8908.50000,-46.02000,4.06000
90.75000,drogue,-9.29000,26046.00000,8903.50000,-46.41000,4.06000
90.85000,drogue,-9.81000,26061.00000,8899.75000,-46.76000,4.06000
90.90000,drogue,-9.81000,26061.00000,8899.75000,-46.76000,4.05000
90.95000,drogue,-9.29000,26110.00000,8887.51000,-46.97000,4.05000
91.05000,drogue,-11.36000,26112.00000,8887.01000,-47.14000,4.05000
91.06000,drogue,-11.36000,26112.00000,8887.01000,-47.14000,4.05000
91.15000,drogue,-10.32000,26152.00000,8877.04000,-47.20000,4.05000
91.22000,drogue,-10.32000,26152.00000,8877.04000,-47.20000,4.06000
91.25000,drogue,-9.81000,26182.00000,8869.56000,-47.22000,4.06000
91.35000,drogue,-9.29000,26210.00000,8862.59000,-47.06000,4.06000
91.45000,drogue,-8.77000,26213.00000,8861.85000,-46.87000,4.06000
91.54000,drogue,-8.77000,26213.00000,8861.85000,-46.87000,4.06000
91.55000,drogue,-9.81000,26248.00000,8853.14000,-46.63000,4.06000
91.65000,drogue,-11.36000,26238.00000,8855.63000,-46.30000,4.06000
91.75000,drogue,-7.74000,26274.00000,8846.68000,-45.87000,4.06000
91.85000,drogue,-9.29000,26287.00000,8843.46000,-45.41000,4.06000
91.86000,drogue,-9.29000,26287.00000,8843.46000,-45.41000,4.05000
91.95000,drogue,-7.74000,26294.00000,8841.72000,-44.90000,4.05000
92.05000,drogue,-9.81000,26299.00000,8840.48000,-44.44000,4.05000
92.06000,drogue,-9.81000,26299.00000,8840.48000,-44.44000,4.05000
92.15000,drogue,-6.71000,26319.00000,8835.52000,-44.00000,4.05000
92.18000,drogue,-6.71000,26319.00000,8835.52000,-44.00000,4.05000
92.25000,drogue,-6.71000,26335.00000,8831.55000,-43.46000,4.05000
92.35000,drogue,-9.29000,26369.00000,8823.13000,-43.05000,4.05000
92.45000,drogue,-7.74000,26396.00000,8816.45000,-42.75000,4.05000
92.50000,drogue,-7.74000,26396.00000,8816.45000,-42.75000,4.05000
92.55000,drogue,-8.26000,26415.00000,8811.75000,-42.45000,4.05000
92.65000,drogue,-6.71000,26413.00000,8812.24000,-42.20000,4.05000
92.75000,drogue,-7.74000,26427.00000,8808.78000,-41.99000,4.05000
92.82000,drogue,-7.74000,26427.00000,8808.78000,-41.99000,4.05000
92.85000,drogue,-8.26000,26454.00000,8802.11000,-41.84000,4.05000
92.95000,drogue,-7.74000,26465.00000,8799.39000,-41.73000,4.05000
93.05000,drogue,-10.32000,26481.00000,8795.45000,-41.57000,4.05000
93.06000,drogue,-10.32000,26481.00000,8795.45000,-41.57000,4.05000
93.14000,drogue,-10.32000,26481.00000,8795.45000,-41.57000,4.08000
93.15000,drogue,-8.26000,26513.00000,8787.55000,-41.47000,4.08000
93.25000,drogue,-8.26000,26526.00000,8784.35000,-41.33000,4.08000
93.35000,drogue,-8.26000,26513.00000,8787.55000,-41.19000,4.08000
93.45000,drogue,-7.74000,26547.00000,8779.18000,-41.00000,4.08000
93.46000,drogue,-7.74000,26547.00000,8779.18000,-41.00000,4.05000
93.55000,drogue,-9.29000,26576.00000,8772.04000,-40.80000,4.05000
93.65000,drogue,-8.26000,26583.00000,8770.32000,-40.54000,4.05000
93.75000,drogue,-7.23000,26607.00000,8764.42000,-40.34000,4.05000
93.78000,drogue,-7.23000,26607.00000,8764.42000,-40.34000,4.05000
93.85000,drogue,-9.81000,26611.00000,8763.43000,-40.10000,4.05000
93.95000,drogue,-11.87000,26624.00000,8760.24000,-39.83000,4.05000
94.05000,drogue,-8.26000,26667.00000,8749.68000,-39.58000,4.05000
94.06000,drogue,-8.26000,26667.00000,8749.68000,-39.58000,4.05000
94.10000,drogue,-8.26000,26667.00000,8749.68000,-39.58000,4.05000
94.15000,drogue,-9.81000,26674.00000,8747.96000,-39.39000,4.05000
94.25000,drogue,-8.26000,26680.00000,8746.49000,-39.23000,4.05000
94.35000,drogue,-10.32000,26709.00000,8739.38000,-39.17000,4.05000
94.42000,drogue,-10.32000,26709.00000,8739.38000,-39.17000,4.07000
94.45000,drogue,-8.26000,26735.00000,8733.01000,-39.15000,4.07000
94.55000,drogue,-9.81000,26749.00000,8729.59000,-39.16000,4.07000
94.65000,drogue,-8.26000,26739.00000,8732.04000,-39.25000,4.07000
94.74000,drogue,-8.26000,26739.00000,8732.04000,-39.25000,4.06000
94.75000,drogue,-9.29000,26754.00000,8728.36000,-39.42000,4.06000
94.85000,drogue,-8.77000,26787.00000,8720.29000,-39.67000,4.06000
94.95000,drogue,-8.77000,26783.00000,8721.27000,-39.97000,4.06000
95.05000,drogue,-8.26000,26788.00000,8720.05000,-40.29000,4.06000
95.06000,drogue,-8.26000,26788.00000,8720.05000,-40.29000,4.05000
95.15000,drogue,-9.29000,26828.00000,8710.28000,-40.72000,4.05000
95.25000,drogue,-11.36000,26819.00000,8712.47000,-41.19000,4.05000
95.35000,drogue,-8.26000,26845.00000,8706.13000,-41.68000,4.05000
95.38000,drogue,-8.26000,26845.00000,8706.13000,-41.68000,4.05000
95.45000,drogue,-8.77000,26871.00000,8699.78000,-42.28000,4.05000
95.55000,drogue,-8.77000,26880.00000,8697.59000,-42.90000,4.05000
95.65000,drogue,-10.32000,26904.00000,8691.74000,-43.51000,4.05000
95.70000,drogue,-10.32000,26904.00000,8691.74000,-43.51000,4.06000
95.75000,drogue,-10.32000,26939.00000,8683.22000,-44.10000,4.06000
95.85000,drogue,-9.29000,26941.00000,8682.73000,-44.66000,4.06000
95.95000,drogue,-11.36000,26942.00000,8682.49000,-45.16000,4.06000
96.02000,drogue,-11.36000,26942.00000,8682.49000,-45.16000,4.06000
96.05000,drogue,-7.74000,26977.00000,8673.98000,-45.63000,4.06000
96.06000,drogue,-7.74000,26977.00000,8673.98000,-45.63000,4.06000
96.15000,drogue,-10.84000,27007.00000,8666.69000,-45.99000,4.06000
96.25000,drogue,-11.36000,27022.00000,8663.05000,-46.24000,4.06000
96.34000,drogue,-11.36000,27022.00000,8663.05000,-46.24000,4.06000
96.35000,drogue,-9.29000,27053.00000,8655.53000,-46.40000,4.06000
96.45000,drogue,-8.26000,27061.00000,8653.59000,-46.43000,4.06000
96.55000,drogue,-9.81000,27064.00000,8652.86000,-46.32000,4.06000
96.65000,drogue,-10.84000,27110.00000,8641.72000,-46.08000,4.06000
96.66000,drogue,-10.84000,27110.00000,8641.72000,-46.08000,4.06000
96.75000,drogue,-9.29000,27132.00000,8636.39000,-45.80000,4.06000
96.85000,drogue,-9.29000,27144.00000,8633.49000,-45.48000,4.06000
96.95000,drogue,-9.29000,27151.00000,8631.80000,-45.07000,4.06000
96.98000,drogue,-9.29000,27151.00000,8631.80000,-45.07000,4.05000
97.05000,drogue,-7.23000,27148.00000,8632.52000,-44.67000,4.05000
97.06000,drogue,-7.23000,27148.00000,8632.52000,-44.67000,4.05000
97.15000,drogue,-9.81000,27197.00000,8620.68000,-44.26000,4.05000
97.25000,drogue,-8.77000,27222.00000,8614.65000,-43.77000,4.05000
97.30000,drogue,-8.77000,27222.00000,8614.65000,-43.77000,4.07000
97.35000,drogue,-7.74000,27248.00000,8608.38000,-43.33000,4.07000
97.45000,drogue,-8.77000,27289.00000,8598.50000,-42.88000,4.07000
97.55000,drogue,-8.77000,27290.00000,8598.26000,-42.47000,4.07000
97.62000,drogue,-8.77000,27290.00000,8598.26000,-42.47000,4.06000
97.65000,drogue,-8.26000,27305.00000,8594.64000,-42.11000,4.06000
97.75000,drogue,-9.81000,27307.00000,8594.16000,-41.81000,4.06000
97.85000,drogue,-6.71000,27328.00000,8589.11000,-41.52000,4.06000
97.94000,drogue,-6.71000,27328.00000,8589.11000,-41.52000,4.06000
97.95000,drogue,-8.26000,27341.00000,8585.98000,-41.26000,4.06000
98.05000,drogue,-8.77000,27349.00000,8584.06000,-41.05000,4.06000
98.06000,drogue,-8.77000,27349.00000,8584.06000,-41.05000,4.06000
98.15000,drogue,-8.77000,27358.00000,8581.90000,-40.81000,4.06000
98.25000,drogue,-9.29000,27373.00000,8578.29000,-40.59000,4.06000
98.26000,drogue,-9.29000,27373.00000,8578.29000,-40.59000,4.06000
98.35000,drogue,-6.71000,27384.00000,8575.65000,-40.34000,4.06000
98.45000,drogue,-8.26000,27388.00000,8574.69000,-40.06000,4.06000
98.55000,drogue,-10.84000,27402.00000,8571.33000,-39.71000,4.06000
98.58000,drogue,-10.84000,27402.00000,8571.33000,-39.71000,4.06000
98.65000,drogue,-9.29000,27440.00000,8562.22000,-39.41000,4.06000
98.75000,drogue,-7.74000,27483.00000,8551.91000,-39.10000,4.06000
98.85000,drogue,-9.29000,27513.00000,8544.73000,-38.78000,4.06000
98.90000,drogue,-9.29000,27513.00000,8544.73000,-38.78000,4.05000
98.95000,drogue,-8.26000,27521.00000,8542.82000,-38.45000,4.05000
99.05000,drogue,-9.81000,27573.00000,8530.39000,-38.16000,4.05000
99.15000,drogue,-9.29000,27558.00000,8533.98000,-37.97000,4.05000
99.22000,drogue,-9.29000,27558.00000,8533.98000,-37.97000,4.05000
99.25000,drogue,-10.32000,27547.00000,8536.60000,-37.82000,4.05000
99.35000,drogue,-12.39000,27580.00000,8528.72000,-37.75000,4.05000
99.45000,drogue,-8.77000,27571.00000,8530.87000,-37.75000,4.05000
99.54000,drogue,-8.77000,27571.00000,8530.87000,-37.75000,4.06000
99.55000,drogue,-9.81000,27611.00000,8521.32000,-37.81000,4.06000
99.65000,drogue,-9.81000,27623.00000,8518.46000,-38.03000,4.06000
99.75000,drogue,-8.77000,27638.00000,8514.89000,-38.32000,4.06000
99.85000,drogue,-8.77000,27655.00000,8510.83000,-38.76000,4.06000
99.86000,drogue,-8.77000,27655.00000,8510.83000,-38.76000,4.06000
99.95000,drogue,-9.81000,27670.00000,8507.26000,-39.35000,4.06000
100.05000,drogue,-9.29000,27676.00000,8505.83000,-40.08000,4.06000
100.06000,drogue,-9.29000,27676.00000,8505.83000,-40.08000,4.06000
100.15000,drogue,-10.32000,27645.00000,8513.22000,-40.89000,4.06000
100.18000,drogue,-10.32000,27645.00000,8513.22000,-40.89000,4.06000
100.25000,drogue,-8.26000,27686.00000,8503.45000,-41.80000,4.06000
100.35000,drogue,-11.36000,27684.00000,8503.93000,-42.74000,4.06000
100.45000,drogue,-8.77000,27706.00000,8498.69000,-43.68000,4.06000
100.50000,drogue,-8.77000,27706.00000,8498.69000,-43.68000,4.05000
100.55000,drogue,-9.81000,27718.00000,8495.84000,-44.55000,4.05000
100.65000,drogue,-8.26000,27767.00000,8484.20000,-45.41000,4.05000
100.75000,drogue,-8.77000,27793.00000,8478.03000,-46.19000,4.05000
100.82000,drogue,-8.77000,27793.00000,8478.03000,-46.19000,4.06000
100.85000,drogue,-8.26000,27824.00000,8470.67000,-46.78000,4.06000
100.95000,drogue,-8.77000,27848.00000,8464.99000,-47.18000,4.06000
101.05000,drogue,-10.32000,27882.00000,8456.94000,-47.47000,4.06000
101.14000,drogue,-10.32000,27882.00000,8456.94000,-47.47000,4.05000
101.15000,drogue,-11.87000,27910.00000,8450.31000,-47.50000,4.05000
101.25000,drogue,-8.77000,27904.00000,8451.73000,-47.34000,4.05000
101.35000,drogue,-8.77000,27930.00000,8445.58000,-47.05000,4.05000
101.45000,drogue,-9.81000,27934.00000,8444.64000,-46.56000,4.05000
101.46000,drogue,-9.81000,27934.00000,8444.64000,-46.56000,4.05000
101.55000,drogue,-9.29000,27953.00000,8440.15000,-45.96000,4.05000
101.65000,drogue,-11.36000,28008.00000,8427.17000,-45.25000,4.05000
101.75000,drogue,-8.77000,28009.00000,8426.94000,-44.37000,4.05000
101.78000,drogue,-8.77000,28009.00000,8426.94000,-44.37000,4.06000
101.85000,drogue,-9.29000,28039.00000,8419.87000,-43.44000,4.06000
101.95000,drogue,-7.23000,28076.00000,8411.15000,-42.48000,4.06000
102.05000,drogue,-9.81000,28107.00000,8403.86000,-41.55000,4.06000
102.07000,drogue,-9.81000,28107.00000,8403.86000,-41.55000,4.06000
102.10000,drogue,-9.81000,28107.00000,8403.86000,-41.55000,4.05000
102.15000,drogue,-8.26000,28102.00000,8405.04000,-40.52000,4.05000
102.25000,drogue,-7.74000,28123.00000,8400.10000,-39.60000,4.05000
102.35000,drogue,-10.32000,28124.00000,8399.87000,-38.79000,4.05000
102.42000,drogue,-10.32000,28124.00000,8399.87000,-38.79000,4.06000
102.45000,drogue,-8.77000,28127.00000,8399.16000,-38.11000,4.06000
102.55000,drogue,-6.71000,28120.00000,8400.81000,-37.50000,4.06000
102.65000,drogue,-8.77000,28152.00000,8393.29000,-37.01000,4.06000
102.74000,drogue,-8.77000,28152.00000,8393.29000,-37.01000,4.05000
102.75000,drogue,-7.74000,28164.00000,8390.47000,-36.60000,4.05000
102.85000,drogue,-9.29000,28154.00000,8392.82000,-36.22000,4.05000
102.95000,drogue,-9.81000,28187.00000,8385.07000,-35.97000,4.05000
103.05000,drogue,-9.29000,28234.00000,8374.06000,-35.78000,4.05000
103.06000,drogue,-9.29000,28234.00000,8374.06000,-35.78000,4.06000
103.15000,drogue,-8.77000,28235.00000,8373.82000,-35.62000,4.06000
103.25000,drogue,-8.77000,28277.00000,8363.99000,-35.48000,4.06000
103.35000,drogue,-9.81000,28286.00000,8361.88000,-35.40000,4.06000
103.38000,drogue,-9.81000,28286.00000,8361.88000,-35.40000,4.05000
103.45000,drogue,-9.81000,28294.00000,8360.01000,-35.34000,4.05000
103.55000,drogue,-9.29000,28299.00000,8358.84000,-35.38000,4.05000
103.65000,drogue,-9.29000,28323.00000,8353.23000,-35.48000,4.05000
103.70000,drogue,-9.29000,28323.00000,8353.23000,-35.48000,4.07000
103.75000,drogue,-9.29000,28283.00000,8362.59000,-35.65000,4.07000
103.85000,drogue,-10.32000,28324.00000,8353.00000,-35.85000,4.07000
103.95000,drogue,-9.81000,28355.00000,8345.76000,-36.12000,4.07000
104.02000,drogue,-9.81000,28355.00000,8345.76000,-36.12000,4.05000
104.05000,drogue,-10.32000,28392.00000,8337.13000,-36.45000,4.05000
104.06000,drogue,-10.32000,28392.00000,8337.13000,-36.45000,4.05000
104.15000,drogue,-10.32000,28363.00000,8343.89000,-36.78000,4.05000
104.25000,drogue,-9.81000,28396.00000,8336.19000,-37.20000,4.05000
104.34000,drogue,-9.81000,28396.00000,8336.19000,-37.20000,4.05000
104.35000,drogue,-8.77000,28447.00000,8324.31000,-37.67000,4.05000
104.45000,drogue,-8.77000,28470.00000,8318.96000,-38.16000,4.05000
104.55000,drogue,-10.84000,28458.00000,8321.75000,-38.66000,4.05000
104.65000,drogue,-10.32000,28455.00000,8322.45000,-39.25000,4.05000
104.66000,drogue,-10.32000,28455.00000,8322.45000,-39.25000,4.05000
104.75000,drogue,-10.84000,28470.00000,8318.96000,-39.86000,4.05000
104.85000,drogue,-10.32000,28446.00000,8324.54000,-40.51000,4.05000
104.95000,drogue,-8.77000,28514.00000,8308.72000,-41.20000,4.05000
104.98000,drogue,-8.77000,28514.00000,8308.72000,-41.20000,4.07000
105.05000,drogue,-9.81000,28519.00000,8307.56000,-41.86000,4.07000
105.07000,drogue,-9.81000,28519.00000,8307.56000,-41.86000,4.07000
105.15000,drogue,-8.77000,28525.00000,8306.17000,-42.50000,4.07000
105.25000,drogue,-9.81000,28554.00000,8299.43000,-43.11000,4.07000
105.30000,drogue,-9.81000,28554.00000,8299.43000,-43.11000,4.05000
105.35000,drogue,-9.29000,28583.00000,8292.71000,-43.64000,4.05000
105.45000,drogue,-9.29000,28595.00000,8289.92000,-44.08000,4.05000
105.55000,drogue,-8.77000,28647.00000,8277.87000,-44.37000,4.05000
105.62000,drogue,-8.77000,28647.00000,8277.87000,-44.37000,4.05000
105.65000,drogue,-8.26000,28646.00000,8278.11000,-44.57000,4.05000
105.75000,drogue,-11.36000,28697.00000,8266.31000,-44.58000,4.05000
105.85000,drogue,-9.81000,28690.00000,8267.92000,-44.45000,4.05000
105.94000,drogue,-9.81000,28690.00000,8267.92000,-44.45000,4.05000
105.95000,drogue,-10.84000,28710.00000,8263.30000,-44.25000,4.05000
106.05000,drogue,-9.81000,28736.00000,8257.29000,-43.98000,4.05000
106.15000,drogue,-11.36000,28744.00000,8255.45000,-43.64000,4.05000
106.25000,drogue,-8.77000,28781.00000,8246.91000,-43.26000,4.05000
106.26000,drogue,-8.77000,28781.00000,8246.91000,-43.26000,4.05000
106.35000,drogue,-10.32000,28805.00000,8241.37000,-42.88000,4.05000
106.45000,drogue,-8.77000,28808.00000,8240.68000,-42.48000,4.05000
106.55000,drogue,-10.84000,28805.00000,8241.37000,-42.01000,4.05000
106.58000,drogue,-10.84000,28805.00000,8241.37000,-42.01000,4.05000
106.65000,drogue,-8.26000,28842.00000,8232.85000,-41.51000,4.05000
106.75000,drogue,-8.26000,28856.00000,8229.63000,-41.02000,4.05000
106.85000,drogue,-11.36000,28903.00000,8218.82000,-40.53000,4.05000
106.90000,drogue,-11.36000,28903.00000,8218.82000,-40.53000,4.05000
106.95000,drogue,-10.84000,28915.00000,8216.06000,-40.14000,4.05000
107.05000,drogue,-8.77000,28902.00000,8219.05000,-39.76000,4.05000
107.07000,drogue,-8.77000,28902.00000,8219.05000,-39.76000,4.05000
107.15000,drogue,-10.84000,28946.00000,8208.94000,-39.47000,4.05000
107.22000,drogue,-10.84000,28946.00000,8208.94000,-39.47000,4.05000
107.25000,drogue,-9.81000,28957.00000,8206.41000,-39.25000,4.05000
107.35000,drogue,-9.81000,28977.00000,8201.83000,-39.06000,4.05000
107.45000,drogue,-10.32000,28992.00000,8198.39000,-38.92000,4.05000
107.54000,drogue,-10.32000,28992.00000,8198.39000,-38.92000,4.05000
107.55000,drogue,-8.77000,28980.00000,8201.14000,-38.88000,4.05000
107.65000,drogue,-9.81000,28996.00000,8197.47000,-38.82000,4.05000
107.75000,drogue,-9.81000,29003.00000,8195.86000,-38.87000,4.05000
107.85000,drogue,-8.77000,28981.00000,8200.91000,-38.87000,4.05000
107.86000,drogue,-8.77000,28981.00000,8200.91000,-38.87000,4.06000
107.95000,drogue,-9.81000,29034.00000,8188.76000,-38.83000,4.06000
108.05000,drogue,-8.26000,29066.00000,8181.44000,-38.81000,4.06000
108.06000,drogue,-8.26000,29066.00000,8181.44000,-38.81000,4.06000
108.15000,drogue,-10.32000,29143.00000,8163.84000,-38.78000,4.06000
108.18000,drogue,-10.32000,29143.00000,8163.84000,-38.78000,4.07000
108.25000,drogue,-8.77000,29150.00000,8162.24000,-38.76000,4.07000
108.35000,drogue,-6.19000,29162.00000,8159.50000,-38.75000,4.07000
108.45000,drogue,-8.77000,29184.00000,8154.48000,-38.74000,4.07000
108.50000,drogue,-8.77000,29184.00000,8154.48000,-38.74000,4.05000
108.55000,drogue,-7.74000,29176.00000,8156.30000,-38.72000,4.05000
108.65000,drogue,-8.77000,29185.00000,8154.25000,-38.79000,4.05000
108.75000,drogue,-8.77000,29186.00000,8154.02000,-38.89000,4.05000
108.82000,drogue,-8.77000,29186.00000,8154.02000,-38.89000,4.05000
108.85000,drogue,-11.87000,29198.00000,8151.29000,-39.05000,4.05000
108.95000,drogue,-8.77000,29212.00000,8148.10000,-39.23000,4.05000
109.05000,drogue,-9.81000,29220.00000,8146.27000,-39.39000,4.05000
109.07000,drogue,-9.81000,29220.00000,8146.27000,-39.39000,4.05000
109.14000,drogue,-9.81000,29220.00000,8146.27000,-39.39000,4.06000
109.15000,drogue,-8.26000,29281.00000,8132.39000,-39.60000,4.06000
109.25000,drogue,-8.77000,29284.00000,8131.70000,-39.77000,4.06000
109.35000,drogue,-11.36000,29289.00000,8130.57000,-39.96000,4.06000
109.45000,drogue,-8.77000,29321.00000,8123.29000,-40.14000,4.06000
109.46000,drogue,-8.77000,29321.00000,8123.29000,-40.14000,4.05000
109.55000,drogue,-9.29000,29350.00000,8116.71000,-40.26000,4.05000
109.65000,drogue,-10.32000,29352.00000,8116.25000,-40.44000,4.05000
109.75000,drogue,-10.32000,29403.00000,8104.68000,-40.64000,4.05000
109.78000,drogue,-10.32000,29403.00000,8104.68000,-40.64000,4.06000
109.85000,drogue,-9.81000,29395.00000,8106.50000,-40.82000,4.06000
109.95000,drogue,-10.32000,29369.00000,8112.39000,-41.08000,4.06000
110.05000,drogue,-9.81000,29402.00000,8104.91000,-41.39000,4.06000
110.10000,drogue,-9.81000,29402.00000,8104.91000,-41.39000,4.06000
110.15000,drogue,-9.29000,29427.00000,8099.24000,-41.76000,4.06000
110.25000,drogue,-9.29000,29448.00000,8094.49000,-42.15000,4.06000
110.35000,drogue,-9.81000,29474.00000,8088.60000,-42.53000,4.06000
110.42000,drogue,-9.81000,29474.00000,8088.60000,-42.53000,4.05000
110.45000,drogue,-9.29000,29507.00000,8081.14000,-42.90000,4.05000
110.55000,drogue,-9.81000,29530.00000,8075.94000,-43.20000,4.05000
110.65000,drogue,-7.74000,29578.00000,8065.11000,-43.47000,4.05000
110.74000,drogue,-7.74000,29578.00000,8065.11000,-43.47000,4.06000
110.75000,drogue,-9.81000,29588.00000,8062.85000,-43.71000,4.06000
110.85000,drogue,-7.74000,29599.00000,8060.37000,-43.93000,4.06000
110.95000,drogue,-8.77000,29607.00000,8058.57000,-44.13000,4.06000
111.05000,drogue,-10.84000,29623.00000,8054.96000,-44.30000,4.06000
111.06000,drogue,-10.84000,29623.00000,8054.96000,-44.30000,4.05000
111.15000,drogue,-8.26000,29616.00000,8056.54000,-44.54000,4.05000
111.25000,drogue,-8.77000,29611.00000,8057.67000,-44.70000,4.05000
111.35000,drogue,-8.77000,29634.00000,8052.48000,-44.82000,4.05000
111.38000,drogue,-8.77000,29634.00000,8052.48000,-44.82000,4.05000
111.45000,drogue,-8.26000,29661.00000,8046.40000,-44.93000,4.05000
111.55000,drogue,-8.26000,29668.00000,8044.83000,-44.98000,4.05000
111.65000,drogue,-8.26000,29733.00000,8030.21000,-44.94000,4.05000
111.70000,drogue,-8.26000,29733.00000,8030.21000,-44.94000,4.06000
111.75000,drogue,-9.29000,29765.00000,8023.03000,-44.89000,4.06000
111.85000,drogue,-10.84000,29794.00000,8016.52000,-44.69000,4.06000
111.95000,drogue,-9.29000,29816.00000,8011.59000,-44.40000,4.06000
112.02000,drogue,-9.29000,29816.00000,8011.59000,-44.40000,4.06000
112.05000,drogue,-10.84000,29856.00000,8002.63000,-44.08000,4.06000
112.15000,drogue,-10.32000,29865.00000,8000.61000,-43.72000,4.06000
112.25000,drogue,-10.84000,29909.00000,7990.77000,-43.37000,4.06000
112.34000,drogue,-10.84000,29909.00000,7990.77000,-43.37000,4.06000
112.35000,drogue,-9.81000,29923.00000,7987.64000,-42.99000,4.06000
112.45000,drogue,-7.74000,29918.00000,7988.76000,-42.63000,4.06000
112.55000,drogue,-7.23000,29897.00000,7993.45000,-42.27000,4.06000
112.65000,drogue,-10.84000,29913.00000,7989.87000,-41.95000,4.06000
112.66000,drogue,-10.84000,29913.00000,7989.87000,-41.95000,4.06000
112.75000,drogue,-8.77000,29919.00000,7988.53000,-41.61000,4.06000
112.85000,drogue,-10.84000,29936.00000,7984.73000,-41.22000,4.06000
112.95000,drogue,-7.74000,29969.00000,7977.36000,-40.85000,4.06000
112.98000,drogue,-7.74000,29969.00000,7977.36000,-40.85000,4.05000
113.05000,drogue,-9.29000,29987.00000,7973.35000,-40.52000,4.05000
113.15000,drogue,-7.74000,30040.00000,7961.53000,-40.20000,4.05000
113.25000,drogue,-7.74000,30054.00000,7958.41000,-39.92000,4.05000
113.30000,drogue,-7.74000,30054.00000,7958.41000,-39.92000,4.05000
113.35000,drogue,-10.32000,30086.00000,7951.29000,-39.76000,4.05000
113.45000,drogue,-7.74000,30108.00000,7946.40000,-39.68000,4.05000
113.55000,drogue,-9.29000,30113.00000,7945.28000,-39.64000,4.05000
113.62000,drogue,-9.29000,30113.00000,7945.28000,-39.64000,4.06000
113.65000,drogue,-8.77000,30119.00000,7943.95000,-39.70000,4.06000
113.75000,drogue,-9.29000,30141.00000,7939.06000,-39.80000,4.06000
113.85000,drogue,-9.29000,30125.00000,7942.62000,-39.89000,4.06000
113.94000,drogue,-9.29000,30125.00000,7942.62000,-39.89000,4.06000
113.95000,drogue,-8.77000,30158.00000,7935.28000,-40.02000,4.06000
114.05000,drogue,-9.81000,30167.00000,7933.28000,-40.17000,4.06000
114.06000,drogue,-9.81000,30167.00000,7933.28000,-40.17000,4.06000
114.15000,drogue,-8.26000,30186.00000,7929.07000,-40.33000,4.06000
114.25000,drogue,-9.81000,30228.00000,7919.75000,-40.49000,4.06000
114.26000,drogue,-9.81000,30228.00000,7919.75000,-40.49000,4.06000
114.35000,drogue,-10.32000,30242.00000,7916.65000,-40.61000,4.06000
114.45000,drogue,-9.29000,30271.00000,7910.23000,-40.71000,4.06000
114.55000,drogue,-8.77000,30291.00000,7905.80000,-40.78000,4.06000
114.58000,drogue,-8.77000,30291.00000,7905.80000,-40.78000,4.06000
114.65000,drogue,-8.77000,30309.00000,7901.82000,-40.83000,4.06000
114.75000,drogue,-8.26000,30317.00000,7900.05000,-40.84000,4.06000
114.85000,drogue,-9.29000,30298.00000,7904.25000,-40.90000,4.06000
114.90000,drogue,-9.29000,30298.00000,7904.25000,-40.90000,4.05000
114.95000,drogue,-11.36000,30324.00000,7898.50000,-40.92000,4.05000
115.05000,drogue,-8.77000,30355.00000,7891.65000,-40.95000,4.05000
115.06000,drogue,-8.77000,30355.00000,7891.65000,-40.95000,4.05000
115.15000,drogue,-8.77000,30373.00000,7887.67000,-40.95000,4.05000
115.22000,drogue,-8.77000,30373.00000,7887.67000,-40.95000,4.07000
115.25000,drogue,-10.84000,30402.00000,7881.27000,-40.95000,4.07000
115.35000,drogue,-8.26000,30447.00000,7871.35000,-40.90000,4.07000
115.45000,drogue,-8.26000,30474.00000,7865.40000,-40.76000,4.07000
115.54000,drogue,-8.26000,30474.00000,7865.40000,-40.76000,4.06000
115.55000,drogue,-9.81000,30478.00000,7864.52000,-40.53000,4.06000
115.65000,drogue,-9.29000,30487.00000,7862.54000,-40.27000,4.06000
115.75000,drogue,-8.26000,30506.00000,7858.36000,-40.01000,4.06000
115.85000,drogue,-8.26000,30510.00000,7857.48000,-39.67000,4.06000
115.86000,drogue,-8.26000,30510.00000,7857.48000,-39.67000,4.05000
115.95000,drogue,-8.77000,30541.00000,7850.66000,-39.35000,4.05000
116.05000,drogue,-8.26000,30561.00000,7846.26000,-39.03000,4.05000
116.15000,drogue,-8.26000,30592.00000,7839.46000,-38.73000,4.05000
116.18000,drogue,-8.26000,30592.00000,7839.46000,-38.73000,4.06000
116.25000,drogue,-10.84000,30589.00000,7840.11000,-38.43000,4.06000
116.35000,drogue,-9.29000,30596.00000,7838.58000,-38.16000,4.06000
116.45000,drogue,-9.29000,30627.00000,7831.78000,-37.94000,4.06000
116.50000,drogue,-9.29000,30627.00000,7831.78000,-37.94000,4.07000
116.55000,drogue,-10.32000,30649.00000,7826.95000,-37.77000,4.07000
116.65000,drogue,-10.84000,30647.00000,7827.39000,-37.67000,4.07000
116.75000,drogue,-9.29000,30655.00000,7825.64000,-37.65000,4.07000
116.82000,drogue,-9.29000,30655.00000,7825.64000,-37.65000,4.05000
116.85000,drogue,-8.77000,30709.00000,7813.81000,-37.66000,4.05000
116.95000,drogue,-10.32000,30699.00000,7816.00000,-37.80000,4.05000
117.05000,drogue,-10.32000,30739.00000,7807.25000,-38.06000,4.05000
117.06000,drogue,-10.32000,30739.00000,7807.25000,-38.06000,4.05000
117.14000,drogue,-10.32000,30739.00000,7807.25000,-38.06000,4.06000
117.15000,drogue,-11.87000,30743.00000,7806.37000,-38.42000,4.06000
117.25000,drogue,-9.29000,30793.00000,7795.45000,-38.85000,4.06000
117.35000,drogue,-9.29000,30788.00000,7796.54000,-39.35000,4.06000
117.45000,drogue,-10.84000,30776.00000,7799.16000,-39.89000,4.06000
117.46000,drogue,-10.84000,30776.00000,7799.16000,-39.89000,4.06000
117.55000,drogue,-9.29000,30781.00000,7798.07000,-40.37000,4.06000
117.65000,drogue,-10.84000,30827.00000,7788.03000,-40.84000,4.06000
117.75000,drogue,-8.77000,30852.00000,7782.57000,-41.28000,4.06000
117.78000,drogue,-8.77000,30852.00000,7782.57000,-41.28000,4.05000
117.85000,drogue,-10.32000,30857.00000,7781.48000,-41.64000,4.05000
117.95000,drogue,-9.81000,30868.00000,7779.08000,-41.97000,4.05000
118.05000,drogue,-8.77000,30899.00000,7772.33000,-42.20000,4.05000
118.07000,drogue,-8.77000,30899.00000,7772.33000,-42.20000,4.05000
118.10000,drogue,-8.77000,30899.00000,7772.33000,-42.20000,4.05000
118.15000,drogue,-8.77000,30920.00000,7767.76000,-42.33000,4.05000
118.25000,drogue,-10.84000,30908.00000,7770.37000,-42.34000,4.05000
118.35000,drogue,-9.81000,30956.00000,7759.93000,-42.24000,4.05000
118.42000,drogue,-9.81000,30956.00000,7759.93000,-42.24000,4.05000
118.45000,drogue,-9.29000,30979.00000,7754.93000,-42.06000,4.05000
118.55000,drogue,-8.77000,31008.00000,7748.63000,-41.77000,4.05000
118.65000,drogue,-8.26000,31053.00000,7738.86000,-41.33000,4.05000
118.74000,drogue,-8.26000,31053.00000,7738.86000,-41.33000,4.05000
118.75000,drogue,-9.29000,31080.00000,7733.01000,-40.78000,4.05000
118.85000,drogue,-8.26000,31087.00000,7731.49000,-40.20000,4.05000
118.95000,drogue,-8.26000,31122.00000,7723.91000,-39.51000,4.05000
119.05000,drogue,-8.26000,31136.00000,7720.88000,-38.81000,4.05000
119.06000,drogue,-8.26000,31136.00000,7720.88000,-38.81000,4.08000
119.15000,drogue,-8.77000,31161.00000,7715.47000,-38.02000,4.08000
119.25000,drogue,-8.77000,31163.00000,7715.04000,-37.25000,4.08000
119.35000,drogue,-9.81000,31160.00000,7715.69000,-36.48000,4.08000
119.38000,drogue,-9.81000,31160.00000,7715.69000,-36.48000,4.05000
119.45000,drogue,-10.32000,31185.00000,7710.28000,-35.74000,4.05000
119.55000,drogue,-10.32000,31167.00000,7714.18000,-35.06000,4.05000
119.65000,drogue,-9.81000,31196.00000,7707.91000,-34.48000,4.05000
119.70000,drogue,-9.81000,31196.00000,7707.91000,-34.48000,4.06000
119.75000,drogue,-9.81000,31209.00000,7705.10000,-34.01000,4.06000
119.85000,drogue,-10.32000,31221.00000,7702.51000,-33.64000,4.06000
119.95000,drogue,-11.36000,31248.00000,7696.68000,-33.37000,4.06000
120.02000,drogue,-11.36000,31248.00000,7696.68000,-33.37000,4.05000
120.05000,drogue,-7.74000,31260.00000,7694.09000,-33.26000,4.05000
120.15000,drogue,-9.81000,31269.00000,7692.15000,-33.29000,4.05000
120.25000,drogue,-8.77000,31308.00000,7683.74000,-33.47000,4.05000
120.34000,drogue,-8.77000,31308.00000,7683.74000,-33.47000,4.05000
120.35000,drogue,-9.29000,31329.00000,7679.22000,-33.84000,4.05000
120.45000,drogue,-10.32000,31350.00000,7674.70000,-34.28000,4.05000
120.55000,drogue,-10.32000,31358.00000,7672.97000,-34.80000,4.05000
120.65000,drogue,-9.81000,31355.00000,7673.62000,-35.36000,4.05000
120.66000,drogue,-9.81000,31355.00000,7673.62000,-35.36000,4.05000
120.75000,drogue,-9.29000,31365.00000,7671.47000,-36.00000,4.05000
120.85000,drogue,-8.26000,31385.00000,7667.17000,-36.66000,4.05000
120.95000,drogue,-10.32000,31392.00000,7665.66000,-37.34000,4.05000
120.98000,drogue,-10.32000,31392.00000,7665.66000,-37.34000,4.05000
121.05000,drogue,-7.23000,31415.00000,7660.72000,-38.00000,4.05000
121.15000,drogue,-9.81000,31409.00000,7662.01000,-38.65000,4.05000
121.25000,drogue,-9.29000,31425.00000,7658.57000,-39.24000,4.05000
121.30000,drogue,-9.29000,31425.00000,7658.57000,-39.24000,4.05000
121.35000,drogue,-8.77000,31465.00000,7649.98000,-39.79000,4.05000
121.45000,drogue,-12.39000,31501.00000,7642.26000,-40.34000,4.05000
121.55000,drogue,-9.29000,31514.00000,7639.47000,-40.78000,4.05000
121.62000,drogue,-9.29000,31514.00000,7639.47000,-40.78000,4.05000
121.65000,drogue,-9.29000,31517.00000,7638.83000,-41.22000,4.05000
121.75000,drogue,-9.81000,31545.00000,7632.83000,-41.57000,4.05000
121.85000,drogue,-10.84000,31577.00000,7625.98000,-41.83000,4.05000
121.94000,drogue,-10.84000,31577.00000,7625.98000,-41.83000,4.05000
121.95000,drogue,-10.84000,31592.00000,7622.77000,-42.04000,4.05000
122.05000,drogue,-9.81000,31624.00000,7615.93000,-42.14000,4.05000
122.06000,drogue,-9.81000,31624.00000,7615.93000,-42.14000,4.05000
122.15000,drogue,-9.29000,31654.00000,7609.52000,-42.17000,4.05000
122.25000,drogue,-8.26000,31705.00000,7598.64000,-42.17000,4.05000
122.26000,drogue,-8.26000,31705.00000,7598.64000,-42.17000,4.06000
122.35000,drogue,-10.32000,31728.00000,7593.74000,-42.01000,4.06000
122.45000,drogue,-10.84000,31701.00000,7599.49000,-41.80000,4.06000
122.55000,drogue,-10.32000,31706.00000,7598.43000,-41.54000,4.06000
122.58000,drogue,-10.32000,31706.00000,7598.43000,-41.54000,4.06000
122.65000,drogue,-10.32000,31691.00000,7601.63000,-41.20000,4.06000
122.75000,drogue,-9.81000,31737.00000,7591.82000,-40.83000,4.06000
122.85000,drogue,-9.81000,31775.00000,7583.72000,-40.44000,4.06000
122.90000,drogue,-9.81000,31775.00000,7583.72000,-40.44000,4.06000
122.95000,drogue,-10.32000,31788.00000,7580.96000,-40.01000,4.06000
123.05000,drogue,-9.81000,31810.00000,7576.28000,-39.55000,4.06000
123.06000,drogue,-9.81000,31810.00000,7576.28000,-39.55000,4.06000
123.15000,drogue,-11.36000,31830.00000,7572.02000,-39.07000,4.06000
123.22000,drogue,-11.36000,31830.00000,7572.02000,-39.07000,4.06000
123.25000,drogue,-9.29000,31845.00000,7568.84000,-38.62000,4.06000
123.35000,drogue,-9.81000,31880.00000,7561.40000,-38.21000,4.06000
123.45000,drogue,-8.77000,31915.00000,7553.97000,-37.84000,4.06000
123.54000,drogue,-8.77000,31915.00000,7553.97000,-37.84000,4.05000
123.55000,drogue,-10.32000,31918.00000,7553.34000,-37.49000,4.05000
123.65000,drogue,-10.32000,31954.00000,7545.70000,-37.24000,4.05000
123.75000,drogue,-9.81000,31946.00000,7547.40000,-37.04000,4.05000
123.85000,drogue,-9.29000,31947.00000,7547.19000,-36.91000,4.05000
123.86000,drogue,-9.29000,31947.00000,7547.19000,-36.91000,4.07000
123.95000,drogue,-7.74000,31978.00000,7540.62000,-36.82000,4.07000
124.05000,drogue,-9.81000,31982.00000,7539.77000,-36.79000,4.07000
124.06000,drogue,-9.81000,31982.00000,7539.77000,-36.79000,4.07000
124.15000,drogue,-9.29000,32011.00000,7533.63000,-36.82000,4.07000
124.18000,drogue,-9.29000,32011.00000,7533.63000,-36.82000,4.06000
124.25000,drogue,-11.36000,32039.00000,7527.71000,-36.91000,4.06000
124.35000,drogue,-8.77000,32000.00000,7535.96000,-36.99000,4.06000
124.45000,drogue,-9.81000,32043.00000,7526.86000,-37.07000,4.06000
124.50000,drogue,-9.81000,32043.00000,7526.86000,-37.07000,4.06000
124.55000,drogue,-11.36000,32086.00000,7517.78000,-37.17000,4.06000
124.65000,drogue,-8.26000,32095.00000,7515.88000,-37.31000,4.06000
124.75000,drogue,-9.29000,32116.00000,7511.44000,-37.49000,4.06000
124.82000,drogue,-9.29000,32116.00000,7511.44000,-37.49000,4.06000
124.85000,drogue,-8.77000,32126.00000,7509.33000,-37.73000,4.06000
124.95000,drogue,-7.23000,32136.00000,7507.22000,-37.89000,4.06000
125.05000,drogue,-10.32000,32139.00000,7506.59000,-38.08000,4.06000
125.07000,drogue,-10.32000,32139.00000,7506.59000,-38.08000,4.06000
125.14000,drogue,-10.32000,32139.00000,7506.59000,-38.08000,4.06000
125.15000,drogue,-9.81000,32160.00000,7502.16000,-38.22000,4.06000
125.25000,drogue,-9.29000,32194.00000,7495.00000,-38.25000,4.06000
125.35000,drogue,-8.77000,32210.00000,7491.63000,-38.26000,4.06000
125.45000,drogue,-8.26000,32234.00000,7486.58000,-38.20000,4.06000
125.46000,drogue,-8.26000,32234.00000,7486.58000,-38.20000,4.06000
125.55000,drogue,-7.23000,32257.00000,7481.74000,-38.11000,4.06000
125.65000,drogue,-10.32000,32328.00000,7466.82000,-38.08000,4.06000
125.75000,drogue,-9.81000,32328.00000,7466.82000,-37.98000,4.06000
125.78000,drogue,-9.81000,32328.00000,7466.82000,-37.98000,4.06000
125.85000,drogue,-9.29000,32330.00000,7466.40000,-37.87000,4.06000
125.95000,drogue,-9.29000,32344.00000,7463.46000,-37.83000,4.06000
126.05000,drogue,-9.81000,32341.00000,7464.09000,-37.76000,4.06000
126.10000,drogue,-9.81000,32341.00000,7464.09000,-37.76000,4.06000
126.15000,drogue,-10.32000,32362.00000,7459.68000,-37.70000,4.06000
126.25000,drogue,-8.77000,32374.00000,7457.17000,-37.67000,4.06000
126.35000,drogue,-9.81000,32364.00000,7459.26000,-37.61000,4.06000
126.42000,drogue,-9.81000,32364.00000,7459.26000,-37.61000,4.05000
126.45000,drogue,-10.32000,32413.00000,7448.99000,-37.62000,4.05000
126.55000,drogue,-10.84000,32431.00000,7445.22000,-37.69000,4.05000
126.65000,drogue,-9.29000,32479.00000,7435.18000,-37.82000,4.05000
126.74000,drogue,-9.29000,32479.00000,7435.18000,-37.82000,4.06000
126.75000,drogue,-9.29000,32471.00000,7436.85000,-37.98000,4.06000
126.85000,drogue,-9.81000,32512.00000,7428.28000,-38.18000,4.06000
126.95000,drogue,-11.87000,32476.00000,7435.81000,-38.36000,4.06000
127.05000,drogue,-9.29000,32540.00000,7422.43000,-38.55000,4.06000
127.06000,drogue,-9.29000,32540.00000,7422.43000,-38.55000,4.06000
127.15000,drogue,-9.81000,32538.00000,7422.85000,-38.78000,4.06000
127.25000,drogue,-8.77000,32519.00000,7426.82000,-38.92000,4.06000
127.35000,drogue,-9.29000,32550.00000,7420.34000,-39.06000,4.06000
127.38000,drogue,-9.29000,32550.00000,7420.34000,-39.06000,4.05000
127.45000,drogue,-9.81000,32562.00000,7417.84000,-39.22000,4.05000
127.55000,drogue,-9.29000,32621.00000,7405.53000,-39.36000,4.05000
127.65000,drogue,-9.81000,32697.00000,7389.71000,-39.54000,4.05000
127.70000,drogue,-9.81000,32697.00000,7389.71000,-39.54000,4.07000
127.75000,drogue,-10.32000,32690.00000,7391.16000,-39.68000,4.07000
127.85000,drogue,-8.77000,32706.00000,7387.84000,-39.76000,4.07000
127.95000,drogue,-10.84000,32734.00000,7382.01000,-39.82000,4.07000
128.02000,drogue,-10.84000,32734.00000,7382.01000,-39.82000,4.05000
128.05000,drogue,-9.81000,32720.00000,7384.92000,-39.84000,4.05000
128.06000,drogue,-9.81000,32720.00000,7384.92000,-39.84000,4.05000
128.15000,drogue,-9.29000,32710.00000,7387.00000,-39.86000,4.05000
128.25000,drogue,-10.32000,32725.00000,7383.89000,-39.85000,4.05000
128.34000,drogue,-10.32000,32725.00000,7383.89000,-39.85000,4.05000
128.35000,drogue,-9.81000,32756.00000,7377.44000,-39.79000,4.05000
128.45000,drogue,-8.26000,32768.00000,7374.95000,-39.69000,4.05000
128.55000,drogue,-8.26000,32793.00000,7369.76000,-39.63000,4.05000
128.65000,drogue,-9.29000,32846.00000,7358.77000,-39.56000,4.05000
128.66000,drogue,-9.29000,32846.00000,7358.77000,-39.56000,4.06000
128.75000,drogue,-8.26000,32866.00000,7354.63000,-39.45000,4.06000
128.85000,drogue,-9.81000,32899.00000,7347.79000,-39.35000,4.06000
128.95000,drogue,-8.77000,32886.00000,7350.48000,-39.19000,4.06000
128.98000,drogue,-8.77000,32886.00000,7350.48000,-39.19000,4.05000
129.05000,drogue,-9.29000,32910.00000,7345.52000,-39.11000,4.05000
129.06000,drogue,-9.29000,32910.00000,7345.52000,-39.11000,4.05000
129.15000,drogue,-9.81000,32940.00000,7339.31000,-38.96000,4.05000
129.25000,drogue,-9.81000,32886.00000,7350.48000,-38.76000,4.05000
129.30000,drogue,-9.81000,32886.00000,7350.48000,-38.76000,4.06000
129.35000,drogue,-8.77000,32946.00000,7338.07000,-38.61000,4.06000
129.45000,drogue,-9.29000,32991.00000,7328.77000,-38.43000,4.06000
129.55000,drogue,-11.87000,33012.00000,7324.44000,-38.29000,4.06000
129.62000,drogue,-11.87000,33012.00000,7324.44000,-38.29000,4.08000
129.65000,drogue,-10.32000,33049.00000,7316.80000,-38.22000,4.08000
129.75000,drogue,-10.32000,33075.00000,7311.44000,-38.11000,4.08000
129.85000,drogue,-8.77000,33074.00000,7311.65000,-38.08000,4.08000
129.94000,drogue,-8.77000,33074.00000,7311.65000,-38.08000,4.06000
129.95000,drogue,-9.81000,33091.00000,7308.15000,-38.04000,4.06000
130.05000,drogue,-8.77000,33099.00000,7306.50000,-38.03000,4.06000
130.15000,drogue,-10.32000,33114.00000,7303.41000,-38.05000,4.06000
130.25000,drogue,-11.36000,33120.00000,7302.17000,-38.17000,4.06000
130.26000,drogue,-11.36000,33120.00000,7302.17000,-38.17000,4.06000
130.35000,drogue,-8.77000,33127.00000,7300.73000,-38.38000,4.06000
130.45000,drogue,-10.84000,33103.00000,7305.68000,-38.63000,4.06000
130.55000,drogue,-8.77000,33180.00000,7289.83000,-38.92000,4.06000
130.58000,drogue,-8.77000,33180.00000,7289.83000,-38.92000,4.06000
130.65000,drogue,-8.77000,33189.00000,7287.98000,-39.25000,4.06000
130.75000,drogue,-9.81000,33219.00000,7281.82000,-39.58000,4.06000
130.85000,drogue,-8.77000,33255.00000,7274.43000,-39.85000,4.06000
130.90000,drogue,-8.77000,33255.00000,7274.43000,-39.85000,4.08000
130.95000,drogue,-8.77000,33279.00000,7269.51000,-40.08000,4.08000
131.05000,drogue,-10.84000,33307.00000,7263.77000,-40.28000,4.08000
131.06000,drogue,-10.84000,33307.00000,7263.77000,-40.28000,4.08000
131.15000,drogue,-10.32000,33291.00000,7267.05000,-40.44000,4.08000
131.22000,drogue,-10.32000,33291.00000,7267.05000,-40.44000,4.06000
131.25000,drogue,-9.81000,33312.00000,7262.74000,-40.45000,4.06000
131.35000,drogue,-9.81000,33335.00000,7258.03000,-40.48000,4.06000
131.45000,drogue,-9.29000,33338.00000,7257.42000,-40.49000,4.06000
131.54000,drogue,-9.29000,33338.00000,7257.42000,-40.49000,4.05000
131.55000,drogue,-9.81000,33347.00000,7255.57000,-40.45000,4.05000
131.65000,drogue,-8.77000,33389.00000,7246.98000,-40.41000,4.05000
131.75000,drogue,-11.36000,33417.00000,7241.26000,-40.28000,4.05000
131.85000,drogue,-9.81000,33487.00000,7226.96000,-40.05000,4.05000
131.86000,drogue,-9.81000,33487.00000,7226.96000,-40.05000,4.05000
131.95000,drogue,-9.29000,33467.00000,7231.04000,-39.78000,4.05000
132.05000,drogue,-11.36000,33499.00000,7224.51000,-39.47000,4.05000
132.06000,drogue,-11.36000,33499.00000,7224.51000,-39.47000,4.05000
132.15000,drogue,-10.32000,33521.00000,7220.03000,-39.14000,4.05000
132.18000,drogue,-10.32000,33521.00000,7220.03000,-39.14000,4.05000
132.25000,drogue,-8.26000,33557.00000,7212.69000,-38.79000,4.05000
132.35000,drogue,-9.29000,33563.00000,7211.47000,-38.49000,4.05000
132.45000,drogue,-10.32000,33574.00000,7209.23000,-38.14000,4.05000
132.50000,drogue,-10.32000,33574.00000,7209.23000,-38.14000,4.06000
132.55000,drogue,-9.81000,33577.00000,7208.62000,-37.90000,4.06000
132.65000,drogue,-9.81000,33578.00000,7208.41000,-37.73000,4.06000
132.75000,drogue,-8.77000,33595.00000,7204.95000,-37.61000,4.06000
132.82000,drogue,-8.77000,33595.00000,7204.95000,-37.61000,4.05000
132.85000,drogue,-11.36000,33585.00000,7206.99000,-37.53000,4.05000
132.95000,drogue,-10.32000,33637.00000,7196.41000,-37.54000,4.05000
133.05000,drogue,-11.87000,33663.00000,7191.13000,-37.59000,4.05000
133.06000,drogue,-11.87000,33663.00000,7191.13000,-37.59000,4.05000
133.14000,drogue,-11.87000,33663.00000,7191.13000,-37.59000,4.05000
133.15000,drogue,-11.36000,33673.00000,7189.10000,-37.62000,4.05000
133.25000,drogue,-9.29000,33687.00000,7186.25000,-37.66000,4.05000
133.35000,drogue,-8.77000,33727.00000,7178.13000,-37.73000,4.05000
133.45000,drogue,-8.77000,33751.00000,7173.27000,-37.84000,4.05000
133.46000,drogue,-8.77000,33751.00000,7173.27000,-37.84000,4.05000
133.55000,drogue,-9.81000,33785.00000,7166.38000,-37.94000,4.05000
133.65000,drogue,-8.77000,33834.00000,7156.46000,-38.09000,4.05000
133.75000,drogue,-10.32000,33802.00000,7162.93000,-38.26000,4.05000
133.78000,drogue,-10.32000,33802.00000,7162.93000,-38.26000,4.06000
133.85000,drogue,-10.32000,33801.00000,7163.14000,-38.47000,4.06000
133.95000,drogue,-7.23000,33826.00000,7158.08000,-38.63000,4.06000
134.05000,drogue,-7.74000,33832.00000,7156.86000,-38.78000,4.06000
134.06000,drogue,-7.74000,33832.00000,7156.86000,-38.78000,4.06000
134.10000,drogue,-7.74000,33832.00000,7156.86000,-38.78000,4.06000
134.15000,drogue,-9.81000,33857.00000,7151.80000,-38.92000,4.06000
134.25000,drogue,-8.26000,33868.00000,7149.58000,-39.08000,4.06000
134.35000,drogue,-8.26000,33919.00000,7139.28000,-39.21000,4.06000
134.42000,drogue,-8.26000,33919.00000,7139.28000,-39.21000,4.05000
134.45000,drogue,-8.77000,33913.00000,7140.49000,-39.30000,4.05000
134.55000,drogue,-7.23000,33936.00000,7135.84000,-39.36000,4.05000
134.65000,drogue,-7.74000,33992.00000,7124.55000,-39.38000,4.05000
134.74000,drogue,-7.74000,33992.00000,7124.55000,-39.38000,4.06000
134.75000,drogue,-9.29000,34005.00000,7121.93000,-39.37000,4.06000
134.85000,drogue,-8.77000,34008.00000,7121.32000,-39.36000,4.06000
134.95000,drogue,-8.77000,34062.00000,7110.45000,-39.38000,4.06000
135.05000,drogue,-9.81000,34068.00000,7109.24000,-39.40000,4.06000
135.06000,drogue,-9.81000,34068.00000,7109.24000,-39.40000,4.05000
135.15000,drogue,-9.81000,34076.00000,7107.63000,-39.36000,4.05000
135.25000,drogue,-10.32000,34060.00000,7110.85000,-39.34000,4.05000
135.35000,drogue,-8.26000,34079.00000,7107.03000,-39.29000,4.05000
135.38000,drogue,-8.26000,34079.00000,7107.03000,-39.29000,4.06000
135.45000,drogue,-9.29000,34130.00000,7096.78000,-39.21000,4.06000
135.55000,drogue,-10.32000,34132.00000,7096.37000,-39.08000,4.06000
135.65000,drogue,-8.77000,34165.00000,7089.75000,-38.90000,4.06000
135.70000,drogue,-8.77000,34165.00000,7089.75000,-38.90000,4.06000
135.75000,drogue,-10.32000,34191.00000,7084.53000,-38.64000,4.06000
135.85000,drogue,-8.77000,34204.00000,7081.92000,-38.34000,4.06000
135.95000,drogue,-8.26000,34246.00000,7073.50000,-38.09000,4.06000
136.02000,drogue,-8.26000,34246.00000,7073.50000,-38.09000,4.06000
136.05000,drogue,-8.77000,34245.00000,7073.70000,-37.84000,4.06000
136.15000,drogue,-7.74000,34275.00000,7067.69000,-37.61000,4.06000
136.25000,drogue,-9.81000,34304.00000,7061.89000,-37.37000,4.06000
136.34000,drogue,-9.81000,34304.00000,7061.89000,-37.37000,4.06000
136.35000,drogue,-9.81000,34323.00000,7058.09000,-37.19000,4.06000
136.45000,drogue,-8.77000,34317.00000,7059.29000,-36.98000,4.06000
136.55000,drogue,-10.32000,34336.00000,7055.49000,-36.80000,4.06000
136.65000,drogue,-7.23000,34341.00000,7054.49000,-36.65000,4.06000
136.66000,drogue,-7.23000,34341.00000,7054.49000,-36.65000,4.05000
136.75000,drogue,-9.29000,34345.00000,7053.69000,-36.50000,4.05000
136.85000,drogue,-9.29000,34397.00000,7043.30000,-36.38000,4.05000
136.95000,drogue,-8.77000,34421.00000,7038.51000,-36.29000,4.05000
136.98000,drogue,-8.77000,34421.00000,7038.51000,-36.29000,4.06000
137.05000,drogue,-8.26000,34439.00000,7034.92000,-36.26000,4.06000
137.15000,drogue,-10.32000,34442.00000,7034.32000,-36.27000,4.06000
137.25000,drogue,-8.77000,34491.00000,7024.56000,-36.26000,4.06000
137.30000,drogue,-8.77000,34491.00000,7024.56000,-36.26000,4.06000
137.35000,drogue,-10.32000,34485.00000,7025.75000,-36.28000,4.06000
137.45000,drogue,-10.32000,34502.00000,7022.36000,-36.37000,4.06000
137.55000,drogue,-8.26000,34494.00000,7023.96000,-36.45000,4.06000
137.62000,drogue,-8.26000,34494.00000,7023.96000,-36.45000,4.06000
137.65000,drogue,-9.81000,34496.00000,7023.56000,-36.51000,4.06000
137.75000,drogue,-10.32000,34534.00000,7015.99000,-36.55000,4.06000
137.85000,drogue,-9.81000,34564.00000,7010.03000,-36.56000,4.06000
137.94000,drogue,-9.81000,34564.00000,7010.03000,-36.56000,4.06000
137.95000,drogue,-11.36000,34618.00000,6999.29000,-36.58000,4.06000
138.04000,drogue,-11.36000,34618.00000,6999.29000,-36.58000,4.06000
138.05000,drogue,-11.87000,34642.00000,6994.53000,-36.53000,4.06000
138.15000,drogue,-9.29000,34643.00000,6994.33000,-36.45000,4.06000
138.25000,drogue,-8.77000,34646.00000,6993.73000,-36.39000,4.06000
138.26000,drogue,-8.77000,34646.00000,6993.73000,-36.39000,4.04000
138.35000,drogue,-11.36000,34677.00000,6987.58000,-36.34000,4.04000
138.45000,drogue,-8.26000,34675.00000,6987.98000,-36.23000,4.04000
138.55000,drogue,-9.29000,34696.00000,6983.82000,-36.14000,4.04000
138.58000,drogue,-9.29000,34696.00000,6983.82000,-36.14000,4.05000
138.65000,drogue,-9.81000,34696.00000,6983.82000,-36.02000,4.05000
138.75000,drogue,-10.32000,34723.00000,6978.46000,-35.92000,4.05000
138.85000,drogue,-8.26000,34771.00000,6968.96000,-35.83000,4.05000
138.90000,drogue,-8.26000,34771.00000,6968.96000,-35.83000,4.06000
138.95000,drogue,-9.81000,34765.00000,6970.15000,-35.80000,4.06000
139.05000,drogue,-10.84000,34828.00000,6957.69000,-35.71000,4.06000
139.15000,drogue,-11.87000,34854.00000,6952.55000,-35.61000,4.06000
139.22000,drogue,-11.87000,34854.00000,6952.55000,-35.61000,4.06000
139.25000,drogue,-8.77000,34849.00000,6953.54000,-35.58000,4.06000
139.35000,drogue,-9.29000,34852.00000,6952.94000,-35.52000,4.06000
139.45000,drogue,-9.29000,34867.00000,6949.98000,-35.49000,4.06000
139.54000,drogue,-9.29000,34867.00000,6949.98000,-35.49000,4.06000
139.55000,drogue,-9.29000,34878.00000,6947.81000,-35.40000,4.06000
139.65000,drogue,-8.77000,34873.00000,6948.80000,-35.40000,4.06000
139.75000,drogue,-10.84000,34878.00000,6947.81000,-35.47000,4.06000
139.85000,drogue,-10.32000,34915.00000,6940.51000,-35.61000,4.06000
139.86000,drogue,-10.32000,34915.00000,6940.51000,-35.61000,4.05000
139.95000,drogue,-8.77000,34947.00000,6934.20000,-35.78000,4.05000
140.05000,drogue,-7.74000,34952.00000,6933.21000,-35.98000,4.05000
140.15000,drogue,-10.32000,34978.00000,6928.09000,-36.12000,4.05000
140.18000,drogue,-10.32000,34978.00000,6928.09000,-36.12000,4.05000
140.25000,drogue,-9.81000,35030.00000,6917.85000,-36.28000,4.05000
140.35000,drogue,-9.81000,35066.00000,6910.78000,-36.41000,4.05000
140.45000,drogue,-13.42000,35068.00000,6910.38000,-36.49000,4.05000
140.50000,drogue,-13.42000,35068.00000,6910.38000,-36.49000,4.06000
140.55000,drogue,-7.23000,35093.00000,6905.47000,-36.57000,4.06000
140.65000,drogue,-9.29000,35083.00000,6907.44000,-36.62000,4.06000
140.75000,drogue,-10.32000,35113.00000,6901.54000,-36.67000,4.06000
140.82000,drogue,-10.32000,35113.00000,6901.54000,-36.67000,4.05000
140.85000,drogue,-10.32000,35104.00000,6903.31000,-36.75000,4.05000
140.95000,drogue,-8.77000,35148.00000,6894.67000,-36.77000,4.05000
141.04000,drogue,-8.77000,35148.00000,6894.67000,-36.77000,4.05000
141.05000,drogue,-11.36000,35122.00000,6899.78000,-36.82000,4.05000
141.14000,drogue,-11.36000,35122.00000,6899.78000,-36.82000,4.05000
141.15000,drogue,-6.19000,35141.00000,6896.05000,-36.87000,4.05000
141.25000,drogue,-11.87000,35189.00000,6886.63000,-36.87000,4.05000
141.35000,drogue,-8.77000,35206.00000,6883.30000,-36.84000,4.05000
141.45000,drogue,-10.32000,35228.00000,6878.99000,-36.80000,4.05000
141.46000,drogue,-10.32000,35228.00000,6878.99000,-36.80000,4.05000
141.55000,drogue,-10.84000,35217.00000,6881.15000,-36.75000,4.05000
141.65000,drogue,-10.84000,35302.00000,6864.51000,-36.68000,4.05000
141.75000,drogue,-7.23000,35325.00000,6860.02000,-36.64000,4.05000
141.78000,drogue,-7.23000,35325.00000,6860.02000,-36.64000,4.05000
141.85000,drogue,-9.81000,35363.00000,6852.60000,-36.61000,4.05000
141.95000,drogue,-10.32000,35340.00000,6857.09000,-36.67000,4.05000
142.05000,drogue,-10.32000,35379.00000,6849.47000,-36.76000,4.05000
142.06000,drogue,-10.32000,35379.00000,6849.47000,-36.76000,4.05000
142.10000,drogue,-10.32000,35379.00000,6849.47000,-36.76000,4.05000
142.15000,drogue,-8.26000,35355.00000,6854.16000,-36.85000,4.05000
142.25000,drogue,-8.26000,35394.00000,6846.55000,-37.04000,4.05000
142.35000,drogue,-7.23000,35373.00000,6850.64000,-37.23000,4.05000
142.42000,drogue,-7.23000,35373.00000,6850.64000,-37.23000,4.05000
142.45000,drogue,-9.81000,35379.00000,6849.47000,-37.41000,4.05000
142.55000,drogue,-9.81000,35417.00000,6842.06000,-37.56000,4.05000
142.65000,drogue,-9.81000,35441.00000,6837.38000,-37.67000,4.05000
142.74000,drogue,-9.81000,35441.00000,6837.38000,-37.67000,4.06000
142.75000,drogue,-11.36000,35466.00000,6832.51000,-37.78000,4.06000
142.85000,drogue,-11.87000,35504.00000,6825.11000,-37.86000,4.06000
142.95000,drogue,-8.77000,35519.00000,6822.20000,-37.90000,4.06000
143.05000,drogue,-9.29000,35543.00000,6817.53000,-37.88000,4.06000
143.06000,drogue,-9.29000,35543.00000,6817.53000,-37.88000,4.06000
143.15000,drogue,-10.32000,35580.00000,6810.34000,-37.81000,4.06000
143.25000,drogue,-9.29000,35585.00000,6809.37000,-37.76000,4.06000
143.35000,drogue,-9.29000,35604.00000,6805.68000,-37.65000,4.06000
143.38000,drogue,-9.29000,35604.00000,6805.68000,-37.65000,4.06000
143.45000,drogue,-8.77000,35612.00000,6804.12000,-37.52000,4.06000
143.55000,drogue,-10.32000,35627.00000,6801.21000,-37.35000,4.06000
143.65000,drogue,-9.81000,35639.00000,6798.88000,-37.22000,4.06000
143.70000,drogue,-9.81000,35639.00000,6798.88000,-37.22000,4.05000
143.75000,drogue,-9.29000,35683.00000,6790.35000,-37.04000,4.05000
143.85000,drogue,-9.81000,35672.00000,6792.49000,-36.93000,4.05000
143.95000,drogue,-8.26000,35738.00000,6779.70000,-36.74000,4.05000
144.02000,drogue,-8.26000,35738.00000,6779.70000,-36.74000,4.06000
144.05000,drogue,-9.29000,35768.00000,6773.90000,-36.65000,4.06000
144.15000,drogue,-8.77000,35761.00000,6775.25000,-36.58000,4.06000
144.25000,drogue,-10.32000,35812.00000,6765.39000,-36.59000,4.06000
144.34000,drogue,-10.32000,35812.00000,6765.39000,-36.59000,4.05000
144.35000,drogue,-9.81000,35806.00000,6766.55000,-36.60000,4.05000
144.45000,drogue,-9.29000,35816.00000,6764.62000,-36.71000,4.05000
144.55000,drogue,-8.77000,35807.00000,6766.36000,-36.90000,4.05000
144.65000,drogue,-9.81000,35831.00000,6761.72000,-37.15000,4.05000
144.66000,drogue,-9.81000,35831.00000,6761.72000,-37.15000,4.06000
144.75000,drogue,-9.81000,35841.00000,6759.79000,-37.43000,4.06000
144.85000,drogue,-10.32000,35868.00000,6754.57000,-37.78000,4.06000
144.95000,drogue,-9.81000,35861.00000,6755.93000,-38.08000,4.06000
144.98000,drogue,-9.81000,35861.00000,6755.93000,-38.08000,4.06000
145.05000,drogue,-8.26000,35900.00000,6748.40000,-38.42000,4.06000
145.06000,drogue,-8.26000,35900.00000,6748.40000,-38.42000,4.06000
145.15000,drogue,-7.74000,35905.00000,6747.44000,-38.77000,4.06000
145.25000,drogue,-8.77000,35954.00000,6737.99000,-39.00000,4.06000
145.30000,drogue,-8.77000,35954.00000,6737.99000,-39.00000,4.05000
145.35000,drogue,-7.23000,35959.00000,6737.03000,-39.19000,4.05000
145.45000,drogue,-10.84000,36012.00000,6726.83000,-39.25000,4.05000
145.55000,drogue,-8.26000,36043.00000,6720.87000,-39.16000,4.05000
145.62000,drogue,-8.26000,36043.00000,6720.87000,-39.16000,4.06000
145.65000,drogue,-9.29000,36050.00000,6719.52000,-39.00000,4.06000
145.75000,drogue,-11.36000,36058.00000,6717.98000,-38.80000,4.06000
145.85000,drogue,-9.81000,36123.00000,6705.50000,-38.52000,4.06000
145.94000,drogue,-9.81000,36123.00000,6705.50000,-38.52000,4.06000
145.95000,drogue,-9.81000,36113.00000,6707.42000,-38.26000,4.06000
146.05000,drogue,-10.32000,36160.00000,6698.41000,-37.96000,4.06000
146.15000,drogue,-8.77000,36182.00000,6694.19000,-37.60000,4.06000
146.25000,drogue,-8.26000,36186.00000,6693.42000,-37.26000,4.06000
146.26000,drogue,-8.26000,36186.00000,6693.42000,-37.26000,4.05000
146.35000,drogue,-10.32000,36174.00000,6695.72000,-36.87000,4.05000
146.45000,drogue,-9.81000,36220.00000,6686.91000,-36.48000,4.05000
146.55000,drogue,-8.77000,36216.00000,6687.68000,-36.11000,4.05000
146.58000,drogue,-8.77000,36216.00000,6687.68000,-36.11000,4.05000
146.65000,drogue,-9.81000,36237.00000,6683.66000,-35.80000,4.05000
146.75000,drogue,-10.84000,36244.00000,6682.32000,-35.56000,4.05000
146.85000,drogue,-9.29000,36284.00000,6674.66000,-35.42000,4.05000
146.90000,drogue,-9.29000,36284.00000,6674.66000,-35.42000,4.07000
146.95000,drogue,-7.74000,36278.00000,6675.81000,-35.35000,4.07000
147.05000,drogue,-12.39000,36344.00000,6663.20000,-35.38000,4.07000
147.15000,drogue,-10.32000,36364.00000,6659.38000,-35.45000,4.07000
147.22000,drogue,-10.32000,36364.00000,6659.38000,-35.45000,4.06000
147.25000,drogue,-11.36000,36340.00000,6663.96000,-35.66000,4.06000
147.35000,drogue,-9.29000,36370.00000,6658.24000,-35.92000,4.06000
147.45000,drogue,-11.36000,36354.00000,6661.29000,-36.22000,4.06000
147.54000,drogue,-11.36000,36354.00000,6661.29000,-36.22000,4.05000
147.55000,drogue,-10.32000,36336.00000,6664.73000,-36.53000,4.05000
147.65000,drogue,-9.29000,36394.00000,6653.66000,-36.81000,4.05000
147.75000,drogue,-9.29000,36435.00000,6645.84000,-37.07000,4.05000
147.85000,drogue,-9.29000,36484.00000,6636.51000,-37.36000,4.05000
147.86000,drogue,-9.29000,36484.00000,6636.51000,-37.36000,4.05000
147.95000,drogue,-10.32000,36523.00000,6629.09000,-37.58000,4.05000
148.05000,drogue,-9.29000,36544.00000,6625.10000,-37.81000,4.05000
148.06000,drogue,-9.29000,36544.00000,6625.10000,-37.81000,4.05000
148.15000,drogue,-9.81000,36550.00000,6623.96000,-38.01000,4.05000
148.18000,drogue,-9.81000,36550.00000,6623.96000,-38.01000,4.05000
148.25000,drogue,-8.77000,36560.00000,6622.05000,-38.17000,4.05000
148.35000,drogue,-9.29000,36553.00000,6623.38000,-38.31000,4.05000
148.45000,drogue,-9.81000,36567.00000,6620.72000,-38.41000,4.05000
148.50000,drogue,-9.81000,36567.00000,6620.72000,-38.41000,4.05000
148.55000,drogue,-10.32000,36585.00000,6617.31000,-38.44000,4.05000
148.65000,drogue,-10.84000,36599.00000,6614.65000,-38.46000,4.05000
148.75000,drogue,-8.77000,36637.00000,6607.43000,-38.43000,4.05000
148.82000,drogue,-8.77000,36637.00000,6607.43000,-38.43000,4.05000
148.85000,drogue,-9.81000,36665.00000,6602.12000,-38.39000,4.05000
148.95000,drogue,-9.81000,36699.00000,6595.68000,-38.25000,4.05000
149.04000,drogue,-9.81000,36699.00000,6595.68000,-38.25000,4.05000
149.05000,drogue,-8.77000,36711.00000,6593.41000,-38.12000,4.05000
149.14000,drogue,-8.77000,36711.00000,6593.41000,-38.12000,4.06000
149.15000,drogue,-9.81000,36730.00000,6589.81000,-37.96000,4.06000
149.25000,drogue,-10.32000,36771.00000,6582.05000,-37.71000,4.06000
149.35000,drogue,-8.77000,36809.00000,6574.87000,-37.48000,4.06000
149.45000,drogue,-9.29000,36791.00000,6578.27000,-37.22000,4.06000
149.46000,drogue,-9.29000,36791.00000,6578.27000,-37.22000,4.06000
149.55000,drogue,-9.81000,36793.00000,6577.89000,-36.98000,4.06000
149.65000,drogue,-8.26000,36812.00000,6574.30000,-36.78000,4.06000
149.75000,drogue,-9.29000,36830.00000,6570.90000,-36.62000,4.06000
149.78000,drogue,-9.29000,36830.00000,6570.90000,-36.62000,4.05000
149.85000,drogue,-10.32000,36868.00000,6563.72000,-36.47000,4.05000
149.95000,drogue,-8.77000,36877.00000,6562.03000,-36.35000,4.05000
150.05000,drogue,-9.81000,36914.00000,6555.05000,-36.25000,4.05000
150.10000,drogue,-9.81000,36914.00000,6555.05000,-36.25000,4.05000
150.15000,drogue,-9.81000,36945.00000,6549.20000,-36.15000,4.05000
150.25000,drogue,-8.26000,36968.00000,6544.87000,-36.10000,4.05000
150.35000,drogue,-8.26000,37007.00000,6537.53000,-36.10000,4.05000
150.42000,drogue,-8.26000,37007.00000,6537.53000,-36.10000,4.05000
150.45000,drogue,-10.32000,36982.00000,6542.23000,-36.14000,4.05000
150.55000,drogue,-9.81000,36987.00000,6541.29000,-36.23000,4.05000
150.65000,drogue,-10.84000,37020.00000,6535.08000,-36.39000,4.05000
150.74000,drogue,-10.84000,37020.00000,6535.08000,-36.39000,4.06000
150.75000,drogue,-9.81000,37028.00000,6533.58000,-36.64000,4.06000
150.85000,drogue,-7.23000,37042.00000,6530.95000,-36.93000,4.06000
150.95000,drogue,-8.26000,37037.00000,6531.89000,-37.27000,4.06000
151.05000,drogue,-9.29000,37057.00000,6528.13000,-37.59000,4.06000
151.06000,drogue,-9.29000,37057.00000,6528.13000,-37.59000,4.06000
151.15000,drogue,-9.81000,37108.00000,6518.54000,-37.90000,4.06000
151.25000,drogue,-7.23000,37119.00000,6516.48000,-38.21000,4.06000
151.35000,drogue,-8.77000,37156.00000,6509.54000,-38.52000,4.06000
151.38000,drogue,-8.77000,37156.00000,6509.54000,-38.52000,4.08000
151.45000,drogue,-11.87000,37197.00000,6501.85000,-38.79000,4.08000
151.55000,drogue,-10.32000,37235.00000,6494.73000,-38.97000,4.08000
151.65000,drogue,-8.26000,37224.00000,6496.79000,-39.09000,4.08000
151.70000,drogue,-8.26000,37224.00000,6496.79000,-39.09000,4.08000
151.75000,drogue,-7.74000,37244.00000,6493.05000,-39.20000,4.08000
151.85000,drogue,-9.81000,37241.00000,6493.61000,-39.28000,4.08000
151.95000,drogue,-10.32000,37269.00000,6488.37000,-39.27000,4.08000
152.02000,drogue,-10.32000,37269.00000,6488.37000,-39.27000,4.06000
152.05000,drogue,-9.81000,37304.00000,6481.82000,-39.18000,4.06000
152.15000,drogue,-8.77000,37314.00000,6479.95000,-38.99000,4.06000
152.25000,drogue,-9.29000,37361.00000,6471.17000,-38.71000,4.06000
152.34000,drogue,-9.29000,37361.00000,6471.17000,-38.71000,4.06000
152.35000,drogue,-9.81000,37396.00000,6464.64000,-38.34000,4.06000
152.45000,drogue,-8.77000,37385.00000,6466.69000,-37.88000,4.06000
152.55000,drogue,-10.32000,37407.00000,6462.59000,-37.34000,4.06000
152.65000,drogue,-7.74000,37434.00000,6457.55000,-36.84000,4.06000
152.66000,drogue,-7.74000,37434.00000,6457.55000,-36.84000,4.06000
152.75000,drogue,-10.32000,37473.00000,6450.29000,-36.32000,4.06000
152.85000,drogue,-8.26000,37481.00000,6448.80000,-35.81000,4.06000
152.95000,drogue,-9.81000,37506.00000,6444.14000,-35.28000,4.06000
152.98000,drogue,-9.81000,37506.00000,6444.14000,-35.28000,4.05000
153.05000,drogue,-9.81000,37506.00000,6444.14000,-34.81000,4.05000
153.06000,drogue,-9.81000,37506.00000,6444.14000,-34.81000,4.05000
153.15000,drogue,-9.81000,37518.00000,6441.91000,-34.44000,4.05000
153.25000,drogue,-10.32000,37537.00000,6438.37000,-34.08000,4.05000
153.30000,drogue,-10.32000,37537.00000,6438.37000,-34.08000,4.06000
153.35000,drogue,-12.90000,37575.00000,6431.31000,-33.82000,4.06000
153.45000,drogue,-8.77000,37616.00000,6423.69000,-33.61000,4.06000
153.55000,drogue,-9.29000,37600.00000,6426.66000,-33.46000,4.06000
153.62000,drogue,-9.29000,37600.00000,6426.66000,-33.46000,4.07000
153.65000,drogue,-8.77000,37603.00000,6426.10000,-33.35000,4.07000
153.75000,drogue,-9.29000,37663.00000,6414.97000,-33.37000,4.07000
153.85000,drogue,-9.29000,37670.00000,6413.67000,-33.42000,4.07000
153.94000,drogue,-9.29000,37670.00000,6413.67000,-33.42000,4.05000
153.95000,drogue,-8.77000,37677.00000,6412.37000,-33.57000,4.05000
154.05000,drogue,-10.32000,37667.00000,6414.22000,-33.83000,4.05000
154.06000,drogue,-10.32000,37667.00000,6414.22000,-33.83000,4.05000
154.15000,drogue,-10.84000,37666.00000,6414.41000,-34.11000,4.05000
154.25000,drogue,-10.32000,37688.00000,6410.33000,-34.50000,4.05000
154.26000,drogue,-10.32000,37688.00000,6410.33000,-34.50000,4.05000
154.35000,drogue,-8.26000,37694.00000,6409.22000,-34.90000,4.05000
154.45000,drogue,-9.81000,37748.00000,6399.21000,-35.26000,4.05000
154.55000,drogue,-10.32000,37751.00000,6398.66000,-35.59000,4.05000
154.58000,drogue,-10.32000,37751.00000,6398.66000,-35.59000,4.06000
154.65000,drogue,-10.32000,37824.00000,6385.15000,-35.91000,4.06000
154.75000,drogue,-9.81000,37831.00000,6383.86000,-36.22000,4.06000
154.85000,drogue,-10.32000,37864.00000,6377.76000,-36.47000,4.06000
154.90000,drogue,-10.32000,37864.00000,6377.76000,-36.47000,4.06000
154.95000,drogue,-10.32000,37852.00000,6379.98000,-36.71000,4.06000
155.05000,drogue,-9.81000,37885.00000,6373.88000,-36.91000,4.06000
155.06000,drogue,-9.81000,37885.00000,6373.88000,-36.91000,4.06000
155.15000,drogue,-10.32000,37913.00000,6368.71000,-37.09000,4.06000
155.22000,drogue,-10.32000,37913.00000,6368.71000,-37.09000,4.06000
155.25000,drogue,-10.32000,37905.00000,6370.19000,-37.23000,4.06000
155.35000,drogue,-11.87000,37935.00000,6364.65000,-37.36000,4.06000
155.45000,drogue,-10.32000,37941.00000,6363.55000,-37.43000,4.06000
155.54000,drogue,-10.32000,37941.00000,6363.55000,-37.43000,4.05000
155.55000,drogue,-8.77000,37949.00000,6362.07000,-37.45000,4.05000
155.65000,drogue,-9.29000,37991.00000,6354.33000,-37.38000,4.05000
155.75000,drogue,-9.81000,38060.00000,6341.63000,-37.32000,4.05000
155.85000,drogue,-11.36000,38041.00000,6345.13000,-37.22000,4.05000
155.86000,drogue,-11.36000,38041.00000,6345.13000,-37.22000,4.06000
155.95000,drogue,-8.26000,38077.00000,6338.50000,-37.06000,4.06000
156.04000,drogue,-8.26000,38077.00000,6338.50000,-37.06000,4.06000
156.05000,drogue,-9.81000,38106.00000,6333.17000,-36.87000,4.06000
156.15000,drogue,-7.23000,38095.00000,6335.19000,-36.65000,4.06000
156.18000,drogue,-7.23000,38095.00000,6335.19000,-36.65000,4.05000
156.25000,drogue,-8.26000,38150.00000,6325.09000,-36.48000,4.05000
156.35000,drogue,-9.81000,38142.00000,6326.56000,-36.29000,4.05000
156.45000,drogue,-10.84000,38140.00000,6326.93000,-36.21000,4.05000
156.50000,drogue,-10.84000,38140.00000,6326.93000,-36.21000,4.05000
156.55000,drogue,-8.77000,38142.00000,6326.56000,-36.07000,4.05000
156.65000,drogue,-10.32000,38173.00000,6320.87000,-36.02000,4.05000
156.75000,drogue,-10.32000,38201.00000,6315.73000,-35.97000,4.05000
156.82000,drogue,-10.32000,38201.00000,6315.73000,-35.97000,4.06000
156.85000,drogue,-9.81000,38232.00000,6310.05000,-35.93000,4.06000
156.95000,drogue,-9.81000,38274.00000,6302.36000,-35.93000,4.06000
157.05000,drogue,-8.26000,38312.00000,6295.40000,-35.98000,4.06000
157.14000,drogue,-8.26000,38312.00000,6295.40000,-35.98000,4.06000
157.15000,drogue,-9.81000,38340.00000,6290.28000,-36.11000,4.06000
157.25000,drogue,-8.77000,38348.00000,6288.82000,-36.24000,4.06000
157.35000,drogue,-7.74000,38361.00000,6286.44000,-36.42000,4.06000
157.45000,drogue,-9.29000,38345.00000,6289.37000,-36.68000,4.06000
157.46000,drogue,-9.29000,38345.00000,6289.37000,-36.68000,4.05000
157.55000,drogue,-9.29000,38377.00000,6283.52000,-36.99000,4.05000
157.65000,drogue,-11.87000,38361.00000,6286.44000,-37.35000,4.05000
157.75000,drogue,-9.29000,38390.00000,6281.14000,-37.81000,4.05000
157.78000,drogue,-9.29000,38390.00000,6281.14000,-37.81000,4.06000
157.85000,drogue,-10.32000,38415.00000,6276.58000,-38.21000,4.06000
157.95000,drogue,-9.81000,38424.00000,6274.93000,-38.66000,4.06000
158.05000,drogue,-10.84000,38456.00000,6269.09000,-39.10000,4.06000
158.10000,drogue,-10.84000,38456.00000,6269.09000,-39.10000,4.06000
158.15000,drogue,-9.81000,38479.00000,6264.90000,-39.47000,4.06000
158.25000,drogue,-8.77000,38523.00000,6256.88000,-39.83000,4.06000
158.35000,drogue,-8.77000,38539.00000,6253.97000,-40.09000,4.06000
158.42000,drogue,-8.77000,38539.00000,6253.97000,-40.09000,4.07000
158.45000,drogue,-9.29000,38600.00000,6242.87000,-40.26000,4.07000
158.55000,drogue,-10.84000,38570.00000,6248.32000,-40.33000,4.07000
158.65000,drogue,-9.81000,38612.00000,6240.69000,-40.35000,4.07000
158.74000,drogue,-9.81000,38612.00000,6240.69000,-40.35000,4.08000
158.75000,drogue,-9.81000,38635.00000,6236.50000,-40.28000,4.08000
158.85000,drogue,-10.32000,38647.00000,6234.32000,-40.15000,4.08000
158.95000,drogue,-9.81000,38697.00000,6225.25000,-39.93000,4.08000
159.05000,drogue,-8.26000,38714.00000,6222.16000,-39.64000,4.08000
159.06000,drogue,-8.26000,38714.00000,6222.16000,-39.64000,4.06000
159.15000,drogue,-11.36000,38745.00000,6216.54000,-39.24000,4.06000
159.25000,drogue,-6.71000,38745.00000,6216.54000,-38.75000,4.06000
159.35000,drogue,-8.77000,38760.00000,6213.82000,-38.10000,4.06000
159.38000,drogue,-8.77000,38760.00000,6213.82000,-38.10000,4.07000
159.45000,drogue,-8.77000,38812.00000,6204.40000,-37.39000,4.07000
159.55000,drogue,-8.77000,38833.00000,6200.60000,-36.63000,4.07000
159.65000,drogue,-7.74000,38830.00000,6201.14000,-35.84000,4.07000
159.70000,drogue,-7.74000,38830.00000,6201.14000,-35.84000,4.08000
159.75000,drogue,-9.29000,38872.00000,6193.54000,-35.07000,4.08000
159.85000,drogue,-11.36000,38872.00000,6193.54000,-34.33000,4.08000
159.95000,drogue,-9.81000,38913.00000,6186.13000,-33.69000,4.08000
160.02000,drogue,-9.81000,38913.00000,6186.13000,-33.69000,4.08000
160.05000,drogue,-7.23000,38924.00000,6184.15000,-33.17000,4.08000
160.15000,drogue,-8.77000,38931.00000,6182.88000,-32.73000,4.08000
160.25000,drogue,-9.29000,38942.00000,6180.89000,-32.38000,4.08000
160.34000,drogue,-9.29000,38942.00000,6180.89000,-32.38000,4.06000
160.35000,drogue,-9.29000,38952.00000,6179.09000,-32.10000,4.06000
160.45000,drogue,-8.77000,38968.00000,6176.20000,-31.95000,4.06000
160.55000,drogue,-10.32000,38984.00000,6173.31000,-31.84000,4.06000
160.65000,drogue,-9.81000,39009.00000,6168.81000,-31.85000,4.06000
160.66000,drogue,-9.81000,39009.00000,6168.81000,-31.85000,4.08000
160.75000,drogue,-7.23000,39033.00000,6164.48000,-31.96000,4.08000
160.85000,drogue,-9.29000,39066.00000,6158.53000,-32.17000,4.08000
160.95000,drogue,-13.42000,39078.00000,6156.37000,-32.52000,4.08000
160.98000,drogue,-13.42000,39078.00000,6156.37000,-32.52000,4.09000
161.05000,drogue,-11.36000,39101.00000,6152.23000,-32.93000,4.09000
161.15000,drogue,-10.84000,39095.00000,6153.31000,-33.41000,4.09000
161.25000,drogue,-9.81000,39120.00000,6148.81000,-33.94000,4.09000
161.30000,drogue,-9.81000,39120.00000,6148.81000,-33.94000,4.07000
161.35000,drogue,-10.32000,39078.00000,6156.37000,-34.53000,4.07000
161.45000,drogue,-10.84000,39121.00000,6148.63000,-35.18000,4.07000
161.55000,drogue,-8.26000,39123.00000,6148.27000,-35.92000,4.07000
161.62000,drogue,-8.26000,39123.00000,6148.27000,-35.92000,4.06000
161.65000,drogue,-10.32000,39169.00000,6140.00000,-36.61000,4.06000
161.75000,drogue,-9.81000,39186.00000,6136.95000,-37.28000,4.06000
161.85000,drogue,-10.32000,39217.00000,6131.38000,-37.84000,4.06000
161.94000,drogue,-10.32000,39217.00000,6131.38000,-37.84000,4.05000
161.95000,drogue,-9.29000,39290.00000,6118.29000,-38.37000,4.05000
162.05000,drogue,-9.29000,39339.00000,6109.51000,-38.84000,4.05000
162.15000,drogue,-9.81000,39328.00000,6111.48000,-39.26000,4.05000
162.25000,drogue,-7.74000,39322.00000,6112.55000,-39.58000,4.05000
162.26000,drogue,-7.74000,39322.00000,6112.55000,-39.58000,4.06000
162.35000,drogue,-9.29000,39337.00000,6109.86000,-39.78000,4.06000
162.45000,drogue,-10.84000,39342.00000,6108.97000,-39.85000,4.06000
162.55000,drogue,-9.81000,39371.00000,6103.78000,-39.88000,4.06000
162.58000,drogue,-9.81000,39371.00000,6103.78000,-39.88000,4.06000
162.65000,drogue,-9.29000,39397.00000,6099.12000,-39.81000,4.06000
162.75000,drogue,-11.36000,39415.00000,6095.91000,-39.56000,4.06000
162.85000,drogue,-11.87000,39453.00000,6089.11000,-39.24000,4.06000
162.90000,drogue,-11.87000,39453.00000,6089.11000,-39.24000,4.05000
162.95000,drogue,-9.81000,39497.00000,6081.26000,-38.84000,4.05000
163.05000,drogue,-8.77000,39510.00000,6078.94000,-38.43000,4.05000
163.15000,drogue,-9.29000,39530.00000,6075.37000,-37.97000,4.05000
163.22000,drogue,-9.29000,39530.00000,6075.37000,-37.97000,4.05000
163.25000,drogue,-8.77000,39562.00000,6069.66000,-37.49000,4.05000
163.35000,drogue,-9.29000,39593.00000,6064.14000,-36.99000,4.05000
163.45000,drogue,-9.29000,39611.00000,6060.93000,-36.53000,4.05000
163.54000,drogue,-9.29000,39611.00000,6060.93000,-36.53000,4.06000
163.55000,drogue,-10.84000,39686.00000,6047.58000,-36.11000,4.06000
163.65000,drogue,-9.29000,39662.00000,6051.85000,-35.82000,4.06000
163.75000,drogue,-10.84000,39645.00000,6054.88000,-35.55000,4.06000
163.85000,drogue,-8.26000,39627.00000,6058.08000,-35.33000,4.06000
163.86000,drogue,-8.26000,39627.00000,6058.08000,-35.33000,4.06000
163.95000,drogue,-10.84000,39654.00000,6053.28000,-35.18000,4.06000
164.05000,drogue,-9.81000,39705.00000,6044.21000,-35.10000,4.06000
164.15000,drogue,-8.26000,39757.00000,6034.97000,-35.04000,4.06000
164.18000,drogue,-8.26000,39757.00000,6034.97000,-35.04000,4.06000
164.25000,drogue,-10.84000,39754.00000,6035.50000,-35.01000,4.06000
164.35000,drogue,-8.77000,39755.00000,6035.32000,-35.04000,4.06000
164.45000,drogue,-12.39000,39749.00000,6036.39000,-35.12000,4.06000
164.50000,drogue,-12.39000,39749.00000,6036.39000,-35.12000,4.08000
164.55000,drogue,-8.26000,39821.00000,6023.61000,-35.24000,4.08000
164.65000,drogue,-9.29000,39823.00000,6023.26000,-35.43000,4.08000
164.75000,drogue,-10.32000,39770.00000,6032.66000,-35.59000,4.08000
164.82000,drogue,-10.32000,39770.00000,6032.66000,-35.59000,4.08000
164.85000,drogue,-8.77000,39824.00000,6023.08000,-35.75000,4.08000
164.95000,drogue,-10.32000,39867.00000,6015.46000,-35.87000,4.08000
165.05000,drogue,-9.81000,39938.00000,6002.89000,-35.93000,4.08000
165.06000,drogue,-9.81000,39938.00000,6002.89000,-35.93000,4.08000
165.14000,drogue,-9.81000,39938.00000,6002.89000,-35.93000,4.07000
165.15000,drogue,-8.26000,39960.00000,5999.00000,-35.93000,4.07000
165.25000,drogue,-9.29000,39969.00000,5997.41000,-35.91000,4.07000
165.35000,drogue,-8.26000,39999.00000,5992.10000,-35.85000,4.07000
165.45000,drogue,-9.29000,39991.00000,5993.52000,-35.76000,4.07000
165.46000,drogue,-9.29000,39991.00000,5993.52000,-35.76000,4.09000
165.55000,drogue,-8.26000,40022.00000,5988.04000,-35.66000,4.09000
165.65000,drogue,-8.77000,40064.00000,5980.63000,-35.49000,4.09000
165.75000,drogue,-9.81000,40048.00000,5983.45000,-35.24000,4.09000
165.78000,drogue,-9.81000,40048.00000,5983.45000,-35.24000,4.06000
165.85000,drogue,-9.29000,40047.00000,5983.63000,-35.00000,4.06000
165.95000,drogue,-10.32000,40047.00000,5983.63000,-34.76000,4.06000
166.04000,drogue,-10.32000,40047.00000,5983.63000,-34.76000,4.06000
166.05000,drogue,-10.32000,40080.00000,5977.80000,-34.56000,4.06000
166.10000,drogue,-10.32000,40080.00000,5977.80000,-34.56000,4.06000
166.15000,drogue,-10.32000,40131.00000,5968.81000,-34.39000,4.06000
166.25000,drogue,-9.29000,40152.00000,5965.11000,-34.21000,4.06000
166.35000,drogue,-7.23000,40189.00000,5958.60000,-34.03000,4.06000
166.42000,drogue,-7.23000,40189.00000,5958.60000,-34.03000,4.06000
166.45000,drogue,-8.26000,40208.00000,5955.25000,-33.87000,4.06000
166.55000,drogue,-9.81000,40226.00000,5952.09000,-33.78000,4.06000
166.65000,drogue,-9.81000,40257.00000,5946.64000,-33.74000,4.06000
166.74000,drogue,-9.81000,40257.00000,5946.64000,-33.74000,4.05000
166.75000,drogue,-11.87000,40242.00000,5949.27000,-33.70000,4.05000
166.85000,drogue,-8.77000,40254.00000,5947.16000,-33.76000,4.05000
166.95000,drogue,-10.84000,40239.00000,5949.80000,-33.92000,4.05000
167.05000,drogue,-10.32000,40273.00000,5943.83000,-34.15000,4.05000
167.06000,drogue,-10.32000,40273.00000,5943.83000,-34.15000,4.06000
167.15000,drogue,-11.36000,40289.00000,5941.01000,-34.36000,4.06000
167.25000,drogue,-10.32000,40338.00000,5932.41000,-34.55000,4.06000
167.35000,drogue,-9.81000,40365.00000,5927.67000,-34.77000,4.06000
167.38000,drogue,-9.81000,40365.00000,5927.67000,-34.77000,4.07000
167.45000,drogue,-8.26000,40400.00000,5921.54000,-34.91000,4.07000
167.55000,drogue,-8.77000,40408.00000,5920.14000,-35.07000,4.07000
167.65000,drogue,-10.84000,40441.00000,5914.36000,-35.22000,4.07000
167.70000,drogue,-10.84000,40441.00000,5914.36000,-35.22000,4.06000
167.75000,drogue,-10.32000,40428.00000,5916.63000,-35.34000,4.06000
167.85000,drogue,-9.29000,40478.00000,5907.88000,-35.43000,4.06000
167.95000,drogue,-10.84000,40465.00000,5910.15000,-35.48000,4.06000
168.02000,drogue,-10.84000,40465.00000,5910.15000,-35.48000,4.06000
168.05000,drogue,-10.84000,40476.00000,5908.23000,-35.55000,4.06000
168.15000,drogue,-10.32000,40502.00000,5903.68000,-35.62000,4.06000
168.25000,drogue,-9.29000,40516.00000,5901.23000,-35.70000,4.06000
168.34000,drogue,-9.29000,40516.00000,5901.23000,-35.70000,4.07000
168.35000,drogue,-7.74000,40541.00000,5896.86000,-35.77000,4.07000
168.45000,drogue,-10.32000,40576.00000,5890.75000,-35.81000,4.07000
168.55000,drogue,-10.32000,40587.00000,5888.82000,-35.82000,4.07000
168.65000,drogue,-9.29000,40640.00000,5879.57000,-35.82000,4.07000
168.66000,drogue,-9.29000,40640.00000,5879.57000,-35.82000,4.07000
168.75000,drogue,-8.77000,40682.00000,5872.25000,-35.78000,4.07000
168.85000,drogue,-10.84000,40692.00000,5870.51000,-35.77000,4.07000
168.95000,drogue,-10.32000,40733.00000,5863.37000,-35.78000,4.07000
168.98000,drogue,-10.32000,40733.00000,5863.37000,-35.78000,4.07000
169.05000,drogue,-9.29000,40728.00000,5864.24000,-35.86000,4.07000
169.15000,drogue,-10.84000,40723.00000,5865.11000,-36.02000,4.07000
169.25000,drogue,-8.26000,40723.00000,5865.11000,-36.25000,4.07000
169.30000,drogue,-8.26000,40723.00000,5865.11000,-36.25000,4.04000
169.35000,drogue,-11.87000,40763.00000,5858.15000,-36.54000,4.04000
169.45000,drogue,-10.84000,40746.00000,5861.10000,-36.86000,4.04000
169.55000,drogue,-9.81000,40780.00000,5855.19000,-37.21000,4.04000
169.62000,drogue,-9.81000,40780.00000,5855.19000,-37.21000,4.05000
169.65000,drogue,-9.81000,40795.00000,5852.58000,-37.58000,4.05000
169.75000,drogue,-9.29000,40849.00000,5843.19000,-37.91000,4.05000
169.85000,drogue,-9.29000,40870.00000,5839.55000,-38.25000,4.05000
169.94000,drogue,-9.29000,40870.00000,5839.55000,-38.25000,4.05000
169.95000,drogue,-9.29000,40878.00000,5838.16000,-38.59000,4.05000
170.05000,drogue,-9.81000,40916.00000,5831.56000,-38.89000,4.05000
170.15000,drogue,-8.77000,40931.00000,5828.96000,-39.19000,4.05000
170.25000,drogue,-10.32000,40975.00000,5821.34000,-39.42000,4.05000
170.26000,drogue,-10.32000,40975.00000,5821.34000,-39.42000,4.06000
170.35000,drogue,-10.84000,41000.00000,5817.00000,-39.62000,4.06000
170.45000,drogue,-8.26000,41012.00000,5814.93000,-39.81000,4.06000
170.55000,drogue,-8.26000,41016.00000,5814.23000,-39.89000,4.06000
170.58000,drogue,-8.26000,41016.00000,5814.23000,-39.89000,4.08000
170.65000,drogue,-9.81000,41034.00000,5811.12000,-39.94000,4.08000
170.75000,drogue,-10.84000,41051.00000,5808.18000,-39.94000,4.08000
170.85000,drogue,-10.84000,41096.00000,5800.39000,-39.84000,4.08000
170.90000,drogue,-10.84000,41096.00000,5800.39000,-39.84000,4.08000
170.95000,drogue,-10.32000,41138.00000,5793.14000,-39.65000,4.08000
171.05000,drogue,-9.81000,41167.00000,5788.13000,-39.36000,4.08000
171.07000,drogue,-9.81000,41167.00000,5788.13000,-39.36000,4.08000
171.15000,drogue,-8.26000,41206.00000,5781.40000,-38.97000,4.08000
171.22000,drogue,-8.26000,41206.00000,5781.40000,-38.97000,4.08000
171.25000,drogue,-8.26000,41214.00000,5780.02000,-38.52000,4.08000
171.35000,drogue,-10.32000,41246.00000,5774.50000,-38.03000,4.08000
171.45000,drogue,-10.32000,41243.00000,5775.02000,-37.49000,4.08000
171.54000,drogue,-10.32000,41243.00000,5775.02000,-37.49000,4.08000
171.55000,drogue,-9.81000,41274.00000,5769.68000,-36.95000,4.08000
171.65000,drogue,-9.29000,41282.00000,5768.30000,-36.40000,4.08000
171.75000,drogue,-8.26000,41287.00000,5767.44000,-35.85000,4.08000
171.85000,drogue,-8.26000,41292.00000,5766.58000,-35.28000,4.08000
171.86000,drogue,-8.26000,41292.00000,5766.58000,-35.28000,4.08000
171.95000,drogue,-9.81000,41358.00000,5755.22000,-34.68000,4.08000
172.05000,drogue,-8.26000,41354.00000,5755.91000,-34.08000,4.08000
172.06000,drogue,-8.26000,41354.00000,5755.91000,-34.08000,4.08000
172.15000,drogue,-9.81000,41400.00000,5748.00000,-33.49000,4.08000
172.18000,drogue,-9.81000,41400.00000,5748.00000,-33.49000,4.05000
172.25000,drogue,-8.77000,41392.00000,5749.38000,-32.95000,4.05000
172.35000,drogue,-9.29000,41440.00000,5741.13000,-32.41000,4.05000
172.45000,drogue,-10.32000,41482.00000,5733.92000,-31.94000,4.05000
172.50000,drogue,-10.32000,41482.00000,5733.92000,-31.94000,4.07000
172.55000,drogue,-6.71000,41472.00000,5735.64000,-31.54000,4.07000
172.65000,drogue,-9.81000,41499.00000,5731.01000,-31.26000,4.07000
172.75000,drogue,-8.77000,41521.00000,5727.23000,-31.05000,4.07000
172.82000,drogue,-8.77000,41521.00000,5727.23000,-31.05000,4.05000
172.85000,drogue,-10.84000,41538.00000,5724.32000,-30.95000,4.05000
172.95000,drogue,-9.29000,41525.00000,5726.55000,-30.93000,4.05000
173.05000,drogue,-10.84000,41540.00000,5723.98000,-31.00000,4.05000
173.06000,drogue,-10.84000,41540.00000,5723.98000,-31.00000,4.05000
173.14000,drogue,-10.84000,41540.00000,5723.98000,-31.00000,4.05000
173.15000,drogue,-9.81000,41557.00000,5721.07000,-31.12000,4.05000
173.25000,drogue,-8.26000,41570.00000,5718.84000,-31.29000,4.05000
173.35000,drogue,-8.26000,41578.00000,5717.47000,-31.54000,4.05000
173.45000,drogue,-9.81000,41616.00000,5710.96000,-31.84000,4.05000
173.46000,drogue,-9.81000,41616.00000,5710.96000,-31.84000,4.08000
173.55000,drogue,-10.84000,41639.00000,5707.03000,-32.23000,4.08000
173.65000,drogue,-11.87000,41662.00000,5703.10000,-32.67000,4.08000
173.75000,drogue,-9.29000,41659.00000,5703.61000,-33.16000,4.08000
173.78000,drogue,-9.29000,41659.00000,5703.61000,-33.16000,4.06000
173.85000,drogue,-9.81000,41681.00000,5699.85000,-33.69000,4.06000
173.95000,drogue,-9.29000,41689.00000,5698.48000,-34.28000,4.06000
174.05000,drogue,-10.84000,41704.00000,5695.92000,-34.83000,4.06000
174.06000,drogue,-10.84000,41704.00000,5695.92000,-34.83000,4.06000
174.10000,drogue,-10.84000,41704.00000,5695.92000,-34.83000,4.07000
174.15000,drogue,-9.81000,41736.00000,5690.46000,-35.35000,4.07000
174.25000,drogue,-9.29000,41767.00000,5685.17000,-35.81000,4.07000
174.35000,drogue,-8.77000,41767.00000,5685.17000,-36.25000,4.07000
174.42000,drogue,-8.77000,41767.00000,5685.17000,-36.25000,4.05000
174.45000,drogue,-9.81000,41834.00000,5673.74000,-36.63000,4.05000
174.55000,drogue,-9.29000,41881.00000,5665.74000,-36.88000,4.05000
174.65000,drogue,-10.84000,41914.00000,5660.12000,-37.09000,4.05000
174.74000,drogue,-10.84000,41914.00000,5660.12000,-37.09000,4.05000
174.75000,drogue,-10.32000,41912.00000,5660.46000,-37.26000,4.05000
174.85000,drogue,-9.81000,41912.00000,5660.46000,-37.38000,4.05000
174.95000,drogue,-9.29000,41912.00000,5660.46000,-37.40000,4.05000
175.05000,drogue,-9.29000,41937.00000,5656.21000,-37.38000,4.05000
175.06000,drogue,-9.29000,41937.00000,5656.21000,-37.38000,4.06000
175.15000,drogue,-9.81000,41931.00000,5657.23000,-37.27000,4.06000
175.25000,drogue,-9.29000,41964.00000,5651.62000,-37.11000,4.06000
175.35000,drogue,-9.81000,41995.00000,5646.35000,-36.91000,4.06000
175.38000,drogue,-9.81000,41995.00000,5646.35000,-36.91000,4.05000
175.45000,drogue,-12.39000,42040.00000,5638.71000,-36.71000,4.05000
175.55000,drogue,-9.29000,42086.00000,5630.91000,-36.47000,4.05000
175.65000,drogue,-8.26000,42108.00000,5627.18000,-36.26000,4.05000
175.70000,drogue,-8.26000,42108.00000,5627.18000,-36.26000,4.07000
175.75000,drogue,-9.81000,42146.00000,5620.74000,-36.03000,4.07000
175.85000,drogue,-9.81000,42172.00000,5616.34000,-35.87000,4.07000
175.95000,drogue,-8.77000,42175.00000,5615.83000,-35.72000,4.07000
176.02000,drogue,-8.77000,42175.00000,5615.83000,-35.72000,4.06000
176.05000,drogue,-7.74000,42168.00000,5617.02000,-35.62000,4.06000
176.06000,drogue,-7.74000,42168.00000,5617.02000,-35.62000,4.06000
176.15000,drogue,-12.39000,42167.00000,5617.19000,-35.59000,4.06000
176.25000,drogue,-11.36000,42199.00000,5611.77000,-35.63000,4.06000
176.34000,drogue,-11.36000,42199.00000,5611.77000,-35.63000,4.07000
176.35000,drogue,-10.84000,42221.00000,5608.05000,-35.66000,4.07000
176.45000,drogue,-8.26000,42234.00000,5605.85000,-35.77000,4.07000
176.55000,drogue,-9.81000,42229.00000,5606.70000,-35.90000,4.07000
176.65000,drogue,-9.81000,42293.00000,5595.88000,-36.04000,4.07000
176.66000,drogue,-9.81000,42293.00000,5595.88000,-36.04000,4.06000
176.75000,drogue,-9.81000,42342.00000,5587.61000,-36.17000,4.06000
176.85000,drogue,-9.81000,42363.00000,5584.07000,-36.26000,4.06000
176.95000,drogue,-9.81000,42373.00000,5582.38000,-36.33000,4.06000
176.98000,drogue,-9.81000,42373.00000,5582.38000,-36.33000,4.07000
177.05000,drogue,-8.77000,42389.00000,5579.68000,-36.43000,4.07000
177.15000,drogue,-10.84000,42365.00000,5583.73000,-36.51000,4.07000
177.25000,drogue,-9.29000,42386.00000,5580.19000,-36.60000,4.07000
177.30000,drogue,-9.29000,42386.00000,5580.19000,-36.60000,4.05000
177.35000,drogue,-10.32000,42417.00000,5574.96000,-36.67000,4.05000
177.45000,drogue,-9.29000,42447.00000,5569.91000,-36.69000,4.05000
177.55000,drogue,-9.29000,42462.00000,5567.38000,-36.67000,4.05000
177.62000,drogue,-9.29000,42462.00000,5567.38000,-36.67000,4.06000
177.65000,drogue,-10.32000,42518.00000,5557.96000,-36.59000,4.06000
177.75000,drogue,-8.77000,42546.00000,5553.25000,-36.47000,4.06000
177.85000,drogue,-9.81000,42604.00000,5543.51000,-36.26000,4.06000
177.94000,drogue,-9.81000,42604.00000,5543.51000,-36.26000,4.07000
177.95000,drogue,-10.84000,42610.00000,5542.50000,-36.01000,4.07000
178.05000,drogue,-10.32000,42624.00000,5540.15000,-35.71000,4.07000
178.06000,drogue,-10.32000,42624.00000,5540.15000,-35.71000,4.07000
178.15000,drogue,-9.29000,42650.00000,5535.79000,-35.42000,4.07000
178.25000,drogue,-11.36000,42669.00000,5532.61000,-35.16000,4.07000
178.26000,drogue,-11.36000,42669.00000,5532.61000,-35.16000,4.06000
178.35000,drogue,-8.77000,42657.00000,5534.62000,-34.90000,4.06000
178.45000,drogue,-10.84000,42669.00000,5532.61000,-34.67000,4.06000
178.55000,drogue,-11.87000,42679.00000,5530.93000,-34.48000,4.06000
178.58000,drogue,-11.87000,42679.00000,5530.93000,-34.48000,4.07000
178.65000,drogue,-9.81000,42703.00000,5526.91000,-34.35000,4.07000
178.75000,drogue,-9.81000,42742.00000,5520.37000,-34.26000,4.07000
178.85000,drogue,-8.77000,42743.00000,5520.21000,-34.18000,4.07000
178.90000,drogue,-8.77000,42743.00000,5520.21000,-34.18000,4.06000
178.95000,drogue,-8.77000,42767.00000,5516.19000,-34.05000,4.06000
179.05000,drogue,-9.81000,42819.00000,5507.49000,-33.91000,4.06000
179.15000,drogue,-9.81000,42847.00000,5502.81000,-33.77000,4.06000
179.22000,drogue,-9.81000,42847.00000,5502.81000,-33.77000,4.06000
179.25000,drogue,-7.74000,42869.00000,5499.13000,-33.69000,4.06000
179.35000,drogue,-9.29000,42886.00000,5496.29000,-33.70000,4.06000
179.45000,drogue,-9.81000,42859.00000,5500.80000,-33.73000,4.06000
179.54000,drogue,-9.81000,42859.00000,5500.80000,-33.73000,4.06000
179.55000,drogue,-10.84000,42889.00000,5495.79000,-33.85000,4.06000
179.65000,drogue,-9.81000,42921.00000,5490.45000,-33.95000,4.06000
179.75000,drogue,-7.23000,42938.00000,5487.61000,-34.01000,4.06000
179.85000,drogue,-11.36000,42929.00000,5489.12000,-34.10000,4.06000
179.86000,drogue,-11.36000,42929.00000,5489.12000,-34.10000,4.06000
179.95000,drogue,-9.81000,42991.00000,5478.78000,-34.17000,4.06000
180.05000,drogue,-9.29000,43010.00000,5475.61000,-34.18000,4.06000
180.06000,drogue,-9.29000,43010.00000,5475.61000,-34.18000,4.06000
180.15000,drogue,-10.32000,43052.00000,5468.62000,-34.19000,4.06000
180.18000,drogue,-10.32000,43052.00000,5468.62000,-34.19000,4.08000
180.25000,drogue,-10.32000,43081.00000,5463.79000,-34.23000,4.08000
180.35000,drogue,-9.81000,43073.00000,5465.12000,-34.22000,4.08000
180.45000,drogue,-9.29000,43101.00000,5460.46000,-34.27000,4.08000
180.50000,drogue,-9.29000,43101.00000,5460.46000,-34.27000,4.08000
180.55000,drogue,-9.29000,43135.00000,5454.81000,-34.32000,4.08000
180.65000,drogue,-9.81000,43137.00000,5454.48000,-34.41000,4.08000
180.75000,drogue,-8.77000,43138.00000,5454.31000,-34.55000,4.08000
180.82000,drogue,-8.77000,43138.00000,5454.31000,-34.55000,4.06000
180.85000,drogue,-8.77000,43154.00000,5451.65000,-34.70000,4.06000
180.95000,drogue,-9.81000,43126.00000,5456.31000,-34.87000,4.06000
181.05000,drogue,-9.81000,43159.00000,5450.82000,-35.10000,4.06000
181.14000,drogue,-9.81000,43159.00000,5450.82000,-35.10000,4.06000
181.15000,drogue,-8.26000,43200.00000,5444.01000,-35.32000,4.06000
181.25000,drogue,-9.81000,43272.00000,5432.07000,-35.59000,4.06000
181.35000,drogue,-8.77000,43327.00000,5422.95000,-35.88000,4.06000
181.45000,drogue,-9.81000,43332.00000,5422.13000,-36.11000,4.06000
181.46000,drogue,-9.81000,43332.00000,5422.13000,-36.11000,4.07000
181.55000,drogue,-10.32000,43407.00000,5409.71000,-36.41000,4.07000
181.65000,drogue,-9.29000,43340.00000,5420.80000,-36.75000,4.07000
181.75000,drogue,-8.77000,43321.00000,5423.95000,-37.08000,4.07000
181.78000,drogue,-8.77000,43321.00000,5423.95000,-37.08000,4.05000
181.85000,drogue,-11.36000,43365.00000,5416.66000,-37.36000,4.05000
181.95000,drogue,-8.26000,43393.00000,5412.03000,-37.66000,4.05000
182.05000,drogue,-10.32000,43391.00000,5412.36000,-37.90000,4.05000
182.06000,drogue,-10.32000,43391.00000,5412.36000,-37.90000,4.05000
182.10000,drogue,-10.32000,43391.00000,5412.36000,-37.90000,4.05000
182.15000,drogue,-8.26000,43422.00000,5407.23000,-38.08000,4.05000
182.25000,drogue,-10.84000,43479.00000,5397.82000,-38.22000,4.05000
182.35000,drogue,-9.29000,43483.00000,5397.16000,-38.22000,4.05000
182.42000,drogue,-9.29000,43483.00000,5397.16000,-38.22000,4.05000
182.45000,drogue,-9.81000,43551.00000,5385.93000,-38.22000,4.05000
182.55000,drogue,-9.81000,43552.00000,5385.77000,-38.19000,4.05000
182.65000,drogue,-10.32000,43578.00000,5381.48000,-38.05000,4.05000
182.74000,drogue,-10.32000,43578.00000,5381.48000,-38.05000,4.05000
182.75000,drogue,-11.36000,43599.00000,5378.02000,-37.87000,4.05000
182.85000,drogue,-8.26000,43631.00000,5372.75000,-37.65000,4.05000
182.95000,drogue,-9.29000,43645.00000,5370.44000,-37.38000,4.05000
183.05000,drogue,-8.26000,43666.00000,5366.99000,-37.13000,4.05000
183.06000,drogue,-8.26000,43666.00000,5366.99000,-37.13000,4.06000
183.15000,drogue,-10.84000,43671.00000,5366.16000,-36.89000,4.06000
183.25000,drogue,-11.36000,43742.00000,5354.49000,-36.64000,4.06000
183.35000,drogue,-10.32000,43762.00000,5351.20000,-36.38000,4.06000
183.38000,drogue,-10.32000,43762.00000,5351.20000,-36.38000,4.06000
183.45000,drogue,-10.32000,43749.00000,5353.34000,-36.09000,4.06000
183.55000,drogue,-8.26000,43811.00000,5343.16000,-35.87000,4.06000
183.65000,drogue,-11.87000,43833.00000,5339.55000,-35.53000,4.06000
183.70000,drogue,-11.87000,43833.00000,5339.55000,-35.53000,4.07000
183.75000,drogue,-8.77000,43840.00000,5338.40000,-35.21000,4.07000
183.85000,drogue,-9.81000,43831.00000,5339.87000,-34.95000,4.07000
183.95000,drogue,-12.90000,43855.00000,5335.94000,-34.76000,4.07000
184.02000,drogue,-12.90000,43855.00000,5335.94000,-34.76000,4.07000
184.05000,drogue,-8.77000,43854.00000,5336.10000,-34.59000,4.07000
184.15000,drogue,-10.32000,43865.00000,5334.30000,-34.43000,4.07000
184.25000,drogue,-10.84000,43900.00000,5328.56000,-34.27000,4.07000
184.34000,drogue,-10.84000,43900.00000,5328.56000,-34.27000,4.06000
184.35000,drogue,-11.36000,43901.00000,5328.40000,-34.03000,4.06000
184.45000,drogue,-8.26000,43977.00000,5315.95000,-33.81000,4.06000
184.55000,drogue,-9.29000,44025.00000,5308.10000,-33.55000,4.06000
184.65000,drogue,-11.36000,43996.00000,5312.84000,-33.22000,4.06000
184.66000,drogue,-11.36000,43996.00000,5312.84000,-33.22000,4.07000
184.75000,drogue,-10.32000,44051.00000,5303.85000,-32.89000,4.07000
184.85000,drogue,-9.29000,44071.00000,5300.58000,-32.58000,4.07000
184.95000,drogue,-9.29000,44102.00000,5295.52000,-32.28000,4.07000
184.98000,drogue,-9.29000,44102.00000,5295.52000,-32.28000,4.08000
185.04000,drogue,-9.29000,44102.00000,5295.52000,-32.28000,4.08000
185.05000,drogue,-6.71000,44118.00000,5292.91000,-31.97000,4.08000
185.15000,drogue,-8.77000,44130.00000,5290.95000,-31.63000,4.08000
185.25000,drogue,-10.84000,44107.00000,5294.70000,-31.34000,4.08000
185.30000,drogue,-10.84000,44107.00000,5294.70000,-31.34000,4.06000
185.35000,drogue,-9.29000,44123.00000,5292.09000,-31.07000,4.06000
185.45000,drogue,-7.74000,44160.00000,5286.06000,-30.80000,4.06000
185.55000,drogue,-9.81000,44215.00000,5277.09000,-30.62000,4.06000
185.62000,drogue,-9.81000,44215.00000,5277.09000,-30.62000,4.08000
185.65000,drogue,-10.84000,44195.00000,5280.35000,-30.50000,4.08000
185.75000,drogue,-11.36000,44241.00000,5272.86000,-30.46000,4.08000
185.85000,drogue,-7.74000,44255.00000,5270.58000,-30.50000,4.08000
185.94000,drogue,-7.74000,44255.00000,5270.58000,-30.50000,4.07000
185.95000,drogue,-9.29000,44293.00000,5264.39000,-30.70000,4.07000
186.04000,drogue,-9.29000,44293.00000,5264.39000,-30.70000,4.07000
186.05000,drogue,-7.23000,44313.00000,5261.14000,-31.01000,4.07000
186.15000,drogue,-9.81000,44292.00000,5264.56000,-31.39000,4.07000
186.25000,drogue,-8.77000,44278.00000,5266.83000,-31.92000,4.07000
186.26000,drogue,-8.77000,44278.00000,5266.83000,-31.92000,4.08000
186.35000,drogue,-10.84000,44254.00000,5270.74000,-32.46000,4.08000
186.45000,drogue,-10.32000,44303.00000,5262.77000,-33.12000,4.08000
186.55000,drogue,-9.81000,44343.00000,5256.26000,-33.81000,4.08000
186.58000,drogue,-9.81000,44343.00000,5256.26000,-33.81000,4.05000
186.65000,drogue,-9.29000,44342.00000,5256.43000,-34.44000,4.05000
186.75000,drogue,-9.29000,44416.00000,5244.41000,-35.07000,4.05000
186.85000,drogue,-9.29000,44463.00000,5236.78000,-35.69000,4.05000
186.90000,drogue,-9.29000,44463.00000,5236.78000,-35.69000,4.05000
186.95000,drogue,-11.36000,44504.00000,5230.13000,-36.27000,4.05000
187.04000,drogue,-11.36000,44504.00000,5230.13000,-36.27000,4.05000
187.05000,drogue,-10.32000,44501.00000,5230.62000,-36.78000,4.05000
187.15000,drogue,-11.36000,44490.00000,5232.40000,-37.19000,4.05000
187.22000,drogue,-11.36000,44490.00000,5232.40000,-37.19000,4.04000
187.25000,drogue,-8.77000,44510.00000,5229.16000,-37.46000,4.04000
187.35000,drogue,-11.36000,44524.00000,5226.89000,-37.61000,4.04000
187.45000,drogue,-9.81000,44548.00000,5223.01000,-37.72000,4.04000
187.54000,drogue,-9.81000,44548.00000,5223.01000,-37.72000,4.07000
187.55000,drogue,-11.87000,44582.00000,5217.50000,-37.75000,4.07000
187.65000,drogue,-9.81000,44600.00000,5214.59000,-37.65000,4.07000
187.75000,drogue,-9.81000,44652.00000,5206.18000,-37.53000,4.07000
187.85000,drogue,-10.32000,44688.00000,5200.36000,-37.33000,4.07000
187.86000,drogue,-10.32000,44688.00000,5200.36000,-37.33000,4.06000
187.95000,drogue,-8.26000,44756.00000,5189.39000,-37.11000,4.06000
188.04000,drogue,-8.26000,44756.00000,5189.39000,-37.11000,4.06000
188.05000,drogue,-10.32000,44773.00000,5186.65000,-36.88000,4.06000
188.15000,drogue,-8.77000,44746.00000,5191.00000,-36.60000,4.06000
188.18000,drogue,-8.77000,44746.00000,5191.00000,-36.60000,4.06000
188.25000,drogue,-9.81000,44807.00000,5181.16000,-36.29000,4.06000
188.35000,drogue,-9.81000,44761.00000,5188.58000,-36.01000,4.06000
188.45000,drogue,-10.84000,44804.00000,5181.65000,-35.77000,4.06000
188.50000,drogue,-10.84000,44804.00000,5181.65000,-35.77000,4.06000
188.55000,drogue,-10.32000,44820.00000,5179.07000,-35.53000,4.06000
188.65000,drogue,-10.84000,44824.00000,5178.42000,-35.26000,4.06000
188.75000,drogue,-9.29000,44851.00000,5174.08000,-35.02000,4.06000
188.82000,drogue,-9.29000,44851.00000,5174.08000,-35.02000,4.05000
188.85000,drogue,-8.77000,44902.00000,5165.87000,-34.77000,4.05000
188.95000,drogue,-7.23000,44930.00000,5161.36000,-34.51000,4.05000
189.05000,drogue,-9.81000,44951.00000,5157.99000,-34.19000,4.05000
189.14000,drogue,-9.81000,44951.00000,5157.99000,-34.19000,4.05000
189.15000,drogue,-9.29000,44967.00000,5155.41000,-33.80000,4.05000
189.25000,drogue,-9.29000,44959.00000,5156.70000,-33.45000,4.05000
189.35000,drogue,-9.29000,44959.00000,5156.70000,-33.11000,4.05000
189.45000,drogue,-8.77000,45022.00000,5146.58000,-32.79000,4.05000
189.46000,drogue,-8.77000,45022.00000,5146.58000,-32.79000,4.05000
189.55000,drogue,-9.29000,45030.00000,5145.29000,-32.45000,4.05000
189.65000,drogue,-9.81000,45053.00000,5141.60000,-32.12000,4.05000
189.75000,drogue,-9.29000,45113.00000,5131.98000,-31.82000,4.05000
189.78000,drogue,-9.29000,45113.00000,5131.98000,-31.82000,4.07000
189.85000,drogue,-8.77000,45128.00000,5129.58000,-31.55000,4.07000
189.95000,drogue,-9.81000,45152.00000,5125.73000,-31.30000,4.07000
190.05000,drogue,-9.81000,45198.00000,5118.37000,-31.05000,4.07000
190.06000,drogue,-9.81000,45198.00000,5118.37000,-31.05000,4.07000
190.10000,drogue,-9.81000,45198.00000,5118.37000,-31.05000,4.08000
190.15000,drogue,-9.29000,45200.00000,5118.05000,-30.78000,4.08000
190.25000,drogue,-8.77000,45202.00000,5117.73000,-30.61000,4.08000
190.35000,drogue,-9.81000,45247.00000,5110.53000,-30.43000,4.08000
190.42000,drogue,-9.81000,45247.00000,5110.53000,-30.43000,4.07000
190.45000,drogue,-9.29000,45227.00000,5113.73000,-30.36000,4.07000
190.55000,drogue,-8.77000,45194.00000,5119.01000,-30.39000,4.07000
190.65000,drogue,-10.32000,45207.00000,5116.93000,-30.51000,4.07000
190.74000,drogue,-10.32000,45207.00000,5116.93000,-30.51000,4.07000
190.75000,drogue,-8.77000,45215.00000,5115.65000,-30.73000,4.07000
190.85000,drogue,-7.74000,45235.00000,5112.45000,-31.04000,4.07000
190.95000,drogue,-9.81000,45286.00000,5104.29000,-31.41000,4.07000
191.05000,drogue,-9.81000,45306.00000,5101.10000,-31.82000,4.07000
191.06000,drogue,-9.81000,45306.00000,5101.10000,-31.82000,4.06000
191.15000,drogue,-9.81000,45316.00000,5099.50000,-32.27000,4.06000
191.25000,drogue,-10.32000,45403.00000,5085.62000,-32.74000,4.06000
191.35000,drogue,-11.87000,45430.00000,5081.31000,-33.17000,4.06000
191.38000,drogue,-11.87000,45430.00000,5081.31000,-33.17000,4.05000
191.45000,drogue,-8.77000,45459.00000,5076.69000,-33.64000,4.05000
191.55000,drogue,-9.29000,45436.00000,5080.36000,-34.05000,4.05000
191.65000,drogue,-9.81000,45460.00000,5076.53000,-34.46000,4.05000
191.70000,drogue,-9.81000,45460.00000,5076.53000,-34.46000,4.06000
191.75000,drogue,-11.36000,45473.00000,5074.46000,-34.84000,4.06000
191.85000,drogue,-10.32000,45495.00000,5070.96000,-35.16000,4.06000
191.95000,drogue,-10.84000,45494.00000,5071.12000,-35.41000,4.06000
192.02000,drogue,-10.84000,45494.00000,5071.12000,-35.41000,4.05000
192.04000,drogue,-10.84000,45494.00000,5071.12000,-35.41000,4.05000
192.05000,drogue,-9.29000,45513.00000,5068.10000,-35.62000,4.05000
192.15000,drogue,-10.84000,45535.00000,5064.59000,-35.75000,4.05000
192.25000,drogue,-8.77000,45569.00000,5059.19000,-35.83000,4.05000
192.34000,drogue,-8.77000,45569.00000,5059.19000,-35.83000,4.06000
192.35000,drogue,-9.81000,45590.00000,5055.85000,-35.89000,4.06000
192.45000,drogue,-9.81000,45637.00000,5048.38000,-35.86000,4.06000
192.55000,drogue,-9.29000,45676.00000,5042.19000,-35.80000,4.06000
192.65000,drogue,-10.32000,45714.00000,5036.16000,-35.69000,4.06000
192.66000,drogue,-10.32000,45714.00000,5036.16000,-35.69000,4.05000
192.75000,drogue,-10.32000,45730.00000,5033.63000,-35.60000,4.05000
192.85000,drogue,-9.29000,45739.00000,5032.20000,-35.48000,4.05000
192.95000,drogue,-8.77000,45756.00000,5029.51000,-35.37000,4.05000
192.98000,drogue,-8.77000,45756.00000,5029.51000,-35.37000,4.05000
193.05000,drogue,-9.81000,45771.00000,5027.13000,-35.21000,4.05000
193.06000,drogue,-9.81000,45771.00000,5027.13000,-35.21000,4.05000
193.15000,drogue,-9.81000,45809.00000,5021.11000,-35.02000,4.05000
193.25000,drogue,-9.81000,45829.00000,5017.95000,-34.87000,4.05000
193.30000,drogue,-9.81000,45829.00000,5017.95000,-34.87000,4.06000
193.35000,drogue,-9.29000,45819.00000,5019.53000,-34.64000,4.06000
193.45000,drogue,-8.77000,45834.00000,5017.16000,-34.43000,4.06000
193.55000,drogue,-7.74000,45847.00000,5015.10000,-34.19000,4.06000
193.62000,drogue,-7.74000,45847.00000,5015.10000,-34.19000,4.06000
193.65000,drogue,-10.84000,45907.00000,5005.61000,-33.98000,4.06000
193.75000,drogue,-8.77000,45917.00000,5004.03000,-33.79000,4.06000
193.85000,drogue,-10.32000,45945.00000,4999.61000,-33.59000,4.06000
193.94000,drogue,-10.32000,45945.00000,4999.61000,-33.59000,4.05000
193.95000,drogue,-10.32000,45960.00000,4997.24000,-33.40000,4.05000
194.05000,drogue,-9.81000,45998.00000,4991.24000,-33.21000,4.05000
194.06000,drogue,-9.81000,45998.00000,4991.24000,-33.21000,4.05000
194.15000,drogue,-10.84000,46017.00000,4988.24000,-33.03000,4.05000
194.25000,drogue,-9.29000,46063.00000,4980.99000,-32.90000,4.05000
194.26000,drogue,-9.29000,46063.00000,4980.99000,-32.90000,4.05000
194.35000,drogue,-9.81000,46072.00000,4979.57000,-32.76000,4.05000
194.45000,drogue,-9.81000,46074.00000,4979.26000,-32.64000,4.05000
194.55000,drogue,-9.29000,46125.00000,4971.22000,-32.55000,4.05000
194.58000,drogue,-9.29000,46125.00000,4971.22000,-32.55000,4.08000
194.65000,drogue,-9.81000,46103.00000,4974.69000,-32.45000,4.08000
194.75000,drogue,-10.32000,46144.00000,4968.23000,-32.31000,4.08000
194.85000,drogue,-10.32000,46136.00000,4969.49000,-32.17000,4.08000
194.90000,drogue,-10.32000,46136.00000,4969.49000,-32.17000,4.05000
194.95000,drogue,-9.29000,46147.00000,4967.76000,-32.04000,4.05000
195.05000,drogue,-10.84000,46160.00000,4965.72000,-31.91000,4.05000
195.15000,drogue,-9.81000,46177.00000,4963.04000,-31.79000,4.05000
195.22000,drogue,-9.81000,46177.00000,4963.04000,-31.79000,4.05000
195.25000,drogue,-9.81000,46229.00000,4954.87000,-31.63000,4.05000
195.35000,drogue,-11.87000,46208.00000,4958.17000,-31.47000,4.05000
195.45000,drogue,-10.84000,46299.00000,4943.87000,-31.34000,4.05000
195.54000,drogue,-10.84000,46299.00000,4943.87000,-31.34000,4.07000
195.55000,drogue,-10.32000,46330.00000,4939.01000,-31.23000,4.07000
195.65000,drogue,-10.32000,46372.00000,4932.42000,-31.19000,4.07000
195.75000,drogue,-8.77000,46385.00000,4930.39000,-31.21000,4.07000
195.85000,drogue,-12.90000,46363.00000,4933.83000,-31.24000,4.07000
195.86000,drogue,-12.90000,46363.00000,4933.83000,-31.24000,4.06000
195.95000,drogue,-12.39000,46380.00000,4931.17000,-31.30000,4.06000
196.05000,drogue,-7.74000,46385.00000,4930.39000,-31.45000,4.06000
196.15000,drogue,-11.36000,46381.00000,4931.01000,-31.67000,4.06000
196.18000,drogue,-11.36000,46381.00000,4931.01000,-31.67000,4.05000
196.25000,drogue,-9.81000,46435.00000,4922.55000,-31.95000,4.05000
196.35000,drogue,-10.32000,46426.00000,4923.96000,-32.27000,4.05000
196.45000,drogue,-10.32000,46456.00000,4919.27000,-32.62000,4.05000
196.50000,drogue,-10.32000,46456.00000,4919.27000,-32.62000,4.05000
196.55000,drogue,-8.77000,46493.00000,4913.48000,-33.01000,4.05000
196.65000,drogue,-9.29000,46499.00000,4912.54000,-33.41000,4.05000
196.75000,drogue,-9.29000,46512.00000,4910.50000,-33.85000,4.05000
196.82000,drogue,-9.29000,46512.00000,4910.50000,-33.85000,4.04000
196.85000,drogue,-10.84000,46551.00000,4904.41000,-34.27000,4.04000
196.95000,drogue,-11.36000,46589.00000,4898.47000,-34.68000,4.04000
197.05000,drogue,-11.36000,46601.00000,4896.60000,-35.07000,4.04000
197.14000,drogue,-11.36000,46601.00000,4896.60000,-35.07000,4.05000
197.15000,drogue,-9.81000,46615.00000,4894.41000,-35.48000,4.05000
197.25000,drogue,-11.87000,46605.00000,4895.97000,-35.88000,4.05000
197.35000,drogue,-8.77000,46643.00000,4890.04000,-36.19000,4.05000
197.45000,drogue,-9.81000,46689.00000,4882.87000,-36.51000,4.05000
197.46000,drogue,-9.81000,46689.00000,4882.87000,-36.51000,4.05000
197.55000,drogue,-9.29000,46714.00000,4878.97000,-36.77000,4.05000
197.65000,drogue,-9.29000,46745.00000,4874.14000,-36.90000,4.05000
197.75000,drogue,-8.26000,46792.00000,4866.83000,-36.94000,4.05000
197.78000,drogue,-8.26000,46792.00000,4866.83000,-36.94000,4.08000
197.85000,drogue,-10.32000,46792.00000,4866.83000,-36.82000,4.08000
197.95000,drogue,-10.84000,46800.00000,4865.58000,-36.60000,4.08000
198.05000,drogue,-9.81000,46859.00000,4856.41000,-36.29000,4.08000
198.10000,drogue,-9.81000,46859.00000,4856.41000,-36.29000,4.06000
198.15000,drogue,-9.29000,46899.00000,4850.19000,-35.95000,4.06000
198.25000,drogue,-8.77000,46902.00000,4849.73000,-35.59000,4.06000
198.35000,drogue,-9.29000,46928.00000,4845.69000,-35.15000,4.06000
198.42000,drogue,-9.29000,46928.00000,4845.69000,-35.15000,4.06000
198.45000,drogue,-9.29000,46939.00000,4843.98000,-34.70000,4.06000
198.55000,drogue,-8.26000,46931.00000,4845.22000,-34.27000,4.06000
198.65000,drogue,-10.32000,46979.00000,4837.77000,-33.86000,4.06000
198.74000,drogue,-10.32000,46979.00000,4837.77000,-33.86000,4.07000
198.75000,drogue,-9.81000,46996.00000,4835.14000,-33.50000,4.07000
198.85000,drogue,-9.29000,47002.00000,4834.21000,-33.18000,4.07000
198.95000,drogue,-9.81000,47027.00000,4830.33000,-32.88000,4.07000
199.05000,drogue,-10.32000,47049.00000,4826.92000,-32.57000,4.07000
199.06000,drogue,-10.32000,47049.00000,4826.92000,-32.57000,4.07000
199.15000,drogue,-8.77000,47116.00000,4816.55000,-32.27000,4.07000
199.25000,drogue,-7.74000,47131.00000,4814.23000,-31.97000,4.07000
199.35000,drogue,-10.84000,47145.00000,4812.06000,-31.75000,4.07000
199.38000,drogue,-10.84000,47145.00000,4812.06000,-31.75000,4.07000
199.45000,drogue,-10.84000,47179.00000,4806.80000,-31.57000,4.07000
199.55000,drogue,-9.29000,47192.00000,4804.80000,-31.44000,4.07000
199.65000,drogue,-10.32000,47159.00000,4809.90000,-31.33000,4.07000
199.70000,drogue,-10.32000,47159.00000,4809.90000,-31.33000,4.07000
199.75000,drogue,-9.29000,47200.00000,4803.56000,-31.30000,4.07000
199.85000,drogue,-8.77000,47183.00000,4806.19000,-31.28000,4.07000
199.95000,drogue,-9.29000,47201.00000,4803.40000,-31.28000,4.07000
200.02000,drogue,-9.29000,47201.00000,4803.40000,-31.28000,4.05000
200.04000,drogue,-9.29000,47201.00000,4803.40000,-31.28000,4.05000
200.05000,drogue,-11.36000,47219.00000,4800.62000,-31.35000,4.05000
200.15000,drogue,-9.29000,47302.00000,4787.81000,-31.45000,4.05000
200.25000,drogue,-10.32000,47304.00000,4787.50000,-31.58000,4.05000
200.34000,drogue,-10.32000,47304.00000,4787.50000,-31.58000,4.05000
200.35000,drogue,-9.81000,47309.00000,4786.73000,-31.77000,4.05000
200.45000,drogue,-8.26000,47344.00000,4781.34000,-31.97000,4.05000
200.55000,drogue,-11.36000,47387.00000,4774.71000,-32.17000,4.05000
200.65000,drogue,-10.32000,47421.00000,4769.47000,-32.42000,4.05000
200.66000,drogue,-10.32000,47421.00000,4769.47000,-32.42000,4.06000
200.75000,drogue,-9.81000,47482.00000,4760.09000,-32.67000,4.06000
200.85000,drogue,-10.84000,47458.00000,4763.78000,-32.95000,4.06000
200.95000,drogue,-10.84000,47452.00000,4764.70000,-33.27000,4.06000
200.98000,drogue,-10.84000,47452.00000,4764.70000,-33.27000,4.05000
201.05000,drogue,-11.36000,47428.00000,4768.40000,-33.62000,4.05000
201.15000,drogue,-9.81000,47447.00000,4765.47000,-34.02000,4.05000
201.25000,drogue,-9.81000,47460.00000,4763.47000,-34.36000,4.05000
201.30000,drogue,-9.81000,47460.00000,4763.47000,-34.36000,4.05000
201.35000,drogue,-11.87000,47516.00000,4754.86000,-34.70000,4.05000
201.45000,drogue,-9.81000,47524.00000,4753.63000,-35.00000,4.05000
201.55000,drogue,-10.32000,47573.00000,4746.11000,-35.26000,4.05000
201.62000,drogue,-10.32000,47573.00000,4746.11000,-35.26000,4.06000
201.65000,drogue,-11.36000,47584.00000,4744.42000,-35.44000,4.06000
201.75000,drogue,-10.32000,47642.00000,4735.52000,-35.61000,4.06000
201.85000,drogue,-9.81000,47671.00000,4731.07000,-35.74000,4.06000
201.94000,drogue,-9.81000,47671.00000,4731.07000,-35.74000,4.06000
201.95000,drogue,-12.39000,47692.00000,4727.85000,-35.86000,4.06000
202.04000,drogue,-12.39000,47692.00000,4727.85000,-35.86000,4.06000
202.05000,drogue,-12.39000,47717.00000,4724.02000,-35.98000,4.06000
202.15000,drogue,-11.36000,47723.00000,4723.10000,-36.10000,4.06000
202.25000,drogue,-10.32000,47763.00000,4716.98000,-36.14000,4.06000
202.26000,drogue,-10.32000,47763.00000,4716.98000,-36.14000,4.08000
202.35000,drogue,-10.32000,47804.00000,4710.71000,-36.13000,4.08000
202.45000,drogue,-10.32000,47810.00000,4709.79000,-36.14000,4.08000
202.55000,drogue,-9.81000,47808.00000,4710.10000,-36.09000,4.08000
202.58000,drogue,-9.81000,47808.00000,4710.10000,-36.09000,4.06000
202.65000,drogue,-10.32000,47822.00000,4707.95000,-36.00000,4.06000
202.75000,drogue,-9.81000,47836.00000,4705.81000,-35.88000,4.06000
202.85000,drogue,-10.84000,47886.00000,4698.17000,-35.65000,4.06000
202.90000,drogue,-10.84000,47886.00000,4698.17000,-35.65000,4.05000
202.95000,drogue,-10.84000,47931.00000,4691.30000,-35.36000,4.05000
203.04000,drogue,-10.84000,47931.00000,4691.30000,-35.36000,4.05000
203.05000,drogue,-9.81000,47955.00000,4687.64000,-34.99000,4.05000
203.15000,drogue,-8.77000,47978.00000,4684.13000,-34.59000,4.05000
203.22000,drogue,-8.77000,47978.00000,4684.13000,-34.59000,4.05000
203.25000,drogue,-9.81000,47969.00000,4685.51000,-34.18000,4.05000
203.35000,drogue,-9.29000,48008.00000,4679.56000,-33.75000,4.05000
203.45000,drogue,-9.29000,48016.00000,4678.34000,-33.30000,4.05000
203.54000,drogue,-9.29000,48016.00000,4678.34000,-33.30000,4.08000
203.55000,drogue,-9.29000,48028.00000,4676.51000,-32.89000,4.08000
203.65000,drogue,-9.29000,48069.00000,4670.27000,-32.49000,4.08000
203.75000,drogue,-9.81000,48083.00000,4668.14000,-32.11000,4.08000
203.85000,drogue,-9.29000,48131.00000,4660.83000,-31.77000,4.08000
203.86000,drogue,-9.29000,48131.00000,4660.83000,-31.77000,4.06000
203.95000,drogue,-9.81000,48157.00000,4656.88000,-31.42000,4.06000
204.05000,drogue,-8.26000,48217.00000,4647.76000,-31.07000,4.06000
204.15000,drogue,-9.29000,48193.00000,4651.41000,-30.71000,4.06000
204.18000,drogue,-9.29000,48193.00000,4651.41000,-30.71000,4.07000
204.25000,drogue,-9.29000,48206.00000,4649.43000,-30.46000,4.07000
204.35000,drogue,-10.84000,48228.00000,4646.09000,-30.29000,4.07000
204.45000,drogue,-10.84000,48285.00000,4637.44000,-30.13000,4.07000
204.50000,drogue,-10.84000,48285.00000,4637.44000,-30.13000,4.08000
204.55000,drogue,-9.81000,48255.00000,4641.99000,-30.04000,4.08000
204.65000,drogue,-9.81000,48272.00000,4639.41000,-30.03000,4.08000
204.75000,drogue,-11.36000,48273.00000,4639.26000,-30.16000,4.08000
204.82000,drogue,-11.36000,48273.00000,4639.26000,-30.16000,4.07000
204.85000,drogue,-10.84000,48284.00000,4637.59000,-30.44000,4.07000
204.95000,drogue,-11.36000,48308.00000,4633.95000,-30.81000,4.07000
205.05000,drogue,-10.32000,48315.00000,4632.89000,-31.20000,4.07000
205.14000,drogue,-10.32000,48315.00000,4632.89000,-31.20000,4.07000
205.15000,drogue,-10.84000,48326.00000,4631.22000,-31.60000,4.07000
205.25000,drogue,-10.84000,48375.00000,4623.80000,-32.02000,4.07000
205.35000,drogue,-10.32000,48372.00000,4624.25000,-32.47000,4.07000
205.45000,drogue,-8.26000,48417.00000,4617.44000,-32.89000,4.07000
205.46000,drogue,-8.26000,48417.00000,4617.44000,-32.89000,4.07000
205.55000,drogue,-10.84000,48475.00000,4608.66000,-33.28000,4.07000
205.65000,drogue,-9.29000,48524.00000,4601.26000,-33.65000,4.07000
205.75000,drogue,-9.81000,48533.00000,4599.90000,-33.97000,4.07000
205.78000,drogue,-9.81000,48533.00000,4599.90000,-33.97000,4.07000
205.85000,drogue,-10.32000,48567.00000,4594.76000,-34.26000,4.07000
205.95000,drogue,-10.32000,48543.00000,4598.38000,-34.51000,4.07000
206.05000,drogue,-11.36000,48547.00000,4597.78000,-34.71000,4.07000
206.10000,drogue,-11.36000,48547.00000,4597.78000,-34.71000,4.05000
206.15000,drogue,-11.36000,48532.00000,4600.05000,-34.82000,4.05000
206.25000,drogue,-10.32000,48613.00000,4587.82000,-34.87000,4.05000
206.35000,drogue,-11.36000,48642.00000,4583.44000,-34.82000,4.05000
206.42000,drogue,-11.36000,48642.00000,4583.44000,-34.82000,4.06000
206.45000,drogue,-10.84000,48636.00000,4584.35000,-34.74000,4.06000
206.55000,drogue,-9.81000,48669.00000,4579.37000,-34.54000,4.06000
206.65000,drogue,-11.36000,48713.00000,4572.74000,-34.29000,4.06000
206.74000,drogue,-11.36000,48713.00000,4572.74000,-34.29000,4.06000
206.75000,drogue,-9.81000,48785.00000,4561.90000,-34.00000,4.06000
206.85000,drogue,-9.81000,48835.00000,4554.38000,-33.70000,4.06000
206.95000,drogue,-8.26000,48829.00000,4555.29000,-33.49000,4.06000
207.05000,drogue,-11.36000,48805.00000,4558.90000,-33.32000,4.06000
207.06000,drogue,-11.36000,48805.00000,4558.90000,-33.32000,4.05000
207.15000,drogue,-10.32000,48783.00000,4562.20000,-33.19000,4.05000
207.25000,drogue,-10.84000,48836.00000,4554.23000,-33.09000,4.05000
207.35000,drogue,-9.29000,48868.00000,4549.43000,-33.02000,4.05000
207.38000,drogue,-9.29000,48868.00000,4549.43000,-33.02000,4.05000
207.45000,drogue,-10.32000,48865.00000,4549.88000,-32.99000,4.05000
207.55000,drogue,-10.84000,48879.00000,4547.77000,-33.04000,4.05000
207.65000,drogue,-8.77000,48916.00000,4542.22000,-33.16000,4.05000
207.70000,drogue,-8.77000,48916.00000,4542.22000,-33.16000,4.05000
207.75000,drogue,-9.29000,48954.00000,4536.51000,-33.27000,4.05000
207.85000,drogue,-10.84000,48983.00000,4532.16000,-33.42000,4.05000
207.95000,drogue,-10.32000,49019.00000,4526.77000,-33.57000,4.05000
208.02000,drogue,-10.32000,49019.00000,4526.77000,-33.57000,4.06000
208.04000,drogue,-10.32000,49019.00000,4526.77000,-33.57000,4.06000
208.05000,drogue,-11.36000,49040.00000,4523.62000,-33.75000,4.06000
208.15000,drogue,-9.29000,49081.00000,4517.48000,-33.96000,4.06000
208.25000,drogue,-9.29000,49090.00000,4516.13000,-34.22000,4.06000
208.34000,drogue,-9.29000,49090.00000,4516.13000,-34.22000,4.04000
208.35000,drogue,-9.81000,49061.00000,4520.48000,-34.46000,4.04000
208.45000,drogue,-10.32000,49073.00000,4518.68000,-34.64000,4.04000
208.55000,drogue,-10.32000,49080.00000,4517.63000,-34.77000,4.04000
208.65000,drogue,-9.81000,49105.00000,4513.89000,-34.85000,4.04000
208.66000,drogue,-9.81000,49105.00000,4513.89000,-34.85000,4.04000
208.75000,drogue,-8.77000,49128.00000,4510.45000,-34.93000,4.04000
208.85000,drogue,-8.77000,49183.00000,4502.22000,-34.98000,4.04000
208.95000,drogue,-9.81000,49278.00000,4488.04000,-34.96000,4.04000
208.98000,drogue,-9.81000,49278.00000,4488.04000,-34.96000,4.04000
209.05000,drogue,-8.77000,49320.00000,4481.77000,-34.84000,4.04000
209.06000,drogue,-8.77000,49320.00000,4481.77000,-34.84000,4.04000
209.15000,drogue,-9.81000,49338.00000,4479.09000,-34.68000,4.04000
209.25000,drogue,-7.23000,49299.00000,4484.90000,-34.53000,4.04000
209.30000,drogue,-7.23000,49299.00000,4484.90000,-34.53000,4.06000
209.35000,drogue,-7.74000,49332.00000,4479.98000,-34.37000,4.06000
209.45000,drogue,-9.81000,49317.00000,4482.22000,-34.18000,4.06000
209.55000,drogue,-8.26000,49370.00000,4474.32000,-33.97000,4.06000
209.62000,drogue,-8.26000,49370.00000,4474.32000,-33.97000,4.06000
209.65000,drogue,-9.81000,49409.00000,4468.51000,-33.74000,4.06000
209.75000,drogue,-8.77000,49415.00000,4467.62000,-33.49000,4.06000
209.85000,drogue,-9.81000,49431.00000,4465.23000,-33.27000,4.06000
209.94000,drogue,-9.81000,49431.00000,4465.23000,-33.27000,4.07000
209.95000,drogue,-8.26000,49476.00000,4458.54000,-33.05000,4.07000
210.04000,drogue,-8.26000,49476.00000,4458.54000,-33.05000,4.07000
210.05000,drogue,-9.29000,49499.00000,4455.12000,-32.91000,4.07000
210.15000,drogue,-10.32000,49535.00000,4449.77000,-32.81000,4.07000
210.25000,drogue,-9.29000,49536.00000,4449.62000,-32.74000,4.07000
210.26000,drogue,-9.29000,49536.00000,4449.62000,-32.74000,4.06000
210.35000,drogue,-9.29000,49523.00000,4451.55000,-32.68000,4.06000
210.45000,drogue,-8.77000,49547.00000,4447.98000,-32.66000,4.06000
210.55000,drogue,-9.81000,49536.00000,4449.62000,-32.68000,4.06000
210.58000,drogue,-9.81000,49536.00000,4449.62000,-32.68000,4.06000
210.65000,drogue,-9.81000,49561.00000,4445.90000,-32.70000,4.06000
210.75000,drogue,-10.84000,49623.00000,4436.70000,-32.70000,4.06000
210.85000,drogue,-9.29000,49674.00000,4429.13000,-32.77000,4.06000
210.90000,drogue,-9.29000,49674.00000,4429.13000,-32.77000,4.06000
210.95000,drogue,-8.77000,49714.00000,4423.21000,-32.91000,4.06000
211.05000,drogue,-11.87000,49717.00000,4422.76000,-33.02000,4.06000
211.15000,drogue,-9.29000,49760.00000,4416.39000,-33.12000,4.06000
211.22000,drogue,-9.29000,49760.00000,4416.39000,-33.12000,4.06000
211.25000,drogue,-8.26000,49776.00000,4414.02000,-33.21000,4.06000
211.35000,drogue,-9.29000,49773.00000,4414.47000,-33.32000,4.06000
211.45000,drogue,-8.77000,49798.00000,4410.77000,-33.42000,4.06000
211.54000,drogue,-8.77000,49798.00000,4410.77000,-33.42000,4.06000
211.55000,drogue,-8.77000,49802.00000,4410.18000,-33.50000,4.06000
211.65000,drogue,-10.32000,49788.00000,4412.25000,-33.57000,4.06000
211.75000,drogue,-9.81000,49793.00000,4411.51000,-33.62000,4.06000
211.85000,drogue,-10.84000,49858.00000,4401.89000,-33.62000,4.06000
211.86000,drogue,-10.84000,49858.00000,4401.89000,-33.62000,4.06000
211.95000,drogue,-12.39000,49868.00000,4400.42000,-33.65000,4.06000
212.05000,drogue,-9.81000,49969.00000,4385.50000,-33.65000,4.06000
212.15000,drogue,-10.32000,49988.00000,4382.70000,-33.67000,4.06000
212.18000,drogue,-10.32000,49988.00000,4382.70000,-33.67000,4.05000
212.25000,drogue,-9.81000,50020.00000,4377.98000,-33.69000,4.05000
212.35000,drogue,-10.32000,50035.00000,4375.77000,-33.69000,4.05000
212.45000,drogue,-10.84000,50039.00000,4375.18000,-33.72000,4.05000
212.50000,drogue,-10.84000,50039.00000,4375.18000,-33.72000,4.05000
212.55000,drogue,-9.81000,50043.00000,4374.59000,-33.73000,4.05000
212.65000,drogue,-7.23000,50022.00000,4377.68000,-33.76000,4.05000
212.75000,drogue,-8.77000,50013.00000,4379.01000,-33.80000,4.05000
212.82000,drogue,-8.77000,50013.00000,4379.01000,-33.80000,4.06000
212.85000,drogue,-10.32000,50072.00000,4370.32000,-33.83000,4.06000
212.95000,drogue,-10.84000,50130.00000,4361.78000,-33.89000,4.06000
213.05000,drogue,-9.81000,50143.00000,4359.86000,-33.92000,4.06000
213.14000,drogue,-9.81000,50143.00000,4359.86000,-33.92000,4.06000
213.15000,drogue,-9.29000,50196.00000,4352.07000,-33.98000,4.06000
213.25000,drogue,-10.32000,50268.00000,4341.49000,-34.04000,4.06000
213.35000,drogue,-9.29000,50278.00000,4340.02000,-34.05000,4.06000
213.45000,drogue,-10.84000,50294.00000,4337.67000,-34.05000,4.06000
213.46000,drogue,-10.84000,50294.00000,4337.67000,-34.05000,4.06000
213.55000,drogue,-9.81000,50249.00000,4344.28000,-34.02000,4.06000
213.65000,drogue,-9.81000,50264.00000,4342.08000,-33.97000,4.06000
213.75000,drogue,-10.32000,50285.00000,4338.99000,-33.89000,4.06000
213.78000,drogue,-10.32000,50285.00000,4338.99000,-33.89000,4.07000
213.85000,drogue,-10.84000,50290.00000,4338.26000,-33.84000,4.07000
213.95000,drogue,-9.81000,50343.00000,4330.48000,-33.79000,4.07000
214.05000,drogue,-10.84000,50361.00000,4327.84000,-33.79000,4.07000
214.10000,drogue,-10.84000,50361.00000,4327.84000,-33.79000,4.05000
214.15000,drogue,-8.26000,50416.00000,4319.78000,-33.76000,4.05000
214.25000,drogue,-10.84000,50467.00000,4312.32000,-33.68000,4.05000
214.35000,drogue,-10.84000,50490.00000,4308.95000,-33.58000,4.05000
214.42000,drogue,-10.84000,50490.00000,4308.95000,-33.58000,4.05000
214.45000,drogue,-9.29000,50524.00000,4303.98000,-33.41000,4.05000
214.55000,drogue,-9.81000,50512.00000,4305.73000,-33.16000,4.05000
214.65000,drogue,-8.77000,50544.00000,4301.05000,-32.86000,4.05000
214.74000,drogue,-8.77000,50544.00000,4301.05000,-32.86000,4.06000
214.75000,drogue,-8.26000,50513.00000,4305.58000,-32.55000,4.06000
214.85000,drogue,-10.84000,50539.00000,4301.78000,-32.28000,4.06000
214.95000,drogue,-9.81000,50592.00000,4294.04000,-32.12000,4.06000
215.05000,drogue,-9.81000,50624.00000,4289.36000,-31.99000,4.06000
215.06000,drogue,-9.81000,50624.00000,4289.36000,-31.99000,4.06000
215.15000,drogue,-9.81000,50672.00000,4282.36000,-31.95000,4.06000
215.25000,drogue,-10.84000,50692.00000,4279.44000,-32.00000,4.06000
215.35000,drogue,-10.32000,50681.00000,4281.05000,-32.07000,4.06000
215.38000,drogue,-10.32000,50681.00000,4281.05000,-32.07000,4.06000
215.45000,drogue,-10.32000,50689.00000,4279.88000,-32.17000,4.06000
215.55000,drogue,-12.39000,50706.00000,4277.40000,-32.21000,4.06000
215.65000,drogue,-10.84000,50740.00000,4272.44000,-32.29000,4.06000
215.70000,drogue,-10.84000,50740.00000,4272.44000,-32.29000,4.05000
215.75000,drogue,-10.32000,50735.00000,4273.17000,-32.44000,4.05000
215.85000,drogue,-10.84000,50772.00000,4267.78000,-32.60000,4.05000
215.95000,drogue,-9.29000,50833.00000,4258.90000,-32.84000,4.05000
216.02000,drogue,-9.29000,50833.00000,4258.90000,-32.84000,4.05000
216.05000,drogue,-12.39000,50855.00000,4255.70000,-33.07000,4.05000
216.06000,drogue,-12.39000,50855.00000,4255.70000,-33.07000,4.05000
216.15000,drogue,-9.81000,50873.00000,4253.08000,-33.37000,4.05000
216.25000,drogue,-9.29000,50878.00000,4252.35000,-33.68000,4.05000
216.34000,drogue,-9.29000,50878.00000,4252.35000,-33.68000,4.06000
216.35000,drogue,-11.36000,50917.00000,4246.68000,-33.91000,4.06000
216.45000,drogue,-9.29000,50888.00000,4250.90000,-34.07000,4.06000
216.55000,drogue,-10.84000,50878.00000,4252.35000,-34.13000,4.06000
216.65000,drogue,-10.84000,50906.00000,4248.28000,-34.14000,4.06000
216.66000,drogue,-10.84000,50906.00000,4248.28000,-34.14000,4.06000
216.75000,drogue,-9.81000,50949.00000,4242.04000,-34.05000,4.06000
216.85000,drogue,-10.84000,50993.00000,4235.65000,-33.90000,4.06000
216.95000,drogue,-11.36000,51089.00000,4221.72000,-33.75000,4.06000
216.98000,drogue,-11.36000,51089.00000,4221.72000,-33.75000,4.04000
217.05000,drogue,-9.29000,51128.00000,4216.07000,-33.58000,4.04000
217.06000,drogue,-9.29000,51128.00000,4216.07000,-33.58000,4.04000
217.15000,drogue,-10.84000,51169.00000,4210.14000,-33.38000,4.04000
217.25000,drogue,-10.84000,51196.00000,4206.23000,-33.16000,4.04000
217.30000,drogue,-10.84000,51196.00000,4206.23000,-33.16000,4.05000
217.35000,drogue,-9.81000,51189.00000,4207.24000,-32.91000,4.05000
217.45000,drogue,-7.23000,51191.00000,4206.95000,-32.64000,4.05000
217.55000,drogue,-12.39000,51142.00000,4214.05000,-32.39000,4.05000
217.62000,drogue,-12.39000,51142.00000,4214.05000,-32.39000,4.05000
217.65000,drogue,-11.87000,51153.00000,4212.45000,-32.18000,4.05000
217.75000,drogue,-9.81000,51214.00000,4203.63000,-31.98000,4.05000
217.85000,drogue,-8.77000,51219.00000,4202.90000,-31.83000,4.05000
217.94000,drogue,-8.77000,51219.00000,4202.90000,-31.83000,4.06000
217.95000,drogue,-10.32000,51267.00000,4195.96000,-31.78000,4.06000
218.05000,drogue,-9.29000,51277.00000,4194.52000,-31.77000,4.06000
218.06000,drogue,-9.29000,51277.00000,4194.52000,-31.77000,4.06000
218.15000,drogue,-11.87000,51364.00000,4181.95000,-31.82000,4.06000
218.25000,drogue,-9.29000,51371.00000,4180.94000,-31.90000,4.06000
218.26000,drogue,-9.29000,51371.00000,4180.94000,-31.90000,4.06000
218.35000,drogue,-11.87000,51349.00000,4184.12000,-32.01000,4.06000
218.45000,drogue,-11.87000,51358.00000,4182.82000,-32.09000,4.06000
218.55000,drogue,-9.81000,51364.00000,4181.95000,-32.16000,4.06000
218.58000,drogue,-9.81000,51364.00000,4181.95000,-32.16000,4.05000
218.65000,drogue,-12.39000,51397.00000,4177.19000,-32.25000,4.05000
218.75000,drogue,-11.36000,51428.00000,4172.72000,-32.40000,4.05000
218.85000,drogue,-9.81000,51433.00000,4172.00000,-32.56000,4.05000
218.90000,drogue,-9.81000,51433.00000,4172.00000,-32.56000,4.05000
218.95000,drogue,-10.32000,51502.00000,4162.06000,-32.76000,4.05000
219.05000,drogue,-10.84000,51550.00000,4155.15000,-32.95000,4.05000
219.15000,drogue,-10.84000,51542.00000,4156.31000,-33.08000,4.05000
219.22000,drogue,-10.84000,51542.00000,4156.31000,-33.08000,4.07000
219.25000,drogue,-9.29000,51591.00000,4149.26000,-33.16000,4.07000
219.35000,drogue,-9.29000,51615.00000,4145.81000,-33.16000,4.07000
219.45000,drogue,-9.81000,51610.00000,4146.53000,-33.09000,4.07000
219.54000,drogue,-9.81000,51610.00000,4146.53000,-33.09000,4.06000
219.55000,drogue,-9.29000,51626.00000,4144.23000,-32.97000,4.06000
219.65000,drogue,-8.26000,51645.00000,4141.50000,-32.86000,4.06000
219.75000,drogue,-8.77000,51668.00000,4138.19000,-32.80000,4.06000
219.85000,drogue,-11.36000,51678.00000,4136.76000,-32.76000,4.06000
219.86000,drogue,-11.36000,51678.00000,4136.76000,-32.76000,4.07000
219.95000,drogue,-9.81000,51727.00000,4129.72000,-32.74000,4.07000
220.05000,drogue,-9.29000,51756.00000,4125.56000,-32.72000,4.07000
220.06000,drogue,-9.29000,51756.00000,4125.56000,-32.72000,4.07000
220.15000,drogue,-10.32000,51807.00000,4118.25000,-32.75000,4.07000
220.18000,drogue,-10.32000,51807.00000,4118.25000,-32.75000,4.06000
220.25000,drogue,-12.39000,51802.00000,4118.97000,-32.76000,4.06000
220.35000,drogue,-10.32000,51804.00000,4118.68000,-32.75000,4.06000
220.45000,drogue,-9.81000,51806.00000,4118.40000,-32.68000,4.06000
220.50000,drogue,-9.81000,51806.00000,4118.40000,-32.68000,4.05000
220.55000,drogue,-10.84000,51825.00000,4115.67000,-32.58000,4.05000
220.65000,drogue,-11.36000,51843.00000,4113.10000,-32.52000,4.05000
220.75000,drogue,-7.74000,51922.00000,4101.79000,-32.50000,4.05000
220.82000,drogue,-7.74000,51922.00000,4101.79000,-32.50000,4.05000
220.85000,drogue,-9.29000,51937.00000,4099.64000,-32.48000,4.05000
220.95000,drogue,-9.29000,51976.00000,4094.07000,-32.51000,4.05000
221.05000,drogue,-8.26000,52009.00000,4089.35000,-32.56000,4.05000
221.14000,drogue,-8.26000,52009.00000,4089.35000,-32.56000,4.05000
221.15000,drogue,-10.84000,52010.00000,4089.21000,-32.58000,4.05000
221.25000,drogue,-10.32000,52022.00000,4087.49000,-32.58000,4.05000
221.35000,drogue,-11.87000,52022.00000,4087.49000,-32.56000,4.05000
221.45000,drogue,-8.77000,52028.00000,4086.64000,-32.52000,4.05000
221.46000,drogue,-8.77000,52028.00000,4086.64000,-32.52000,4.05000
221.55000,drogue,-11.36000,52078.00000,4079.50000,-32.44000,4.05000
221.65000,drogue,-8.26000,52106.00000,4075.51000,-32.39000,4.05000
221.75000,drogue,-9.81000,52142.00000,4070.37000,-32.38000,4.05000
221.78000,drogue,-9.81000,52142.00000,4070.37000,-32.38000,4.06000
221.85000,drogue,-7.23000,52187.00000,4063.96000,-32.33000,4.06000
221.95000,drogue,-10.84000,52188.00000,4063.82000,-32.34000,4.06000
222.05000,drogue,-11.36000,52212.00000,4060.40000,-32.36000,4.06000
222.06000,drogue,-11.36000,52212.00000,4060.40000,-32.36000,4.06000
222.10000,drogue,-11.36000,52212.00000,4060.40000,-32.36000,4.07000
222.15000,drogue,-8.77000,52232.00000,4057.55000,-32.40000,4.07000
222.25000,drogue,-10.32000,52252.00000,4054.70000,-32.42000,4.07000
222.35000,drogue,-7.74000,52282.00000,4050.44000,-32.41000,4.07000
222.42000,drogue,-7.74000,52282.00000,4050.44000,-32.41000,4.07000
222.45000,drogue,-9.29000,52225.00000,4058.55000,-32.38000,4.07000
222.55000,drogue,-10.32000,52251.00000,4054.85000,-32.36000,4.07000
222.65000,drogue,-9.81000,52321.00000,4044.89000,-32.38000,4.07000
222.74000,drogue,-9.81000,52321.00000,4044.89000,-32.38000,4.05000
222.75000,drogue,-10.32000,52383.00000,4036.08000,-32.46000,4.05000
222.85000,drogue,-10.84000,52405.00000,4032.96000,-32.53000,4.05000
222.95000,drogue,-8.26000,52438.00000,4028.27000,-32.62000,4.05000
223.05000,drogue,-9.81000,52467.00000,4024.16000,-32.70000,4.05000
223.06000,drogue,-9.81000,52467.00000,4024.16000,-32.70000,4.06000
223.15000,drogue,-9.81000,52482.00000,4022.03000,-32.74000,4.06000
223.25000,drogue,-10.32000,52455.00000,4025.86000,-32.76000,4.06000
223.35000,drogue,-10.32000,52481.00000,4022.17000,-32.74000,4.06000
223.38000,drogue,-10.32000,52481.00000,4022.17000,-32.74000,4.06000
223.45000,drogue,-10.32000,52503.00000,4019.05000,-32.74000,4.06000
223.55000,drogue,-7.74000,52498.00000,4019.76000,-32.78000,4.06000
223.65000,drogue,-10.32000,52566.00000,4010.13000,-32.81000,4.06000
223.70000,drogue,-10.32000,52566.00000,4010.13000,-32.81000,4.08000
223.75000,drogue,-10.32000,52617.00000,4002.91000,-32.85000,4.08000
223.85000,drogue,-11.36000,52598.00000,4005.60000,-32.88000,4.08000
223.95000,drogue,-10.84000,52652.00000,3997.96000,-32.89000,4.08000
224.02000,drogue,-10.84000,52652.00000,3997.96000,-32.89000,4.08000
224.05000,drogue,-9.81000,52671.00000,3995.27000,-32.87000,4.08000
224.06000,drogue,-9.81000,52671.00000,3995.27000,-32.87000,4.08000
224.15000,drogue,-9.29000,52688.00000,3992.87000,-32.82000,4.08000
224.25000,drogue,-9.81000,52712.00000,3989.47000,-32.74000,4.08000
224.34000,drogue,-9.81000,52712.00000,3989.47000,-32.74000,4.07000
224.35000,drogue,-8.26000,52709.00000,3989.90000,-32.62000,4.07000
224.45000,drogue,-8.77000,52730.00000,3986.93000,-32.45000,4.07000
224.55000,drogue,-9.29000,52758.00000,3982.98000,-32.29000,4.07000
224.65000,drogue,-9.29000,52817.00000,3974.65000,-32.18000,4.07000
224.66000,drogue,-9.29000,52817.00000,3974.65000,-32.18000,4.06000
224.75000,drogue,-11.36000,52843.00000,3970.98000,-32.10000,4.06000
224.85000,drogue,-9.81000,52868.00000,3967.46000,-32.01000,4.06000
224.95000,drogue,-10.84000,52894.00000,3963.79000,-31.94000,4.06000
224.98000,drogue,-10.84000,52894.00000,3963.79000,-31.94000,4.06000
225.05000,drogue,-10.32000,52909.00000,3961.68000,-31.85000,4.06000
225.15000,drogue,-8.77000,52905.00000,3962.24000,-31.74000,4.06000
225.25000,drogue,-10.32000,52913.00000,3961.12000,-31.56000,4.06000
225.30000,drogue,-10.32000,52913.00000,3961.12000,-31.56000,4.06000
225.35000,drogue,-9.81000,52926.00000,3959.29000,-31.40000,4.06000
225.45000,drogue,-9.29000,52982.00000,3951.40000,-31.29000,4.06000
225.55000,drogue,-9.81000,53023.00000,3945.63000,-31.14000,4.06000
225.62000,drogue,-9.81000,53023.00000,3945.63000,-31.14000,4.05000
225.65000,drogue,-9.29000,53035.00000,3943.95000,-31.05000,4.05000
225.75000,drogue,-8.77000,53058.00000,3940.71000,-31.03000,4.05000
225.85000,drogue,-10.32000,53072.00000,3938.75000,-31.00000,4.05000
225.94000,drogue,-10.32000,53072.00000,3938.75000,-31.00000,4.06000
225.95000,drogue,-8.77000,53107.00000,3933.83000,-31.00000,4.06000
226.05000,drogue,-9.81000,53104.00000,3934.25000,-31.00000,4.06000
226.06000,drogue,-9.81000,53104.00000,3934.25000,-31.00000,4.06000
226.15000,drogue,-9.81000,53121.00000,3931.86000,-31.00000,4.06000
226.25000,drogue,-11.87000,53128.00000,3930.88000,-30.98000,4.06000
226.26000,drogue,-11.87000,53128.00000,3930.88000,-30.98000,4.05000
226.35000,drogue,-9.81000,53140.00000,3929.19000,-30.93000,4.05000
226.45000,drogue,-8.26000,53187.00000,3922.60000,-30.85000,4.05000
226.55000,drogue,-10.32000,53223.00000,3917.55000,-30.84000,4.05000
226.58000,drogue,-10.32000,53223.00000,3917.55000,-30.84000,4.06000
226.65000,drogue,-9.29000,53267.00000,3911.38000,-30.90000,4.06000
226.75000,drogue,-8.77000,53290.00000,3908.16000,-30.94000,4.06000
226.85000,drogue,-9.29000,53319.00000,3904.10000,-30.99000,4.06000
226.90000,drogue,-9.29000,53319.00000,3904.10000,-30.99000,4.07000
226.95000,drogue,-8.26000,53357.00000,3898.78000,-31.06000,4.07000
227.04000,drogue,-8.26000,53357.00000,3898.78000,-31.06000,4.07000
227.05000,drogue,-9.81000,53344.00000,3900.60000,-31.12000,4.07000
227.15000,drogue,-9.29000,53352.00000,3899.48000,-31.19000,4.07000
227.22000,drogue,-9.29000,53352.00000,3899.48000,-31.19000,4.08000
227.25000,drogue,-11.36000,53324.00000,3903.40000,-31.22000,4.08000
227.35000,drogue,-10.32000,53365.00000,3897.66000,-31.29000,4.08000
227.45000,drogue,-9.81000,53426.00000,3889.13000,-31.39000,4.08000
227.54000,drogue,-9.81000,53426.00000,3889.13000,-31.39000,4.08000
227.55000,drogue,-8.26000,53406.00000,3891.93000,-31.51000,4.08000
227.65000,drogue,-11.36000,53455.00000,3885.08000,-31.63000,4.08000
227.75000,drogue,-8.26000,53522.00000,3875.72000,-31.76000,4.08000
227.85000,drogue,-9.81000,53543.00000,3872.79000,-31.88000,4.08000
227.86000,drogue,-9.81000,53543.00000,3872.79000,-31.88000,4.09000
227.95000,drogue,-10.84000,53551.00000,3871.68000,-32.03000,4.09000
228.05000,drogue,-9.81000,53568.00000,3869.31000,-32.16000,4.09000
228.15000,drogue,-10.84000,53567.00000,3869.45000,-32.30000,4.09000
228.18000,drogue,-10.84000,53567.00000,3869.45000,-32.30000,4.05000
228.25000,drogue,-10.84000,53582.00000,3867.35000,-32.38000,4.05000
228.35000,drogue,-10.32000,53581.00000,3867.49000,-32.39000,4.05000
228.45000,drogue,-10.32000,53588.00000,3866.52000,-32.43000,4.05000
228.50000,drogue,-10.32000,53588.00000,3866.52000,-32.43000,4.06000
228.55000,drogue,-12.90000,53693.00000,3851.89000,-32.43000,4.06000
228.65000,drogue,-8.77000,53746.00000,3844.51000,-32.47000,4.06000
228.75000,drogue,-9.81000,53729.00000,3846.88000,-32.47000,4.06000
228.82000,drogue,-9.81000,53729.00000,3846.88000,-32.47000,4.06000
228.85000,drogue,-8.77000,53768.00000,3841.45000,-32.44000,4.06000
228.95000,drogue,-10.32000,53788.00000,3838.67000,-32.40000,4.06000
229.04000,drogue,-10.32000,53788.00000,3838.67000,-32.40000,4.06000
229.05000,drogue,-8.77000,53800.00000,3837.01000,-32.31000,4.06000
229.14000,drogue,-8.77000,53800.00000,3837.01000,-32.31000,4.05000
229.15000,drogue,-10.32000,53834.00000,3832.28000,-32.22000,4.05000
229.25000,drogue,-10.32000,53801.00000,3836.87000,-32.08000,4.05000
229.35000,drogue,-9.81000,53855.00000,3829.36000,-31.92000,4.05000
229.45000,drogue,-8.77000,53864.00000,3828.11000,-31.78000,4.05000
229.46000,drogue,-8.77000,53864.00000,3828.11000,-31.78000,4.08000
229.55000,drogue,-9.81000,53895.00000,3823.81000,-31.58000,4.08000
229.65000,drogue,-9.29000,53939.00000,3817.71000,-31.42000,4.08000
229.75000,drogue,-10.32000,53964.00000,3814.24000,-31.30000,4.08000
229.78000,drogue,-10.32000,53964.00000,3814.24000,-31.30000,4.09000
229.85000,drogue,-10.32000,53986.00000,3811.19000,-31.21000,4.09000
229.95000,drogue,-10.32000,54027.00000,3805.51000,-31.10000,4.09000
230.05000,drogue,-10.84000,54044.00000,3803.16000,-31.03000,4.09000
230.10000,drogue,-10.84000,54044.00000,3803.16000,-31.03000,4.08000
230.15000,drogue,-7.74000,54069.00000,3799.69000,-30.93000,4.08000
230.25000,drogue,-7.74000,54050.00000,3802.32000,-30.87000,4.08000
230.35000,drogue,-10.84000,54011.00000,3807.73000,-30.83000,4.08000
230.42000,drogue,-10.84000,54011.00000,3807.73000,-30.83000,4.06000
230.45000,drogue,-10.32000,54091.00000,3796.65000,-30.73000,4.06000
230.55000,drogue,-10.84000,54097.00000,3795.82000,-30.71000,4.06000
230.65000,drogue,-8.77000,54189.00000,3783.10000,-30.70000,4.06000
230.74000,drogue,-8.77000,54189.00000,3783.10000,-30.70000,4.07000
230.75000,drogue,-10.84000,54202.00000,3781.30000,-30.70000,4.07000
230.85000,drogue,-9.81000,54221.00000,3778.68000,-30.73000,4.07000
230.95000,drogue,-7.74000,54238.00000,3776.33000,-30.78000,4.07000
231.04000,drogue,-7.74000,54238.00000,3776.33000,-30.78000,4.07000
231.05000,drogue,-10.32000,54262.00000,3773.02000,-30.83000,4.07000
231.06000,drogue,-10.32000,54262.00000,3773.02000,-30.83000,4.06000
231.15000,drogue,-8.77000,54291.00000,3769.01000,-30.90000,4.06000
231.25000,drogue,-8.26000,54282.00000,3770.26000,-30.94000,4.06000
231.35000,drogue,-12.90000,54257.00000,3773.71000,-31.00000,4.06000
231.38000,drogue,-12.90000,54257.00000,3773.71000,-31.00000,4.06000
231.45000,drogue,-9.29000,54282.00000,3770.26000,-31.05000,4.06000
231.55000,drogue,-10.84000,54306.00000,3766.95000,-31.11000,4.06000
231.65000,drogue,-10.32000,54362.00000,3759.22000,-31.18000,4.06000
231.70000,drogue,-10.32000,54362.00000,3759.22000,-31.18000,4.08000
231.75000,drogue,-11.36000,54398.00000,3754.26000,-31.24000,4.08000
231.85000,drogue,-9.81000,54472.00000,3744.08000,-31.31000,4.08000
231.95000,drogue,-11.87000,54472.00000,3744.08000,-31.36000,4.08000
232.02000,drogue,-11.87000,54472.00000,3744.08000,-31.36000,4.07000
232.05000,drogue,-8.77000,54520.00000,3737.47000,-31.40000,4.07000
232.15000,drogue,-9.81000,54488.00000,3741.88000,-31.42000,4.07000
232.25000,drogue,-10.32000,54533.00000,3735.69000,-31.40000,4.07000
232.34000,drogue,-10.32000,54533.00000,3735.69000,-31.40000,4.07000
232.35000,drogue,-10.84000,54545.00000,3734.04000,-31.33000,4.07000
232.45000,drogue,-10.32000,54492.00000,3741.32000,-31.31000,4.07000
232.55000,drogue,-10.32000,54528.00000,3736.37000,-31.26000,4.07000
232.65000,drogue,-10.84000,54557.00000,3732.39000,-31.22000,4.07000
232.66000,drogue,-10.84000,54557.00000,3732.39000,-31.22000,4.06000
232.75000,drogue,-10.84000,54652.00000,3719.34000,-31.19000,4.06000
232.85000,drogue,-10.84000,54687.00000,3714.54000,-31.15000,4.06000
232.95000,drogue,-9.81000,54704.00000,3712.21000,-31.12000,4.06000
232.98000,drogue,-9.81000,54704.00000,3712.21000,-31.12000,4.05000
233.05000,drogue,-9.81000,54724.00000,3709.47000,-31.10000,4.05000
233.15000,drogue,-10.32000,54739.00000,3707.41000,-31.07000,4.05000
233.25000,drogue,-10.32000,54755.00000,3705.22000,-31.05000,4.05000
233.30000,drogue,-10.32000,54755.00000,3705.22000,-31.05000,4.06000
233.35000,drogue,-11.36000,54743.00000,3706.86000,-31.04000,4.06000
233.45000,drogue,-10.84000,54765.00000,3703.85000,-31.04000,4.06000
233.55000,drogue,-8.77000,54798.00000,3699.33000,-31.03000,4.06000
233.62000,drogue,-8.77000,54798.00000,3699.33000,-31.03000,4.06000
233.65000,drogue,-11.87000,54816.00000,3696.86000,-31.10000,4.06000
233.75000,drogue,-9.29000,54841.00000,3693.44000,-31.16000,4.06000
233.85000,drogue,-10.84000,54895.00000,3686.06000,-31.27000,4.06000
233.94000,drogue,-10.84000,54895.00000,3686.06000,-31.27000,4.07000
233.95000,drogue,-9.81000,54897.00000,3685.78000,-31.32000,4.07000
234.04000,drogue,-9.81000,54897.00000,3685.78000,-31.32000,4.07000
234.05000,drogue,-9.29000,54934.00000,3680.72000,-31.41000,4.07000
234.15000,drogue,-9.81000,54944.00000,3679.36000,-31.43000,4.07000
234.25000,drogue,-9.81000,54972.00000,3675.53000,-31.48000,4.07000
234.26000,drogue,-9.81000,54972.00000,3675.53000,-31.48000,4.08000
234.35000,drogue,-10.32000,54979.00000,3674.58000,-31.54000,4.08000
234.45000,drogue,-8.77000,55004.00000,3671.16000,-31.55000,4.08000
234.55000,drogue,-7.74000,55016.00000,3669.53000,-31.54000,4.08000
234.58000,drogue,-7.74000,55016.00000,3669.53000,-31.54000,4.07000
234.65000,drogue,-9.29000,55022.00000,3668.71000,-31.51000,4.07000
234.75000,drogue,-10.32000,55091.00000,3659.29000,-31.52000,4.07000
234.85000,drogue,-8.26000,55127.00000,3654.39000,-31.47000,4.07000
234.90000,drogue,-8.26000,55127.00000,3654.39000,-31.47000,4.05000
234.95000,drogue,-11.36000,55166.00000,3649.07000,-31.43000,4.05000
235.04000,drogue,-11.36000,55166.00000,3649.07000,-31.43000,4.05000
235.05000,drogue,-10.32000,55181.00000,3647.03000,-31.38000,4.05000
235.15000,drogue,-8.77000,55174.00000,3647.98000,-31.32000,4.05000
235.22000,drogue,-8.77000,55174.00000,3647.98000,-31.32000,4.06000
235.25000,drogue,-9.81000,55212.00000,3642.81000,-31.29000,4.06000
235.35000,drogue,-9.81000,55250.00000,3637.64000,-31.26000,4.06000
235.45000,drogue,-9.81000,55237.00000,3639.41000,-31.25000,4.06000
235.54000,drogue,-9.81000,55237.00000,3639.41000,-31.25000,4.06000
235.55000,drogue,-11.36000,55222.00000,3641.45000,-31.21000,4.06000
235.65000,drogue,-7.74000,55297.00000,3631.25000,-31.18000,4.06000
235.75000,drogue,-11.36000,55294.00000,3631.66000,-31.14000,4.06000
235.85000,drogue,-9.29000,55345.00000,3624.73000,-31.14000,4.06000
235.86000,drogue,-9.29000,55345.00000,3624.73000,-31.14000,4.08000
235.95000,drogue,-9.29000,55338.00000,3625.68000,-31.13000,4.08000
236.05000,drogue,-10.32000,55403.00000,3616.85000,-31.16000,4.08000
236.15000,drogue,-12.39000,55403.00000,3616.85000,-31.17000,4.08000
236.18000,drogue,-12.39000,55403.00000,3616.85000,-31.17000,4.08000
236.25000,drogue,-10.32000,55448.00000,3610.75000,-31.20000,4.08000
236.35000,drogue,-10.84000,55486.00000,3605.59000,-31.22000,4.08000
236.45000,drogue,-10.84000,55498.00000,3603.97000,-31.25000,4.08000
236.50000,drogue,-10.84000,55498.00000,3603.97000,-31.25000,4.09000
236.55000,drogue,-9.81000,55465.00000,3608.44000,-31.23000,4.09000
236.65000,drogue,-10.32000,55476.00000,3606.95000,-31.19000,4.09000
236.75000,drogue,-11.36000,55506.00000,3602.88000,-31.16000,4.09000
236.82000,drogue,-11.36000,55506.00000,3602.88000,-31.16000,4.05000
236.85000,drogue,-9.29000,55517.00000,3601.39000,-31.06000,4.05000
236.95000,drogue,-10.84000,55597.00000,3590.56000,-30.96000,4.05000
237.05000,drogue,-9.29000,55650.00000,3583.39000,-30.89000,4.05000
237.14000,drogue,-9.29000,55650.00000,3583.39000,-30.89000,4.05000
237.15000,drogue,-9.81000,55664.00000,3581.50000,-30.85000,4.05000
237.25000,drogue,-8.77000,55713.00000,3574.87000,-30.83000,4.05000
237.35000,drogue,-11.36000,55745.00000,3570.55000,-30.81000,4.05000
237.45000,drogue,-10.84000,55734.00000,3572.04000,-30.81000,4.05000
237.46000,drogue,-10.84000,55734.00000,3572.04000,-30.81000,4.07000
237.55000,drogue,-10.84000,55688.00000,3578.25000,-30.75000,4.07000
237.65000,drogue,-10.84000,55720.00000,3573.93000,-30.74000,4.07000
237.75000,drogue,-10.84000,55725.00000,3573.25000,-30.71000,4.07000
237.78000,drogue,-10.84000,55725.00000,3573.25000,-30.71000,4.06000
237.85000,drogue,-10.32000,55770.00000,3567.18000,-30.70000,4.06000
237.95000,drogue,-8.77000,55813.00000,3561.37000,-30.69000,4.06000
238.05000,drogue,-9.29000,55859.00000,3555.17000,-30.74000,4.06000
238.06000,drogue,-9.29000,55859.00000,3555.17000,-30.74000,4.06000
238.10000,drogue,-9.29000,55859.00000,3555.17000,-30.74000,4.06000
238.15000,drogue,-6.71000,55877.00000,3552.74000,-30.77000,4.06000
238.25000,drogue,-10.84000,55902.00000,3549.37000,-30.85000,4.06000
238.35000,drogue,-11.36000,55929.00000,3545.74000,-30.94000,4.06000
238.42000,drogue,-11.36000,55929.00000,3545.74000,-30.94000,4.07000
238.45000,drogue,-8.26000,55942.00000,3543.99000,-30.98000,4.07000
238.55000,drogue,-9.81000,55932.00000,3545.33000,-31.00000,4.07000
238.65000,drogue,-9.29000,55954.00000,3542.37000,-31.01000,4.07000
238.74000,drogue,-9.29000,55954.00000,3542.37000,-31.01000,4.08000
238.75000,drogue,-9.81000,55969.00000,3540.35000,-31.02000,4.08000
238.85000,drogue,-10.84000,55940.00000,3544.26000,-31.03000,4.08000
238.95000,drogue,-10.32000,56018.00000,3533.76000,-31.08000,4.08000
239.05000,drogue,-8.26000,56112.00000,3521.12000,-31.13000,4.08000
239.06000,drogue,-8.26000,56112.00000,3521.12000,-31.13000,4.07000
239.15000,drogue,-9.29000,56188.00000,3510.92000,-31.18000,4.07000
239.25000,drogue,-10.84000,56189.00000,3510.78000,-31.20000,4.07000
239.35000,drogue,-8.77000,56168.00000,3513.60000,-31.23000,4.07000
239.38000,drogue,-8.77000,56168.00000,3513.60000,-31.23000,4.06000
239.45000,drogue,-10.32000,56207.00000,3508.37000,-31.18000,4.06000
239.55000,drogue,-10.84000,56155.00000,3515.35000,-31.10000,4.06000
239.65000,drogue,-9.29000,56155.00000,3515.35000,-31.04000,4.06000
239.70000,drogue,-9.29000,56155.00000,3515.35000,-31.04000,4.09000
239.75000,drogue,-9.81000,56187.00000,3511.05000,-30.99000,4.09000
239.85000,drogue,-10.32000,56208.00000,3508.24000,-30.92000,4.09000
239.95000,drogue,-9.81000,56257.00000,3501.66000,-30.90000,4.09000
240.02000,drogue,-9.81000,56257.00000,3501.66000,-30.90000,4.09000
240.05000,drogue,-10.32000,56307.00000,3494.96000,-30.88000,4.09000
240.15000,drogue,-8.77000,56340.00000,3490.55000,-30.84000,4.09000
240.25000,drogue,-11.36000,56387.00000,3484.25000,-30.82000,4.09000
240.34000,drogue,-11.36000,56387.00000,3484.25000,-30.82000,4.08000
240.35000,drogue,-9.29000,56402.00000,3482.25000,-30.80000,4.08000
240.45000,drogue,-9.29000,56375.00000,3485.86000,-30.75000,4.08000
240.55000,drogue,-10.32000,56434.00000,3477.97000,-30.67000,4.08000
240.65000,drogue,-9.81000,56437.00000,3477.57000,-30.61000,4.08000
240.66000,drogue,-9.81000,56437.00000,3477.57000,-30.61000,4.05000
240.75000,drogue,-9.81000,56448.00000,3476.10000,-30.53000,4.05000
240.85000,drogue,-9.81000,56492.00000,3470.22000,-30.41000,4.05000
240.95000,drogue,-9.81000,56510.00000,3467.81000,-30.39000,4.05000
240.98000,drogue,-9.81000,56510.00000,3467.81000,-30.39000,4.06000
241.05000,drogue,-9.29000,56529.00000,3465.27000,-30.47000,4.06000
241.15000,drogue,-8.77000,56595.00000,3456.47000,-30.62000,4.06000
241.25000,drogue,-9.29000,56570.00000,3459.80000,-30.76000,4.06000
241.30000,drogue,-9.29000,56570.00000,3459.80000,-30.76000,4.06000
241.35000,drogue,-8.77000,56624.00000,3452.60000,-30.89000,4.06000
241.45000,drogue,-9.29000,56596.00000,3456.33000,-31.02000,4.06000
241.55000,drogue,-9.81000,56643.00000,3450.07000,-31.10000,4.06000
241.62000,drogue,-9.81000,56643.00000,3450.07000,-31.10000,4.05000
241.65000,drogue,-10.32000,56655.00000,3448.47000,-31.20000,4.05000
241.75000,drogue,-11.87000,56701.00000,3442.34000,-31.34000,4.05000
241.85000,drogue,-10.32000,56672.00000,3446.20000,-31.50000,4.05000
241.94000,drogue,-10.32000,56672.00000,3446.20000,-31.50000,4.06000
241.95000,drogue,-11.36000,56734.00000,3437.94000,-31.70000,4.06000
242.04000,drogue,-11.36000,56734.00000,3437.94000,-31.70000,4.06000
242.05000,drogue,-10.32000,56758.00000,3434.75000,-31.89000,4.06000
242.15000,drogue,-9.81000,56775.00000,3432.48000,-32.10000,4.06000
242.25000,drogue,-10.32000,56836.00000,3424.37000,-32.30000,4.06000
242.26000,drogue,-10.32000,56836.00000,3424.37000,-32.30000,4.10000
242.35000,drogue,-10.84000,56847.00000,3422.91000,-32.44000,4.10000
242.45000,drogue,-10.84000,56845.00000,3423.18000,-32.46000,4.10000
242.55000,drogue,-8.77000,56869.00000,3419.99000,-32.47000,4.10000
242.58000,drogue,-8.77000,56869.00000,3419.99000,-32.47000,4.05000
242.65000,drogue,-10.84000,56900.00000,3415.87000,-32.40000,4.05000
242.75000,drogue,-9.81000,56910.00000,3414.54000,-32.25000,4.05000
242.85000,drogue,-10.32000,56902.00000,3415.60000,-32.08000,4.05000
242.90000,drogue,-10.32000,56902.00000,3415.60000,-32.08000,4.07000
242.95000,drogue,-11.36000,57002.00000,3402.33000,-31.89000,4.07000
243.05000,drogue,-10.32000,57056.00000,3395.17000,-31.70000,4.07000
243.15000,drogue,-10.84000,57102.00000,3389.08000,-31.53000,4.07000
243.22000,drogue,-10.84000,57102.00000,3389.08000,-31.53000,4.06000
243.25000,drogue,-9.81000,57123.00000,3386.30000,-31.29000,4.06000
243.35000,drogue,-9.29000,57132.00000,3385.10000,-31.09000,4.06000
243.45000,drogue,-10.32000,57083.00000,3391.59000,-30.84000,4.06000
243.54000,drogue,-10.32000,57083.00000,3391.59000,-30.84000,4.05000
243.55000,drogue,-10.84000,57092.00000,3390.40000,-30.65000,4.05000
243.65000,drogue,-9.29000,57109.00000,3388.15000,-30.47000,4.05000
243.75000,drogue,-10.84000,57153.00000,3382.32000,-30.36000,4.05000
243.85000,drogue,-9.81000,57181.00000,3378.62000,-30.27000,4.05000
243.86000,drogue,-9.81000,57181.00000,3378.62000,-30.27000,4.05000
243.95000,drogue,-9.29000,57223.00000,3373.06000,-30.25000,4.05000
244.05000,drogue,-10.32000,57234.00000,3371.61000,-30.29000,4.05000
244.06000,drogue,-10.32000,57234.00000,3371.61000,-30.29000,4.05000
244.15000,drogue,-10.32000,57300.00000,3362.89000,-30.35000,4.05000
244.18000,drogue,-10.32000,57300.00000,3362.89000,-30.35000,4.07000
244.25000,drogue,-9.81000,57321.00000,3360.12000,-30.45000,4.07000
244.35000,drogue,-9.29000,57317.00000,3360.64000,-30.58000,4.07000
244.45000,drogue,-9.81000,57300.00000,3362.89000,-30.72000,4.07000
244.50000,drogue,-9.81000,57300.00000,3362.89000,-30.72000,4.07000
244.55000,drogue,-9.29000,57332.00000,3358.66000,-30.88000,4.07000
244.65000,drogue,-11.36000,57348.00000,3356.55000,-31.02000,4.07000
244.75000,drogue,-9.81000,57356.00000,3355.50000,-31.12000,4.07000
244.82000,drogue,-9.81000,57356.00000,3355.50000,-31.12000,4.06000
244.85000,drogue,-9.81000,57389.00000,3351.14000,-31.19000,4.06000
244.95000,drogue,-9.29000,57466.00000,3340.99000,-31.27000,4.06000
245.05000,drogue,-10.32000,57510.00000,3335.20000,-31.31000,4.06000
245.06000,drogue,-10.32000,57510.00000,3335.20000,-31.31000,4.06000
245.14000,drogue,-10.32000,57510.00000,3335.20000,-31.31000,4.06000
245.15000,drogue,-10.32000,57530.00000,3332.56000,-31.34000,4.06000
245.25000,drogue,-9.81000,57534.00000,3332.04000,-31.33000,4.06000
245.35000,drogue,-10.32000,57552.00000,3329.67000,-31.27000,4.06000
245.45000,drogue,-8.77000,57548.00000,3330.19000,-31.16000,4.06000
245.46000,drogue,-8.77000,57548.00000,3330.19000,-31.16000,4.05000
245.55000,drogue,-9.29000,57594.00000,3324.14000,-31.05000,4.05000
245.65000,drogue,-10.32000,57601.00000,3323.22000,-30.95000,4.05000
245.75000,drogue,-8.26000,57649.00000,3316.91000,-30.83000,4.05000
245.78000,drogue,-8.26000,57649.00000,3316.91000,-30.83000,4.07000
245.85000,drogue,-8.77000,57684.00000,3312.31000,-30.70000,4.07000
245.95000,drogue,-10.32000,57690.00000,3311.52000,-30.57000,4.07000
246.05000,drogue,-10.32000,57734.00000,3305.75000,-30.43000,4.07000
246.10000,drogue,-10.32000,57734.00000,3305.75000,-30.43000,4.06000
246.15000,drogue,-9.29000,57741.00000,3304.83000,-30.34000,4.06000
246.25000,drogue,-9.29000,57741.00000,3304.83000,-30.26000,4.06000
246.35000,drogue,-9.29000,57793.00000,3298.00000,-30.20000,4.06000
246.42000,drogue,-9.29000,57793.00000,3298.00000,-30.20000,4.07000
246.45000,drogue,-9.81000,57817.00000,3294.86000,-30.13000,4.07000
246.55000,drogue,-10.32000,57851.00000,3290.40000,-30.14000,4.07000
246.65000,drogue,-9.81000,57822.00000,3294.20000,-30.17000,4.07000
246.74000,drogue,-9.81000,57822.00000,3294.20000,-30.17000,4.05000
246.75000,drogue,-9.29000,57830.00000,3293.15000,-30.21000,4.05000
246.85000,drogue,-9.81000,57874.00000,3287.39000,-30.29000,4.05000
246.95000,drogue,-10.84000,57880.00000,3286.60000,-30.38000,4.05000
247.05000,drogue,-7.74000,57908.00000,3282.93000,-30.48000,4.05000
247.06000,drogue,-7.74000,57908.00000,3282.93000,-30.48000,4.06000
247.15000,drogue,-9.81000,57966.00000,3275.34000,-30.54000,4.06000
247.25000,drogue,-9.81000,58019.00000,3268.41000,-30.59000,4.06000
247.35000,drogue,-9.81000,58031.00000,3266.84000,-30.67000,4.06000
247.38000,drogue,-9.81000,58031.00000,3266.84000,-30.67000,4.08000
247.45000,drogue,-8.77000,58081.00000,3260.31000,-30.75000,4.08000
247.55000,drogue,-9.81000,58100.00000,3257.83000,-30.87000,4.08000
247.65000,drogue,-7.74000,58107.00000,3256.91000,-31.00000,4.08000
247.70000,drogue,-7.74000,58107.00000,3256.91000,-31.00000,4.09000
247.75000,drogue,-9.29000,58073.00000,3261.35000,-31.12000,4.09000
247.85000,drogue,-12.39000,58079.00000,3260.57000,-31.21000,4.09000
247.95000,drogue,-11.36000,58104.00000,3257.30000,-31.26000,4.09000
248.02000,drogue,-11.36000,58104.00000,3257.30000,-31.26000,4.04000
248.05000,drogue,-8.77000,58142.00000,3252.34000,-31.33000,4.04000
248.06000,drogue,-8.77000,58142.00000,3252.34000,-31.33000,4.04000
248.15000,drogue,-9.29000,58183.00000,3246.99000,-31.34000,4.04000
248.25000,drogue,-10.32000,58227.00000,3241.26000,-31.31000,4.04000
248.34000,drogue,-10.32000,58227.00000,3241.26000,-31.31000,4.09000
248.35000,drogue,-10.32000,58282.00000,3234.09000,-31.31000,4.09000
248.45000,drogue,-10.32000,58290.00000,3233.05000,-31.28000,4.09000
248.55000,drogue,-10.32000,58353.00000,3224.84000,-31.28000,4.09000
248.65000,drogue,-10.84000,58337.00000,3226.93000,-31.22000,4.09000
248.66000,drogue,-10.84000,58337.00000,3226.93000,-31.22000,4.07000
248.75000,drogue,-12.90000,58346.00000,3225.75000,-31.15000,4.07000
248.85000,drogue,-9.29000,58375.00000,3221.98000,-31.10000,4.07000
248.95000,drogue,-9.29000,58343.00000,3226.15000,-31.03000,4.07000
248.98000,drogue,-9.29000,58343.00000,3226.15000,-31.03000,4.04000
249.05000,drogue,-9.81000,58382.00000,3221.07000,-30.95000,4.04000
249.06000,drogue,-9.81000,58382.00000,3221.07000,-30.95000,4.04000
249.15000,drogue,-10.32000,58384.00000,3220.81000,-30.89000,4.04000
249.25000,drogue,-10.32000,58447.00000,3212.62000,-30.80000,4.04000
249.30000,drogue,-10.32000,58447.00000,3212.62000,-30.80000,4.06000
249.35000,drogue,-9.81000,58526.00000,3202.36000,-30.66000,4.06000
249.45000,drogue,-8.26000,58564.00000,3197.42000,-30.53000,4.06000
249.55000,drogue,-10.32000,58591.00000,3193.92000,-30.40000,4.06000
249.62000,drogue,-10.32000,58591.00000,3193.92000,-30.40000,4.06000
249.65000,drogue,-10.32000,58612.00000,3191.20000,-30.31000,4.06000
249.75000,drogue,-11.36000,58591.00000,3193.92000,-30.19000,4.06000
249.85000,drogue,-10.32000,58577.00000,3195.74000,-30.11000,4.06000
249.94000,drogue,-10.32000,58577.00000,3195.74000,-30.11000,4.05000
249.95000,drogue,-10.84000,58594.00000,3193.53000,-30.09000,4.05000
250.05000,drogue,-10.32000,58643.00000,3187.18000,-30.15000,4.05000
250.06000,drogue,-10.32000,58643.00000,3187.18000,-30.15000,4.05000
250.15000,drogue,-10.84000,58633.00000,3188.48000,-30.26000,4.05000
250.25000,drogue,-12.39000,58666.00000,3184.20000,-30.36000,4.05000
250.26000,drogue,-12.39000,58666.00000,3184.20000,-30.36000,4.06000
250.35000,drogue,-10.32000,58719.00000,3177.33000,-30.48000,4.06000
250.45000,drogue,-11.87000,58740.00000,3174.62000,-30.60000,4.06000
250.55000,drogue,-10.32000,58808.00000,3165.82000,-30.73000,4.06000
250.58000,drogue,-10.32000,58808.00000,3165.82000,-30.73000,4.10000
250.65000,drogue,-10.84000,58812.00000,3165.30000,-30.81000,4.10000
250.75000,drogue,-8.26000,58840.00000,3161.68000,-30.88000,4.10000
250.85000,drogue,-11.36000,58845.00000,3161.03000,-30.98000,4.10000
250.90000,drogue,-11.36000,58845.00000,3161.03000,-30.98000,4.08000
250.95000,drogue,-12.39000,58856.00000,3159.61000,-31.01000,4.08000
251.05000,drogue,-8.77000,58876.00000,3157.03000,-31.09000,4.08000
251.15000,drogue,-10.84000,58900.00000,3153.93000,-31.13000,4.08000
251.22000,drogue,-10.84000,58900.00000,3153.93000,-31.13000,4.05000
251.25000,drogue,-10.84000,58889.00000,3155.35000,-31.18000,4.05000
251.35000,drogue,-7.23000,58902.00000,3153.67000,-31.20000,4.05000
251.45000,drogue,-9.81000,58953.00000,3147.08000,-31.14000,4.05000
251.54000,drogue,-9.81000,58953.00000,3147.08000,-31.14000,4.07000
251.55000,drogue,-11.36000,58998.00000,3141.28000,-31.01000,4.07000
251.65000,drogue,-9.81000,59089.00000,3129.55000,-30.84000,4.07000
251.75000,drogue,-11.36000,59089.00000,3129.55000,-30.63000,4.07000
251.85000,drogue,-9.81000,59115.00000,3126.20000,-30.40000,4.07000
251.86000,drogue,-9.81000,59115.00000,3126.20000,-30.40000,4.07000
251.95000,drogue,-10.32000,59153.00000,3121.31000,-30.19000,4.07000
252.05000,drogue,-10.32000,59188.00000,3116.80000,-30.01000,4.07000
252.15000,drogue,-9.29000,59180.00000,3117.83000,-29.85000,4.07000
252.18000,drogue,-9.29000,59180.00000,3117.83000,-29.85000,4.06000
252.25000,drogue,-10.84000,59147.00000,3122.08000,-29.71000,4.06000
252.35000,drogue,-10.32000,59155.00000,3121.05000,-29.60000,4.06000
252.45000,drogue,-9.29000,59204.00000,3114.75000,-29.51000,4.06000
252.50000,drogue,-9.29000,59204.00000,3114.75000,-29.51000,4.05000
252.55000,drogue,-9.81000,59223.00000,3112.30000,-29.49000,4.05000
252.65000,drogue,-8.77000,59229.00000,3111.53000,-29.45000,4.05000
252.75000,drogue,-10.32000,59283.00000,3104.59000,-29.50000,4.05000
252.82000,drogue,-10.32000,59283.00000,3104.59000,-29.50000,4.08000
252.85000,drogue,-9.81000,59338.00000,3097.53000,-29.56000,4.08000
252.95000,drogue,-9.81000,59340.00000,3097.27000,-29.63000,4.08000
253.05000,drogue,-12.39000,59398.00000,3089.83000,-29.74000,4.08000
253.14000,drogue,-12.39000,59398.00000,3089.83000,-29.74000,4.08000
253.15000,drogue,-10.32000,59406.00000,3088.80000,-29.89000,4.08000
253.25000,drogue,-9.29000,59409.00000,3088.42000,-30.05000,4.08000
253.35000,drogue,-8.77000,59405.00000,3088.93000,-30.17000,4.08000
253.45000,drogue,-11.36000,59390.00000,3090.85000,-30.30000,4.08000
253.46000,drogue,-11.36000,59390.00000,3090.85000,-30.30000,4.05000
253.55000,drogue,-9.29000,59406.00000,3088.80000,-30.39000,4.05000
253.65000,drogue,-9.81000,59463.00000,3081.49000,-30.50000,4.05000
253.75000,drogue,-9.81000,59532.00000,3072.65000,-30.50000,4.05000
253.78000,drogue,-9.81000,59532.00000,3072.65000,-30.50000,4.07000
253.85000,drogue,-9.29000,59576.00000,3067.02000,-30.49000,4.07000
253.95000,drogue,-8.77000,59606.00000,3063.18000,-30.47000,4.07000
254.05000,drogue,-11.87000,59619.00000,3061.52000,-30.44000,4.07000
254.10000,drogue,-11.87000,59619.00000,3061.52000,-30.44000,4.06000
254.15000,drogue,-8.77000,59655.00000,3056.92000,-30.34000,4.06000
254.25000,drogue,-8.77000,59648.00000,3057.81000,-30.16000,4.06000
254.35000,drogue,-11.36000,59648.00000,3057.81000,-29.96000,4.06000
254.42000,drogue,-11.36000,59648.00000,3057.81000,-29.96000,4.05000
254.45000,drogue,-12.90000,59668.00000,3055.25000,-29.79000,4.05000
254.55000,drogue,-11.36000,59712.00000,3049.63000,-29.64000,4.05000
254.65000,drogue,-10.32000,59709.00000,3050.02000,-29.50000,4.05000
254.74000,drogue,-10.32000,59709.00000,3050.02000,-29.50000,4.06000
254.75000,drogue,-9.29000,59808.00000,3037.38000,-29.38000,4.06000
254.85000,drogue,-11.36000,59809.00000,3037.25000,-29.31000,4.06000
254.95000,drogue,-11.36000,59801.00000,3038.27000,-29.23000,4.06000
255.05000,drogue,-8.26000,59845.00000,3032.66000,-29.24000,4.06000
255.06000,drogue,-8.26000,59845.00000,3032.66000,-29.24000,4.07000
255.15000,drogue,-7.74000,59879.00000,3028.33000,-29.27000,4.07000
255.25000,drogue,-8.26000,59893.00000,3026.54000,-29.30000,4.07000
255.35000,drogue,-10.32000,59871.00000,3029.34000,-29.35000,4.07000
255.38000,drogue,-10.32000,59871.00000,3029.34000,-29.35000,4.06000
255.45000,drogue,-10.32000,59875.00000,3028.83000,-29.40000,4.06000
255.55000,drogue,-9.81000,59881.00000,3028.07000,-29.46000,4.06000
255.65000,drogue,-10.84000,59941.00000,3020.43000,-29.54000,4.06000
255.70000,drogue,-10.84000,59941.00000,3020.43000,-29.54000,4.06000
255.75000,drogue,-11.36000,59932.00000,3021.57000,-29.64000,4.06000
255.85000,drogue,-10.32000,60024.00000,3009.86000,-29.78000,4.06000
255.95000,drogue,-9.81000,60074.00000,3003.51000,-29.92000,4.06000
256.02000,drogue,-9.81000,60074.00000,3003.51000,-29.92000,4.06000
256.05000,drogue,-10.84000,60113.00000,2998.55000,-30.08000,4.06000
256.15000,drogue,-10.84000,60117.00000,2998.04000,-30.24000,4.06000
256.25000,drogue,-8.77000,60084.00000,3002.24000,-30.36000,4.06000
256.34000,drogue,-8.77000,60084.00000,3002.24000,-30.36000,4.05000
256.35000,drogue,-11.36000,60104.00000,2999.69000,-30.49000,4.05000
256.45000,drogue,-8.26000,60137.00000,2995.50000,-30.57000,4.05000
256.55000,drogue,-9.81000,60186.00000,2989.28000,-30.64000,4.05000
256.65000,drogue,-9.81000,60209.00000,2986.36000,-30.73000,4.05000
256.66000,drogue,-9.81000,60209.00000,2986.36000,-30.73000,4.05000
256.75000,drogue,-11.36000,60205.00000,2986.87000,-30.83000,4.05000
256.85000,drogue,-8.26000,60248.00000,2981.41000,-30.88000,4.05000
256.95000,drogue,-10.84000,60269.00000,2978.75000,-30.91000,4.05000
256.98000,drogue,-10.84000,60269.00000,2978.75000,-30.91000,4.08000
257.05000,drogue,-8.77000,60336.00000,2970.26000,-30.95000,4.08000
257.15000,drogue,-9.81000,60351.00000,2968.36000,-31.00000,4.08000
257.25000,drogue,-7.74000,60354.00000,2967.98000,-31.03000,4.08000
257.30000,drogue,-7.74000,60354.00000,2967.98000,-31.03000,4.08000
257.35000,drogue,-10.32000,60377.00000,2965.07000,-31.01000,4.08000
257.45000,drogue,-9.81000,60372.00000,2965.70000,-30.97000,4.08000
257.55000,drogue,-10.32000,60381.00000,2964.56000,-30.93000,4.08000
257.62000,drogue,-10.32000,60381.00000,2964.56000,-30.93000,4.05000
257.65000,drogue,-8.77000,60392.00000,2963.17000,-30.92000,4.05000
257.75000,drogue,-9.29000,60407.00000,2961.27000,-30.85000,4.05000
257.85000,drogue,-12.39000,60501.00000,2949.39000,-30.84000,4.05000
257.94000,drogue,-12.39000,60501.00000,2949.39000,-30.84000,4.05000
257.95000,drogue,-9.81000,60559.00000,2942.06000,-30.83000,4.05000
258.05000,drogue,-8.77000,60604.00000,2936.38000,-30.84000,4.05000
258.15000,drogue,-9.81000,60631.00000,2932.97000,-30.84000,4.05000
258.25000,drogue,-9.81000,60619.00000,2934.48000,-30.78000,4.05000
258.26000,drogue,-9.81000,60619.00000,2934.48000,-30.78000,4.06000
258.35000,drogue,-11.36000,60652.00000,2930.32000,-30.75000,4.06000
258.45000,drogue,-10.32000,60614.00000,2935.12000,-30.72000,4.06000
258.55000,drogue,-11.36000,60623.00000,2933.98000,-30.70000,4.06000
258.58000,drogue,-11.36000,60623.00000,2933.98000,-30.70000,4.06000
258.65000,drogue,-8.77000,60705.00000,2923.64000,-30.66000,4.06000
258.75000,drogue,-9.81000,60689.00000,2925.66000,-30.61000,4.06000
258.85000,drogue,-11.87000,60702.00000,2924.02000,-30.60000,4.06000
258.90000,drogue,-11.87000,60702.00000,2924.02000,-30.60000,4.06000
258.95000,drogue,-10.32000,60754.00000,2917.47000,-30.57000,4.06000
259.04000,drogue,-10.32000,60754.00000,2917.47000,-30.57000,4.06000
259.05000,drogue,-11.87000,60794.00000,2912.43000,-30.57000,4.06000
259.15000,drogue,-10.84000,60832.00000,2907.65000,-30.60000,4.06000
259.22000,drogue,-10.84000,60832.00000,2907.65000,-30.60000,4.06000
259.25000,drogue,-10.32000,60844.00000,2906.14000,-30.60000,4.06000
259.35000,drogue,-11.36000,60849.00000,2905.51000,-30.57000,4.06000
259.45000,drogue,-11.36000,60880.00000,2901.61000,-30.51000,4.06000
259.54000,drogue,-11.36000,60880.00000,2901.61000,-30.51000,4.06000
259.55000,drogue,-10.32000,60901.00000,2898.97000,-30.40000,4.06000
259.65000,drogue,-10.32000,60929.00000,2895.45000,-30.26000,4.06000
259.75000,drogue,-9.81000,60919.00000,2896.71000,-30.11000,4.06000
259.85000,drogue,-10.32000,60995.00000,2887.16000,-30.02000,4.06000
259.86000,drogue,-10.32000,60995.00000,2887.16000,-30.02000,4.06000
259.95000,drogue,-9.81000,61012.00000,2885.02000,-29.96000,4.06000
260.04000,drogue,-9.81000,61012.00000,2885.02000,-29.96000,4.06000
260.05000,drogue,-10.32000,61071.00000,2877.62000,-29.88000,4.06000
260.15000,drogue,-9.29000,61106.00000,2873.23000,-29.77000,4.06000
260.18000,drogue,-9.29000,61106.00000,2873.23000,-29.77000,4.08000
260.25000,drogue,-11.36000,61096.00000,2874.49000,-29.66000,4.08000
260.35000,drogue,-9.81000,61125.00000,2870.85000,-29.53000,4.08000
260.45000,drogue,-12.90000,61121.00000,2871.35000,-29.39000,4.08000
260.50000,drogue,-12.90000,61121.00000,2871.35000,-29.39000,4.06000
260.55000,drogue,-12.39000,61113.00000,2872.35000,-29.25000,4.06000
260.65000,drogue,-9.81000,61123.00000,2871.10000,-29.19000,4.06000
260.75000,drogue,-10.32000,61178.00000,2864.21000,-29.11000,4.06000
260.82000,drogue,-10.32000,61178.00000,2864.21000,-29.11000,4.07000
260.85000,drogue,-10.84000,61227.00000,2858.07000,-29.05000,4.07000
260.95000,drogue,-10.32000,61230.00000,2857.70000,-29.04000,4.07000
261.04000,drogue,-10.32000,61230.00000,2857.70000,-29.04000,4.07000
261.05000,drogue,-10.84000,61268.00000,2852.94000,-29.10000,4.07000
261.14000,drogue,-10.84000,61268.00000,2852.94000,-29.10000,4.07000
261.15000,drogue,-11.36000,61340.00000,2843.94000,-29.20000,4.07000
261.25000,drogue,-8.77000,61342.00000,2843.69000,-29.34000,4.07000
261.35000,drogue,-9.81000,61333.00000,2844.82000,-29.46000,4.07000
261.45000,drogue,-10.84000,61339.00000,2844.07000,-29.61000,4.07000
261.46000,drogue,-10.84000,61339.00000,2844.07000,-29.61000,4.06000
261.55000,drogue,-9.81000,61320.00000,2846.44000,-29.75000,4.06000
261.65000,drogue,-10.32000,61356.00000,2841.94000,-29.90000,4.06000
261.75000,drogue,-11.87000,61390.00000,2837.69000,-29.99000,4.06000
261.78000,drogue,-11.87000,61390.00000,2837.69000,-29.99000,4.07000
261.85000,drogue,-9.81000,61460.00000,2828.96000,-30.11000,4.07000
261.95000,drogue,-9.81000,61524.00000,2820.97000,-30.23000,4.07000
262.04000,drogue,-9.81000,61524.00000,2820.97000,-30.23000,4.07000
262.05000,drogue,-9.29000,61519.00000,2821.60000,-30.40000,4.07000
262.10000,drogue,-9.29000,61519.00000,2821.60000,-30.40000,4.07000
262.15000,drogue,-10.32000,61538.00000,2819.23000,-30.57000,4.07000
262.25000,drogue,-9.81000,61590.00000,2812.75000,-30.71000,4.07000
262.35000,drogue,-11.36000,61560.00000,2816.49000,-30.90000,4.07000
262.42000,drogue,-11.36000,61560.00000,2816.49000,-30.90000,4.05000
262.45000,drogue,-9.81000,61601.00000,2811.38000,-31.09000,4.05000
262.55000,drogue,-10.84000,61594.00000,2812.25000,-31.26000,4.05000
262.65000,drogue,-9.29000,61638.00000,2806.77000,-31.47000,4.05000
262.74000,drogue,-9.29000,61638.00000,2806.77000,-31.47000,4.06000
262.75000,drogue,-11.36000,61638.00000,2806.77000,-31.63000,4.06000
262.85000,drogue,-10.84000,61672.00000,2802.54000,-31.78000,4.06000
262.95000,drogue,-9.81000,61702.00000,2798.81000,-31.87000,4.06000
263.04000,drogue,-9.81000,61702.00000,2798.81000,-31.87000,4.06000
263.05000,drogue,-10.32000,61776.00000,2789.61000,-31.91000,4.06000
263.06000,drogue,-10.32000,61776.00000,2789.61000,-31.91000,4.09000
263.15000,drogue,-9.81000,61809.00000,2785.51000,-31.94000,4.09000
263.25000,drogue,-7.23000,61846.00000,2780.91000,-31.93000,4.09000
263.35000,drogue,-10.84000,61843.00000,2781.28000,-31.88000,4.09000
263.38000,drogue,-10.84000,61843.00000,2781.28000,-31.88000,4.10000
263.45000,drogue,-9.81000,61851.00000,2780.29000,-31.75000,4.10000
263.55000,drogue,-8.26000,61848.00000,2780.66000,-31.55000,4.10000
263.65000,drogue,-10.32000,61892.00000,2775.20000,-31.36000,4.10000
263.70000,drogue,-10.32000,61892.00000,2775.20000,-31.36000,4.06000
263.75000,drogue,-9.81000,61860.00000,2779.17000,-31.13000,4.06000
263.85000,drogue,-8.77000,61904.00000,2773.71000,-30.90000,4.06000
263.95000,drogue,-10.32000,61978.00000,2764.54000,-30.66000,4.06000
264.02000,drogue,-10.32000,61978.00000,2764.54000,-30.66000,4.06000
264.05000,drogue,-10.32000,62044.00000,2756.36000,-30.31000,4.06000
264.15000,drogue,-12.39000,62075.00000,2752.52000,-30.00000,4.06000
264.25000,drogue,-12.39000,62108.00000,2748.44000,-29.71000,4.06000
264.34000,drogue,-12.39000,62108.00000,2748.44000,-29.71000,4.08000
264.35000,drogue,-11.36000,62161.00000,2741.88000,-29.43000,4.08000
264.45000,drogue,-10.84000,62170.00000,2740.77000,-29.20000,4.08000
264.55000,drogue,-10.32000,62164.00000,2741.51000,-28.98000,4.08000
264.65000,drogue,-8.26000,62207.00000,2736.20000,-28.84000,4.08000
264.66000,drogue,-8.26000,62207.00000,2736.20000,-28.84000,4.07000
264.75000,drogue,-13.94000,62125.00000,2746.34000,-28.74000,4.07000
264.85000,drogue,-9.29000,62136.00000,2744.97000,-28.68000,4.07000
264.95000,drogue,-10.84000,62148.00000,2743.49000,-28.66000,4.07000
264.98000,drogue,-10.84000,62148.00000,2743.49000,-28.66000,4.07000
265.05000,drogue,-12.90000,62162.00000,2741.76000,-28.64000,4.07000
265.15000,drogue,-10.84000,62229.00000,2733.48000,-28.72000,4.07000
265.25000,drogue,-9.29000,62296.00000,2725.21000,-28.83000,4.07000
265.30000,drogue,-9.29000,62296.00000,2725.21000,-28.83000,4.06000
265.35000,drogue,-11.87000,62354.00000,2718.05000,-28.94000,4.06000
265.45000,drogue,-11.87000,62335.00000,2720.39000,-29.05000,4.06000
265.55000,drogue,-8.26000,62360.00000,2717.31000,-29.18000,4.06000
265.62000,drogue,-8.26000,62360.00000,2717.31000,-29.18000,4.05000
265.65000,drogue,-9.81000,62398.00000,2712.63000,-29.35000,4.05000
265.75000,drogue,-10.32000,62401.00000,2712.26000,-29.46000,4.05000
265.85000,drogue,-10.32000,62436.00000,2707.94000,-29.56000,4.05000
265.94000,drogue,-10.32000,62436.00000,2707.94000,-29.56000,4.06000
265.95000,drogue,-11.36000,62444.00000,2706.96000,-29.67000,4.06000
266.05000,drogue,-10.32000,62414.00000,2710.65000,-29.74000,4.06000
266.06000,drogue,-10.32000,62414.00000,2710.65000,-29.74000,4.06000
266.15000,drogue,-9.29000,62515.00000,2698.21000,-29.79000,4.06000
266.25000,drogue,-9.81000,62546.00000,2694.40000,-29.82000,4.06000
266.26000,drogue,-9.81000,62546.00000,2694.40000,-29.82000,4.08000
266.35000,drogue,-8.26000,62602.00000,2687.51000,-29.86000,4.08000
266.45000,drogue,-8.77000,62614.00000,2686.04000,-29.87000,4.08000
266.55000,drogue,-9.29000,62602.00000,2687.51000,-29.89000,4.08000
266.58000,drogue,-9.29000,62602.00000,2687.51000,-29.89000,4.08000
266.65000,drogue,-10.32000,62639.00000,2682.97000,-29.91000,4.08000
266.75000,drogue,-9.29000,62659.00000,2680.51000,-29.89000,4.08000
266.85000,drogue,-9.29000,62641.00000,2682.72000,-29.90000,4.08000
266.90000,drogue,-9.29000,62641.00000,2682.72000,-29.90000,4.06000
266.95000,drogue,-10.84000,62659.00000,2680.51000,-29.93000,4.06000
267.05000,drogue,-10.84000,62609.00000,2686.65000,-29.97000,4.06000
267.15000,drogue,-11.36000,62766.00000,2667.37000,-30.00000,4.06000
267.22000,drogue,-11.36000,62766.00000,2667.37000,-30.00000,4.08000
267.25000,drogue,-8.26000,62783.00000,2665.29000,-30.07000,4.08000
267.35000,drogue,-9.81000,62816.00000,2661.24000,-30.13000,4.08000
267.45000,drogue,-9.81000,62842.00000,2658.05000,-30.17000,4.08000
267.54000,drogue,-9.81000,62842.00000,2658.05000,-30.17000,4.06000
267.55000,drogue,-10.84000,62876.00000,2653.89000,-30.21000,4.06000
267.65000,drogue,-11.36000,62904.00000,2650.46000,-30.25000,4.06000
267.75000,drogue,-11.36000,62897.00000,2651.32000,-30.26000,4.06000
267.85000,drogue,-10.84000,62874.00000,2654.13000,-30.26000,4.06000
267.86000,drogue,-10.84000,62874.00000,2654.13000,-30.26000,4.06000
267.95000,drogue,-10.32000,62900.00000,2650.95000,-30.20000,4.06000
268.05000,drogue,-10.32000,62903.00000,2650.58000,-30.06000,4.06000
268.15000,drogue,-10.84000,62975.00000,2641.77000,-29.96000,4.06000
268.18000,drogue,-10.84000,62975.00000,2641.77000,-29.96000,4.06000
268.25000,drogue,-10.32000,63017.00000,2636.63000,-29.83000,4.06000
268.35000,drogue,-9.29000,63082.00000,2628.69000,-29.69000,4.06000
268.45000,drogue,-9.81000,63108.00000,2625.51000,-29.54000,4.06000
268.50000,drogue,-9.81000,63108.00000,2625.51000,-29.54000,4.07000
268.55000,drogue,-10.32000,63153.00000,2620.01000,-29.38000,4.07000
268.65000,drogue,-8.77000,63149.00000,2620.50000,-29.26000,4.07000
268.75000,drogue,-10.32000,63160.00000,2619.16000,-29.15000,4.07000
268.82000,drogue,-10.32000,63160.00000,2619.16000,-29.15000,4.07000
268.85000,drogue,-11.87000,63182.00000,2616.48000,-29.04000,4.07000
268.95000,drogue,-9.81000,63185.00000,2616.11000,-28.97000,4.07000
269.05000,drogue,-9.81000,63183.00000,2616.35000,-28.85000,4.07000
269.14000,drogue,-9.81000,63183.00000,2616.35000,-28.85000,4.05000
269.15000,drogue,-10.84000,63136.00000,2622.09000,-28.85000,4.05000
269.25000,drogue,-9.81000,63215.00000,2612.45000,-28.83000,4.05000
269.35000,drogue,-11.36000,63239.00000,2609.52000,-28.80000,4.05000
269.45000,drogue,-11.36000,63322.00000,2599.41000,-28.78000,4.05000
269.46000,drogue,-11.36000,63322.00000,2599.41000,-28.78000,4.05000
269.55000,drogue,-11.87000,63362.00000,2594.54000,-28.82000,4.05000
269.65000,drogue,-12.90000,63399.00000,2590.03000,-28.89000,4.05000
269.75000,drogue,-10.84000,63418.00000,2587.72000,-28.98000,4.05000
269.78000,drogue,-10.84000,63418.00000,2587.72000,-28.98000,4.06000
269.85000,drogue,-11.36000,63419.00000,2587.60000,-29.09000,4.06000
269.95000,drogue,-10.32000,63395.00000,2590.52000,-29.24000,4.06000
270.03000,drogue,-10.32000,63395.00000,2590.52000,-29.24000,4.06000
270.05000,drogue,-10.84000,63401.00000,2589.79000,-29.36000,4.06000
270.10000,drogue,-10.84000,63401.00000,2589.79000,-29.36000,4.05000
270.15000,drogue,-11.36000,63438.00000,2585.29000,-29.53000,4.05000
270.25000,drogue,-12.39000,63453.00000,2583.46000,-29.68000,4.05000
270.35000,drogue,-10.84000,63496.00000,2578.24000,-29.86000,4.05000
270.42000,drogue,-10.84000,63496.00000,2578.24000,-29.86000,4.06000
270.45000,drogue,-10.84000,63551.00000,2571.56000,-30.01000,4.06000
270.55000,drogue,-10.32000,63606.00000,2564.88000,-30.15000,4.06000
270.65000,drogue,-9.81000,63635.00000,2561.36000,-30.26000,4.06000
270.74000,drogue,-9.81000,63635.00000,2561.36000,-30.26000,4.08000
270.75000,drogue,-10.84000,63649.00000,2559.66000,-30.38000,4.08000
270.85000,drogue,-9.29000,63659.00000,2558.45000,-30.47000,4.08000
270.95000,drogue,-9.81000,63679.00000,2556.02000,-30.53000,4.08000
271.05000,drogue,-9.29000,63651.00000,2559.42000,-30.56000,4.08000
271.06000,drogue,-9.29000,63651.00000,2559.42000,-30.56000,4.05000
271.15000,drogue,-10.84000,63675.00000,2556.51000,-30.51000,4.05000
271.25000,drogue,-9.29000,63689.00000,2554.81000,-30.50000,4.05000
271.35000,drogue,-10.32000,63693.00000,2554.33000,-30.44000,4.05000
271.38000,drogue,-10.32000,63693.00000,2554.33000,-30.44000,4.06000
271.45000,drogue,-10.32000,63762.00000,2545.96000,-30.39000,4.06000
271.55000,drogue,-9.29000,63853.00000,2534.95000,-30.34000,4.06000
271.65000,drogue,-11.87000,63884.00000,2531.20000,-30.24000,4.06000
271.70000,drogue,-11.87000,63884.00000,2531.20000,-30.24000,4.06000
271.75000,drogue,-9.29000,63942.00000,2524.19000,-30.12000,4.06000
271.85000,drogue,-8.77000,63972.00000,2520.56000,-29.98000,4.06000
271.95000,drogue,-9.81000,63974.00000,2520.32000,-29.81000,4.06000
272.02000,drogue,-9.81000,63974.00000,2520.32000,-29.81000,4.08000
272.05000,drogue,-9.81000,63926.00000,2526.12000,-29.65000,4.08000
272.15000,drogue,-9.29000,63947.00000,2523.58000,-29.53000,4.08000
272.25000,drogue,-9.81000,63944.00000,2523.95000,-29.42000,4.08000
272.34000,drogue,-9.81000,63944.00000,2523.95000,-29.42000,4.06000
272.35000,drogue,-9.29000,63993.00000,2518.03000,-29.32000,4.06000
272.45000,drogue,-13.42000,64022.00000,2514.52000,-29.22000,4.06000
272.55000,drogue,-10.84000,64051.00000,2511.02000,-29.10000,4.06000
272.65000,drogue,-11.87000,64101.00000,2504.99000,-28.99000,4.06000
272.66000,drogue,-11.87000,64101.00000,2504.99000,-28.99000,4.07000
272.75000,drogue,-12.90000,64166.00000,2497.16000,-28.89000,4.07000
272.85000,drogue,-12.90000,64163.00000,2497.52000,-28.86000,4.07000
272.95000,drogue,-9.81000,64170.00000,2496.67000,-28.86000,4.07000
272.98000,drogue,-9.81000,64170.00000,2496.67000,-28.86000,4.06000
273.04000,drogue,-9.81000,64170.00000,2496.67000,-28.86000,4.06000
273.05000,drogue,-9.81000,64189.00000,2494.38000,-28.84000,4.06000
273.15000,drogue,-10.32000,64168.00000,2496.91000,-28.88000,4.06000
273.25000,drogue,-9.81000,64212.00000,2491.61000,-28.95000,4.06000
273.30000,drogue,-9.81000,64212.00000,2491.61000,-28.95000,4.07000
273.35000,drogue,-10.84000,64217.00000,2491.01000,-29.01000,4.07000
273.45000,drogue,-7.23000,64245.00000,2487.64000,-29.12000,4.07000
273.55000,drogue,-8.26000,64325.00000,2478.01000,-29.25000,4.07000
273.62000,drogue,-8.26000,64325.00000,2478.01000,-29.25000,4.07000
273.65000,drogue,-9.29000,64333.00000,2477.05000,-29.35000,4.07000
273.75000,drogue,-10.32000,64370.00000,2472.60000,-29.46000,4.07000
273.85000,drogue,-10.84000,64406.00000,2468.28000,-29.57000,4.07000
273.94000,drogue,-10.84000,64406.00000,2468.28000,-29.57000,4.08000
273.95000,drogue,-10.32000,64435.00000,2464.79000,-29.68000,4.08000
274.05000,drogue,-10.84000,64448.00000,2463.23000,-29.73000,4.08000
274.15000,drogue,-9.29000,64482.00000,2459.15000,-29.79000,4.08000
274.25000,drogue,-9.81000,64493.00000,2457.83000,-29.83000,4.08000
274.26000,drogue,-9.81000,64493.00000,2457.83000,-29.83000,4.07000
274.35000,drogue,-10.32000,64475.00000,2459.99000,-29.90000,4.07000
274.45000,drogue,-11.36000,64456.00000,2462.27000,-29.95000,4.07000
274.55000,drogue,-10.84000,64460.00000,2461.79000,-29.99000,4.07000
274.58000,drogue,-10.84000,64460.00000,2461.79000,-29.99000,4.09000
274.65000,drogue,-10.32000,64521.00000,2454.47000,-30.00000,4.09000
274.75000,drogue,-9.29000,64581.00000,2447.28000,-29.98000,4.09000
274.85000,drogue,-10.84000,64709.00000,2431.94000,-29.90000,4.09000
274.90000,drogue,-10.84000,64709.00000,2431.94000,-29.90000,4.09000
274.95000,drogue,-11.87000,64710.00000,2431.82000,-29.84000,4.09000
275.05000,drogue,-8.77000,64715.00000,2431.23000,-29.77000,4.09000
275.15000,drogue,-9.29000,64746.00000,2427.52000,-29.68000,4.09000
275.22000,drogue,-9.29000,64746.00000,2427.52000,-29.68000,4.08000
275.25000,drogue,-11.36000,64749.00000,2427.16000,-29.62000,4.08000
275.35000,drogue,-9.81000,64731.00000,2429.31000,-29.56000,4.08000
275.45000,drogue,-10.32000,64766.00000,2425.12000,-29.54000,4.08000
275.54000,drogue,-10.32000,64766.00000,2425.12000,-29.54000,4.08000
275.55000,drogue,-9.81000,64763.00000,2425.48000,-29.57000,4.08000
275.65000,drogue,-10.84000,64777.00000,2423.81000,-29.63000,4.08000
275.75000,drogue,-11.36000,64822.00000,2418.43000,-29.72000,4.08000
275.85000,drogue,-9.81000,64903.00000,2408.75000,-29.85000,4.08000
275.86000,drogue,-9.81000,64903.00000,2408.75000,-29.85000,4.09000
275.95000,drogue,-8.77000,64947.00000,2403.50000,-30.00000,4.09000
276.04000,drogue,-8.77000,64947.00000,2403.50000,-30.00000,4.09000
276.05000,drogue,-8.26000,64964.00000,2401.47000,-30.17000,4.09000
276.15000,drogue,-10.32000,64965.00000,2401.35000,-30.37000,4.09000
276.18000,drogue,-10.32000,64965.00000,2401.35000,-30.37000,4.09000
276.25000,drogue,-9.81000,64977.00000,2399.92000,-30.51000,4.09000
276.35000,drogue,-10.32000,65000.00000,2397.18000,-30.61000,4.09000
276.45000,drogue,-10.84000,65005.00000,2396.58000,-30.68000,4.09000
276.50000,drogue,-10.84000,65005.00000,2396.58000,-30.68000,4.06000
276.55000,drogue,-8.77000,65020.00000,2394.79000,-30.72000,4.06000
276.65000,drogue,-10.32000,65026.00000,2394.08000,-30.76000,4.06000
276.75000,drogue,-10.32000,65036.00000,2392.89000,-30.79000,4.06000
276.82000,drogue,-10.32000,65036.00000,2392.89000,-30.79000,4.05000
276.85000,drogue,-11.36000,65069.00000,2388.95000,-30.83000,4.05000
276.95000,drogue,-10.32000,65181.00000,2375.62000,-30.78000,4.05000
277.05000,drogue,-10.84000,65207.00000,2372.53000,-30.61000,4.05000
277.14000,drogue,-10.84000,65207.00000,2372.53000,-30.61000,4.05000
277.15000,drogue,-9.81000,65242.00000,2368.36000,-30.37000,4.05000
277.25000,drogue,-9.29000,65259.00000,2366.34000,-30.06000,4.05000
277.35000,drogue,-10.32000,65282.00000,2363.61000,-29.66000,4.05000
277.45000,drogue,-9.29000,65311.00000,2360.16000,-29.21000,4.05000
277.46000,drogue,-9.29000,65311.00000,2360.16000,-29.21000,4.06000
277.55000,drogue,-9.81000,65330.00000,2357.91000,-28.76000,4.06000
277.65000,drogue,-11.36000,65379.00000,2352.09000,-28.35000,4.06000
277.75000,drogue,-12.39000,65396.00000,2350.07000,-28.00000,4.06000
277.78000,drogue,-12.39000,65396.00000,2350.07000,-28.00000,4.05000
277.85000,drogue,-11.87000,65417.00000,2347.58000,-27.72000,4.05000
277.95000,drogue,-12.39000,65426.00000,2346.51000,-27.49000,4.05000
278.04000,drogue,-12.39000,65426.00000,2346.51000,-27.49000,4.05000
278.05000,drogue,-9.29000,65456.00000,2342.95000,-27.32000,4.05000
278.10000,drogue,-9.29000,65456.00000,2342.95000,-27.32000,4.05000
278.15000,drogue,-9.81000,65468.00000,2341.53000,-27.20000,4.05000
278.25000,drogue,-10.32000,65419.00000,2347.34000,-27.09000,4.05000
278.35000,drogue,-11.36000,65456.00000,2342.95000,-27.05000,4.05000
278.42000,drogue,-11.36000,65456.00000,2342.95000,-27.05000,4.05000
278.45000,drogue,-11.87000,65476.00000,2340.58000,-27.07000,4.05000
278.55000,drogue,-10.84000,65507.00000,2336.91000,-27.16000,4.05000
278.65000,drogue,-11.36000,65537.00000,2333.35000,-27.29000,4.05000
278.74000,drogue,-11.36000,65537.00000,2333.35000,-27.29000,4.08000
278.75000,drogue,-9.81000,65593.00000,2326.72000,-27.48000,4.08000
278.85000,drogue,-10.32000,65634.00000,2321.87000,-27.76000,4.08000
278.95000,drogue,-10.84000,65655.00000,2319.39000,-28.11000,4.08000
279.04000,drogue,-10.84000,65655.00000,2319.39000,-28.11000,4.08000
279.05000,drogue,-9.29000,65653.00000,2319.62000,-28.48000,4.08000
279.06000,drogue,-9.29000,65653.00000,2319.62000,-28.48000,4.08000
279.15000,drogue,-10.32000,65650.00000,2319.98000,-28.83000,4.08000
279.25000,drogue,-8.77000,65694.00000,2314.77000,-29.13000,4.08000
279.35000,drogue,-11.36000,65699.00000,2314.18000,-29.37000,4.08000
279.38000,drogue,-11.36000,65699.00000,2314.18000,-29.37000,4.05000
279.45000,drogue,-9.81000,65686.00000,2315.72000,-29.55000,4.05000
279.55000,drogue,-12.39000,65773.00000,2305.44000,-29.71000,4.05000
279.65000,drogue,-9.29000,65840.00000,2297.53000,-29.86000,4.05000
279.70000,drogue,-9.29000,65840.00000,2297.53000,-29.86000,4.06000
279.75000,drogue,-10.84000,65877.00000,2293.16000,-30.01000,4.06000
279.85000,drogue,-10.32000,65897.00000,2290.80000,-30.18000,4.06000
279.95000,drogue,-13.42000,65898.00000,2290.69000,-30.34000,4.06000
280.02000,drogue,-13.42000,65898.00000,2290.69000,-30.34000,4.06000
280.05000,drogue,-9.81000,65954.00000,2284.08000,-30.52000,4.06000
280.07000,drogue,-9.81000,65954.00000,2284.08000,-30.52000,4.06000
280.15000,drogue,-10.84000,65953.00000,2284.20000,-30.70000,4.06000
280.25000,drogue,-11.87000,65903.00000,2290.10000,-30.83000,4.06000
280.34000,drogue,-11.87000,65903.00000,2290.10000,-30.83000,4.07000
280.35000,drogue,-9.29000,65935.00000,2286.32000,-30.95000,4.07000
280.45000,drogue,-10.32000,65976.00000,2281.49000,-31.06000,4.07000
280.55000,drogue,-11.36000,66017.00000,2276.66000,-31.19000,4.07000
280.65000,drogue,-9.81000,66039.00000,2274.07000,-31.31000,4.07000
280.66000,drogue,-9.81000,66039.00000,2274.07000,-31.31000,4.08000
280.75000,drogue,-9.81000,66089.00000,2268.19000,-31.44000,4.08000
280.85000,drogue,-9.29000,66150.00000,2261.01000,-31.53000,4.08000
280.95000,drogue,-12.39000,66173.00000,2258.31000,-31.61000,4.08000
280.98000,drogue,-12.39000,66173.00000,2258.31000,-31.61000,4.08000
281.04000,drogue,-12.39000,66173.00000,2258.31000,-31.61000,4.08000
281.05000,drogue,-10.32000,66210.00000,2253.96000,-31.60000,4.08000
281.15000,drogue,-12.39000,66208.00000,2254.20000,-31.51000,4.08000
281.25000,drogue,-12.39000,66201.00000,2255.02000,-31.38000,4.08000
281.30000,drogue,-12.39000,66201.00000,2255.02000,-31.38000,4.06000
281.35000,drogue,-11.87000,66196.00000,2255.61000,-31.18000,4.06000
281.45000,drogue,-9.29000,66204.00000,2254.67000,-30.92000,4.06000
281.55000,drogue,-12.39000,66270.00000,2246.91000,-30.67000,4.06000
281.62000,drogue,-12.39000,66270.00000,2246.91000,-30.67000,4.05000
281.65000,drogue,-9.81000,66335.00000,2239.29000,-30.43000,4.05000
281.75000,drogue,-10.84000,66413.00000,2230.14000,-30.12000,4.05000
281.85000,drogue,-10.32000,66468.00000,2223.70000,-29.81000,4.05000
281.94000,drogue,-10.32000,66468.00000,2223.70000,-29.81000,4.06000
281.95000,drogue,-11.87000,66494.00000,2220.65000,-29.46000,4.06000
282.04000,drogue,-11.87000,66494.00000,2220.65000,-29.46000,4.06000
282.05000,drogue,-10.32000,66499.00000,2220.07000,-29.16000,4.06000
282.15000,drogue,-10.32000,66518.00000,2217.84000,-28.84000,4.06000
282.25000,drogue,-10.84000,66489.00000,2221.24000,-28.50000,4.06000
282.26000,drogue,-10.84000,66489.00000,2221.24000,-28.50000,4.05000
282.35000,drogue,-9.29000,66457.00000,2224.99000,-28.22000,4.05000
282.45000,drogue,-12.39000,66481.00000,2222.18000,-28.00000,4.05000
282.55000,drogue,-10.32000,66535.00000,2215.85000,-27.86000,4.05000
282.58000,drogue,-10.32000,66535.00000,2215.85000,-27.86000,4.07000
282.65000,drogue,-11.36000,66555.00000,2213.51000,-27.80000,4.07000
282.75000,drogue,-10.84000,66611.00000,2206.96000,-27.81000,4.07000
282.85000,drogue,-10.84000,66627.00000,2205.09000,-27.90000,4.07000
282.90000,drogue,-10.84000,66627.00000,2205.09000,-27.90000,4.06000
282.95000,drogue,-11.36000,66677.00000,2199.25000,-28.01000,4.06000
283.04000,drogue,-11.36000,66677.00000,2199.25000,-28.01000,4.06000
283.05000,drogue,-11.36000,66673.00000,2199.72000,-28.17000,4.06000
283.15000,drogue,-11.87000,66668.00000,2200.30000,-28.32000,4.06000
283.22000,drogue,-11.87000,66668.00000,2200.30000,-28.32000,4.07000
283.25000,drogue,-9.29000,66691.00000,2197.62000,-28.46000,4.07000
283.35000,drogue,-10.84000,66725.00000,2193.65000,-28.57000,4.07000
283.45000,drogue,-8.77000,66759.00000,2189.68000,-28.67000,4.07000
283.54000,drogue,-8.77000,66759.00000,2189.68000,-28.67000,4.08000
283.55000,drogue,-8.26000,66792.00000,2185.83000,-28.80000,4.08000
283.65000,drogue,-9.29000,66849.00000,2179.18000,-28.92000,4.08000
283.75000,drogue,-12.90000,66841.00000,2180.11000,-29.07000,4.08000
283.85000,drogue,-10.32000,66890.00000,2174.40000,-29.21000,4.08000
283.86000,drogue,-10.32000,66890.00000,2174.40000,-29.21000,4.09000
283.95000,drogue,-11.36000,66908.00000,2172.30000,-29.29000,4.09000
284.04000,drogue,-11.36000,66908.00000,2172.30000,-29.29000,4.09000
284.05000,drogue,-8.77000,66944.00000,2168.11000,-29.32000,4.09000
284.15000,drogue,-12.39000,66943.00000,2168.23000,-29.33000,4.09000
284.18000,drogue,-12.39000,66943.00000,2168.23000,-29.33000,4.08000
284.25000,drogue,-10.32000,66953.00000,2167.06000,-29.30000,4.08000
284.35000,drogue,-10.32000,66980.00000,2163.92000,-29.26000,4.08000
284.45000,drogue,-9.29000,66992.00000,2162.52000,-29.26000,4.08000
284.50000,drogue,-9.29000,66992.00000,2162.52000,-29.26000,4.09000
284.55000,drogue,-9.81000,67052.00000,2155.54000,-29.30000,4.09000
284.65000,drogue,-9.81000,67098.00000,2150.20000,-29.29000,4.09000
284.75000,drogue,-11.87000,67118.00000,2147.87000,-29.30000,4.09000
284.82000,drogue,-11.87000,67118.00000,2147.87000,-29.30000,4.09000
284.85000,drogue,-10.32000,67153.00000,2143.81000,-29.28000,4.09000
284.95000,drogue,-8.77000,67158.00000,2143.23000,-29.28000,4.09000
285.04000,drogue,-8.77000,67158.00000,2143.23000,-29.28000,4.09000
285.05000,drogue,-9.81000,67200.00000,2138.35000,-29.27000,4.09000
285.14000,drogue,-9.81000,67200.00000,2138.35000,-29.27000,4.08000
285.15000,drogue,-10.32000,67192.00000,2139.28000,-29.26000,4.08000
285.25000,drogue,-10.84000,67197.00000,2138.70000,-29.28000,4.08000
285.35000,drogue,-9.29000,67196.00000,2138.81000,-29.31000,4.08000
285.45000,drogue,-10.32000,67221.00000,2135.91000,-29.34000,4.08000
285.46000,drogue,-10.32000,67221.00000,2135.91000,-29.34000,4.08000
285.55000,drogue,-10.32000,67270.00000,2130.23000,-29.36000,4.08000
285.65000,drogue,-9.81000,67293.00000,2127.56000,-29.36000,4.08000
285.75000,drogue,-9.29000,67382.00000,2117.25000,-29.27000,4.08000
285.78000,drogue,-9.29000,67382.00000,2117.25000,-29.27000,4.08000
285.85000,drogue,-8.26000,67418.00000,2113.08000,-29.19000,4.08000
285.95000,drogue,-9.81000,67424.00000,2112.38000,-29.09000,4.08000
286.04000,drogue,-9.81000,67424.00000,2112.38000,-29.09000,4.08000
286.05000,drogue,-9.29000,67451.00000,2109.26000,-29.00000,4.08000
286.10000,drogue,-9.29000,67451.00000,2109.26000,-29.00000,4.09000
286.15000,drogue,-10.84000,67473.00000,2106.71000,-28.92000,4.09000
286.25000,drogue,-10.32000,67488.00000,2104.98000,-28.83000,4.09000
286.35000,drogue,-11.87000,67536.00000,2099.43000,-28.76000,4.09000
286.42000,drogue,-11.87000,67536.00000,2099.43000,-28.76000,4.06000
286.45000,drogue,-13.42000,67570.00000,2095.50000,-28.70000,4.06000
286.55000,drogue,-10.84000,67571.00000,2095.38000,-28.68000,4.06000
286.65000,drogue,-12.90000,67511.00000,2102.32000,-28.64000,4.06000
286.74000,drogue,-12.90000,67511.00000,2102.32000,-28.64000,4.07000
286.75000,drogue,-10.84000,67546.00000,2098.27000,-28.61000,4.07000
286.85000,drogue,-11.36000,67570.00000,2095.50000,-28.61000,4.07000
286.95000,drogue,-9.29000,67619.00000,2089.83000,-28.62000,4.07000
287.05000,drogue,-10.84000,67675.00000,2083.37000,-28.63000,4.07000
287.06000,drogue,-10.84000,67675.00000,2083.37000,-28.63000,4.08000
287.15000,drogue,-10.84000,67727.00000,2077.37000,-28.65000,4.08000
287.25000,drogue,-12.39000,67774.00000,2071.95000,-28.67000,4.08000
287.35000,drogue,-10.84000,67789.00000,2070.22000,-28.71000,4.08000
287.38000,drogue,-10.84000,67789.00000,2070.22000,-28.71000,4.09000
287.45000,drogue,-12.39000,67801.00000,2068.84000,-28.74000,4.09000
287.55000,drogue,-9.81000,67797.00000,2069.30000,-28.80000,4.09000
287.65000,drogue,-8.77000,67803.00000,2068.61000,-28.85000,4.09000
287.70000,drogue,-8.77000,67803.00000,2068.61000,-28.85000,4.06000
287.75000,drogue,-12.39000,67765.00000,2072.99000,-28.91000,4.06000
287.85000,drogue,-10.32000,67833.00000,2065.15000,-28.95000,4.06000
287.95000,drogue,-10.84000,67876.00000,2060.20000,-28.93000,4.06000
288.02000,drogue,-10.84000,67876.00000,2060.20000,-28.93000,4.06000
288.05000,drogue,-10.32000,67941.00000,2052.72000,-28.92000,4.06000
288.15000,drogue,-10.84000,68004.00000,2045.47000,-28.86000,4.06000
288.25000,drogue,-10.84000,67999.00000,2046.04000,-28.81000,4.06000
288.34000,drogue,-10.84000,67999.00000,2046.04000,-28.81000,4.07000
288.35000,drogue,-11.36000,68033.00000,2042.14000,-28.75000,4.07000
288.45000,drogue,-10.32000,68043.00000,2040.99000,-28.68000,4.07000
288.55000,drogue,-12.90000,68058.00000,2039.26000,-28.58000,4.07000
288.65000,drogue,-11.36000,68034.00000,2042.02000,-28.44000,4.07000
288.66000,drogue,-11.36000,68034.00000,2042.02000,-28.44000,4.07000
288.75000,drogue,-11.36000,68083.00000,2036.39000,-28.30000,4.07000
288.85000,drogue,-9.81000,68119.00000,2032.26000,-28.20000,4.07000
288.95000,drogue,-10.32000,68164.00000,2027.09000,-28.11000,4.07000
288.98000,drogue,-10.32000,68164.00000,2027.09000,-28.11000,4.09000
289.05000,drogue,-8.77000,68166.00000,2026.86000,-28.09000,4.09000
289.15000,drogue,-9.81000,68201.00000,2022.85000,-28.07000,4.09000
289.25000,drogue,-10.84000,68236.00000,2018.83000,-28.09000,4.09000
289.30000,drogue,-10.84000,68236.00000,2018.83000,-28.09000,4.10000
289.35000,drogue,-10.32000,68261.00000,2015.97000,-28.12000,4.10000
289.45000,drogue,-8.77000,68257.00000,2016.43000,-28.15000,4.10000
289.55000,drogue,-9.81000,68300.00000,2011.50000,-28.19000,4.10000
289.62000,drogue,-9.81000,68300.00000,2011.50000,-28.19000,4.10000
289.65000,drogue,-12.39000,68313.00000,2010.01000,-28.28000,4.10000
289.75000,drogue,-7.74000,68332.00000,2007.83000,-28.34000,4.10000
289.85000,drogue,-9.81000,68359.00000,2004.74000,-28.47000,4.10000
289.94000,drogue,-9.81000,68359.00000,2004.74000,-28.47000,4.10000
289.95000,drogue,-9.29000,68366.00000,2003.94000,-28.57000,4.10000
290.04000,drogue,-9.29000,68366.00000,2003.94000,-28.57000,4.10000
290.05000,drogue,-9.29000,68442.00000,1995.25000,-28.70000,4.10000
290.15000,drogue,-10.32000,68440.00000,1995.47000,-28.80000,4.10000
290.25000,drogue,-10.32000,68494.00000,1989.30000,-28.89000,4.10000
290.26000,drogue,-10.32000,68494.00000,1989.30000,-28.89000,4.09000
290.35000,drogue,-11.36000,68502.00000,1988.39000,-29.00000,4.09000
290.45000,drogue,-10.84000,68508.00000,1987.70000,-29.10000,4.09000
290.55000,drogue,-10.84000,68539.00000,1984.16000,-29.19000,4.09000
290.58000,drogue,-10.84000,68539.00000,1984.16000,-29.19000,4.09000
290.65000,drogue,-8.77000,68551.00000,1982.79000,-29.25000,4.09000
290.75000,drogue,-9.29000,68561.00000,1981.64000,-29.35000,4.09000
290.85000,drogue,-11.87000,68618.00000,1975.14000,-29.47000,4.09000
290.90000,drogue,-11.87000,68618.00000,1975.14000,-29.47000,4.08000
290.95000,drogue,-10.84000,68614.00000,1975.59000,-29.61000,4.08000
291.05000,drogue,-10.84000,68693.00000,1966.58000,-29.73000,4.08000
291.15000,drogue,-13.42000,68700.00000,1965.78000,-29.82000,4.08000
291.22000,drogue,-13.42000,68700.00000,1965.78000,-29.82000,4.11000
291.25000,drogue,-11.87000,68754.00000,1959.63000,-29.87000,4.11000
291.35000,drogue,-8.77000,68772.00000,1957.58000,-29.92000,4.11000
291.45000,drogue,-9.81000,68800.00000,1954.39000,-29.90000,4.11000
291.54000,drogue,-9.81000,68800.00000,1954.39000,-29.90000,4.09000
291.55000,drogue,-8.26000,68826.00000,1951.43000,-29.89000,4.09000
291.65000,drogue,-10.84000,68883.00000,1944.94000,-29.87000,4.09000
291.75000,drogue,-10.84000,68847.00000,1949.04000,-29.86000,4.09000
291.85000,drogue,-9.29000,68880.00000,1945.28000,-29.82000,4.09000
291.86000,drogue,-9.29000,68880.00000,1945.28000,-29.82000,4.08000
291.95000,drogue,-10.84000,68838.00000,1950.06000,-29.76000,4.08000
292.05000,drogue,-9.81000,68886.00000,1944.60000,-29.70000,4.08000
292.06000,drogue,-9.81000,68886.00000,1944.60000,-29.70000,4.08000
292.15000,drogue,-10.84000,68879.00000,1945.39000,-29.58000,4.08000
292.18000,drogue,-10.84000,68879.00000,1945.39000,-29.58000,4.05000
292.25000,drogue,-10.32000,68981.00000,1933.79000,-29.48000,4.05000
292.35000,drogue,-9.81000,69042.00000,1926.86000,-29.32000,4.05000
292.45000,drogue,-10.32000,69082.00000,1922.32000,-29.13000,4.05000
292.50000,drogue,-10.32000,69082.00000,1922.32000,-29.13000,4.07000
292.55000,drogue,-7.23000,69094.00000,1920.96000,-28.93000,4.07000
292.65000,drogue,-8.77000,69134.00000,1916.42000,-28.74000,4.07000
292.75000,drogue,-11.36000,69153.00000,1914.27000,-28.54000,4.07000
292.82000,drogue,-11.36000,69153.00000,1914.27000,-28.54000,4.07000
292.85000,drogue,-8.26000,69187.00000,1910.41000,-28.37000,4.07000
292.95000,drogue,-11.87000,69218.00000,1906.90000,-28.19000,4.07000
293.04000,drogue,-11.87000,69218.00000,1906.90000,-28.19000,4.07000
293.05000,drogue,-9.29000,69217.00000,1907.01000,-28.06000,4.07000
293.14000,drogue,-9.29000,69217.00000,1907.01000,-28.06000,4.05000
293.15000,drogue,-11.36000,69197.00000,1909.28000,-27.95000,4.05000
293.25000,drogue,-9.81000,69179.00000,1911.32000,-27.86000,4.05000
293.35000,drogue,-9.29000,69234.00000,1905.08000,-27.77000,4.05000
293.45000,drogue,-10.32000,69236.00000,1904.86000,-27.67000,4.05000
293.46000,drogue,-10.32000,69236.00000,1904.86000,-27.67000,4.07000
293.55000,drogue,-10.32000,69294.00000,1898.29000,-27.59000,4.07000
293.65000,drogue,-10.84000,69350.00000,1891.95000,-27.59000,4.07000
293.75000,drogue,-10.32000,69402.00000,1886.07000,-27.53000,4.07000
293.78000,drogue,-10.32000,69402.00000,1886.07000,-27.53000,4.08000
293.85000,drogue,-9.29000,69411.00000,1885.05000,-27.50000,4.08000
293.95000,drogue,-9.81000,69435.00000,1882.34000,-27.43000,4.08000
294.05000,drogue,-9.29000,69438.00000,1882.00000,-27.44000,4.08000
294.10000,drogue,-9.29000,69438.00000,1882.00000,-27.44000,4.08000
294.15000,drogue,-11.87000,69442.00000,1881.54000,-27.46000,4.08000
294.25000,drogue,-10.84000,69493.00000,1875.78000,-27.55000,4.08000
294.35000,drogue,-10.32000,69487.00000,1876.46000,-27.64000,4.08000
294.42000,drogue,-10.32000,69487.00000,1876.46000,-27.64000,4.06000
294.45000,drogue,-10.32000,69506.00000,1874.31000,-27.72000,4.06000
294.55000,drogue,-8.26000,69544.00000,1870.02000,-27.74000,4.06000
294.65000,drogue,-10.32000,69601.00000,1863.59000,-27.77000,4.06000
294.74000,drogue,-10.32000,69601.00000,1863.59000,-27.77000,4.09000
294.75000,drogue,-11.87000,69612.00000,1862.35000,-27.74000,4.09000
294.85000,drogue,-11.87000,69640.00000,1859.19000,-27.75000,4.09000
294.95000,drogue,-9.81000,69667.00000,1856.14000,-27.78000,4.09000
295.04000,drogue,-9.81000,69667.00000,1856.14000,-27.78000,4.09000
295.05000,drogue,-9.29000,69699.00000,1852.54000,-27.80000,4.09000
295.06000,drogue,-9.29000,69699.00000,1852.54000,-27.80000,4.08000
295.15000,drogue,-12.39000,69734.00000,1848.59000,-27.81000,4.08000
295.25000,drogue,-9.81000,69737.00000,1848.26000,-27.83000,4.08000
295.35000,drogue,-11.36000,69743.00000,1847.58000,-27.92000,4.08000
295.38000,drogue,-11.36000,69743.00000,1847.58000,-27.92000,4.08000
295.45000,drogue,-9.81000,69740.00000,1847.92000,-28.03000,4.08000
295.55000,drogue,-10.84000,69777.00000,1843.75000,-28.14000,4.08000
295.65000,drogue,-9.81000,69862.00000,1834.19000,-28.27000,4.08000
295.70000,drogue,-9.81000,69862.00000,1834.19000,-28.27000,4.07000
295.75000,drogue,-12.90000,69828.00000,1838.01000,-28.40000,4.07000
295.85000,drogue,-8.77000,69873.00000,1832.95000,-28.50000,4.07000
295.95000,drogue,-10.32000,69869.00000,1833.40000,-28.60000,4.07000
296.02000,drogue,-10.32000,69869.00000,1833.40000,-28.60000,4.07000
296.05000,drogue,-11.87000,69958.00000,1823.39000,-28.68000,4.07000
296.15000,drogue,-11.36000,69979.00000,1821.03000,-28.76000,4.07000
296.25000,drogue,-11.87000,70005.00000,1818.11000,-28.86000,4.07000
296.34000,drogue,-11.87000,70005.00000,1818.11000,-28.86000,4.09000
296.35000,drogue,-10.32000,70013.00000,1817.21000,-28.91000,4.09000
296.45000,drogue,-11.87000,70016.00000,1816.88000,-28.94000,4.09000
296.55000,drogue,-10.32000,70024.00000,1815.98000,-28.97000,4.09000
296.65000,drogue,-10.84000,70057.00000,1812.28000,-28.99000,4.09000
296.66000,drogue,-10.84000,70057.00000,1812.28000,-28.99000,4.06000
296.75000,drogue,-10.32000,70061.00000,1811.83000,-28.98000,4.06000
296.85000,drogue,-8.77000,70145.00000,1802.40000,-28.94000,4.06000
296.95000,drogue,-11.87000,70210.00000,1795.12000,-28.88000,4.06000
296.98000,drogue,-11.87000,70210.00000,1795.12000,-28.88000,4.04000
297.05000,drogue,-8.77000,70222.00000,1793.77000,-28.82000,4.04000
297.15000,drogue,-10.84000,70235.00000,1792.32000,-28.75000,4.04000
297.25000,drogue,-9.29000,70274.00000,1787.95000,-28.66000,4.04000
297.30000,drogue,-9.29000,70274.00000,1787.95000,-28.66000,4.05000
297.35000,drogue,-12.90000,70298.00000,1785.26000,-28.56000,4.05000
297.45000,drogue,-11.36000,70319.00000,1782.91000,-28.45000,4.05000
297.55000,drogue,-10.32000,70275.00000,1787.84000,-28.34000,4.05000
297.62000,drogue,-10.32000,70275.00000,1787.84000,-28.34000,4.06000
297.65000,drogue,-9.29000,70308.00000,1784.15000,-28.30000,4.06000
297.75000,drogue,-10.84000,70334.00000,1781.24000,-28.22000,4.06000
297.85000,drogue,-9.81000,70358.00000,1778.55000,-28.17000,4.06000
297.94000,drogue,-9.81000,70358.00000,1778.55000,-28.17000,4.08000
297.95000,drogue,-10.32000,70408.00000,1772.96000,-28.09000,4.08000
298.04000,drogue,-10.32000,70408.00000,1772.96000,-28.09000,4.08000
298.05000,drogue,-10.84000,70456.00000,1767.60000,-28.10000,4.08000
298.15000,drogue,-9.29000,70504.00000,1762.24000,-28.13000,4.08000
298.25000,drogue,-9.81000,70528.00000,1759.56000,-28.18000,4.08000
298.26000,drogue,-9.81000,70528.00000,1759.56000,-28.18000,4.09000
298.35000,drogue,-10.32000,70525.00000,1759.89000,-28.26000,4.09000
298.45000,drogue,-11.36000,70536.00000,1758.66000,-28.37000,4.09000
298.55000,drogue,-10.84000,70579.00000,1753.87000,-28.52000,4.09000
298.58000,drogue,-10.84000,70579.00000,1753.87000,-28.52000,4.09000
298.65000,drogue,-9.29000,70581.00000,1753.64000,-28.68000,4.09000
298.75000,drogue,-10.32000,70604.00000,1751.08000,-28.86000,4.09000
298.85000,drogue,-7.74000,70626.00000,1748.62000,-29.07000,4.09000
298.90000,drogue,-7.74000,70626.00000,1748.62000,-29.07000,4.09000
298.95000,drogue,-9.29000,70669.00000,1743.83000,-29.26000,4.09000
299.05000,drogue,-10.32000,70692.00000,1741.27000,-29.39000,4.09000
299.15000,drogue,-8.26000,70728.00000,1737.26000,-29.48000,4.09000
299.22000,drogue,-8.26000,70728.00000,1737.26000,-29.48000,4.08000
299.25000,drogue,-12.90000,70755.00000,1734.25000,-29.54000,4.08000
299.35000,drogue,-9.81000,70773.00000,1732.25000,-29.58000,4.08000
299.45000,drogue,-11.36000,70791.00000,1730.24000,-29.60000,4.08000
299.54000,drogue,-11.36000,70791.00000,1730.24000,-29.60000,4.06000
299.55000,drogue,-9.81000,70802.00000,1729.02000,-29.58000,4.06000
299.65000,drogue,-9.81000,70856.00000,1723.01000,-29.55000,4.06000
299.75000,drogue,-10.84000,70881.00000,1720.23000,-29.49000,4.06000
299.85000,drogue,-9.81000,70897.00000,1718.45000,-29.41000,4.06000
299.86000,drogue,-9.81000,70897.00000,1718.45000,-29.41000,4.09000
299.95000,drogue,-14.45000,70902.00000,1717.90000,-29.31000,4.09000
300.04000,drogue,-14.45000,70902.00000,1717.90000,-29.31000,4.09000
300.05000,drogue,-10.32000,70978.00000,1709.46000,-29.18000,4.09000
300.15000,drogue,-10.32000,71010.00000,1705.90000,-29.05000,4.09000
300.18000,drogue,-10.32000,71010.00000,1705.90000,-29.05000,4.09000
300.25000,drogue,-11.36000,71058.00000,1700.58000,-28.88000,4.09000
300.35000,drogue,-10.32000,71086.00000,1697.47000,-28.68000,4.09000
300.45000,drogue,-9.81000,71118.00000,1693.92000,-28.48000,4.09000
300.50000,drogue,-9.81000,71118.00000,1693.92000,-28.48000,4.10000
300.55000,drogue,-11.36000,71161.00000,1689.15000,-28.30000,4.10000
300.65000,drogue,-12.39000,71130.00000,1692.59000,-28.14000,4.10000
300.75000,drogue,-11.36000,71156.00000,1689.71000,-27.99000,4.10000
300.82000,drogue,-11.36000,71156.00000,1689.71000,-27.99000,4.08000
300.85000,drogue,-11.36000,71151.00000,1690.26000,-27.86000,4.08000
300.95000,drogue,-11.36000,71135.00000,1692.04000,-27.76000,4.08000
301.04000,drogue,-11.36000,71135.00000,1692.04000,-27.76000,4.08000
301.05000,drogue,-9.81000,71152.00000,1690.15000,-27.66000,4.08000
301.14000,drogue,-9.81000,71152.00000,1690.15000,-27.66000,4.08000
301.15000,drogue,-10.84000,71189.00000,1686.05000,-27.57000,4.08000
301.25000,drogue,-9.29000,71235.00000,1680.96000,-27.49000,4.08000
301.35000,drogue,-10.84000,71295.00000,1674.32000,-27.35000,4.08000
301.45000,drogue,-10.84000,71355.00000,1667.68000,-27.26000,4.08000
301.46000,drogue,-10.84000,71355.00000,1667.68000,-27.26000,4.05000
301.55000,drogue,-9.81000,71400.00000,1662.70000,-27.19000,4.05000
301.65000,drogue,-9.81000,71419.00000,1660.60000,-27.14000,4.05000
301.75000,drogue,-11.87000,71424.00000,1660.05000,-27.10000,4.05000
301.78000,drogue,-11.87000,71424.00000,1660.05000,-27.10000,4.05000
301.85000,drogue,-10.32000,71427.00000,1659.72000,-27.05000,4.05000
301.95000,drogue,-10.84000,71427.00000,1659.72000,-27.02000,4.05000
302.04000,drogue,-10.84000,71427.00000,1659.72000,-27.02000,4.05000
302.05000,drogue,-9.29000,71441.00000,1658.17000,-27.00000,4.05000
302.10000,drogue,-9.29000,71441.00000,1658.17000,-27.00000,4.07000
302.15000,drogue,-11.36000,71485.00000,1653.31000,-26.99000,4.07000
302.25000,drogue,-11.36000,71498.00000,1651.88000,-26.98000,4.07000
302.35000,drogue,-11.87000,71531.00000,1648.24000,-26.98000,4.07000
302.42000,drogue,-11.87000,71531.00000,1648.24000,-26.98000,4.09000
302.45000,drogue,-9.81000,71572.00000,1643.71000,-26.98000,4.09000
302.55000,drogue,-10.84000,71599.00000,1640.74000,-27.02000,4.09000
302.65000,drogue,-11.87000,71652.00000,1634.89000,-27.05000,4.09000
302.74000,drogue,-11.87000,71652.00000,1634.89000,-27.05000,4.08000
302.75000,drogue,-6.71000,71649.00000,1635.22000,-27.11000,4.08000
302.85000,drogue,-9.81000,71673.00000,1632.58000,-27.17000,4.08000
302.95000,drogue,-11.36000,71693.00000,1630.38000,-27.25000,4.08000
303.05000,drogue,-11.36000,71684.00000,1631.37000,-27.34000,4.08000
303.06000,drogue,-11.36000,71684.00000,1631.37000,-27.34000,4.07000
303.15000,drogue,-9.29000,71702.00000,1629.38000,-27.47000,4.07000
303.25000,drogue,-10.32000,71742.00000,1624.98000,-27.62000,4.07000
303.35000,drogue,-10.84000,71684.00000,1631.37000,-27.80000,4.07000
303.38000,drogue,-10.84000,71684.00000,1631.37000,-27.80000,4.05000
303.45000,drogue,-10.32000,71821.00000,1616.29000,-27.97000,4.05000
303.55000,drogue,-8.77000,71874.00000,1610.46000,-28.14000,4.05000
303.65000,drogue,-10.32000,71878.00000,1610.02000,-28.27000,4.05000
303.70000,drogue,-10.32000,71878.00000,1610.02000,-28.27000,4.07000
303.75000,drogue,-11.36000,71919.00000,1605.51000,-28.39000,4.07000
303.85000,drogue,-10.32000,71910.00000,1606.50000,-28.46000,4.07000
303.95000,drogue,-8.77000,71977.00000,1599.14000,-28.52000,4.07000
304.02000,drogue,-8.77000,71977.00000,1599.14000,-28.52000,4.07000
304.04000,drogue,-8.77000,71977.00000,1599.14000,-28.52000,4.07000
304.05000,drogue,-8.77000,71961.00000,1600.90000,-28.57000,4.07000
304.15000,drogue,-9.81000,71981.00000,1598.70000,-28.63000,4.07000
304.25000,drogue,-11.87000,71997.00000,1596.95000,-28.68000,4.07000
304.34000,drogue,-11.87000,71997.00000,1596.95000,-28.68000,4.06000
304.35000,drogue,-10.84000,72028.00000,1593.54000,-28.74000,4.06000
304.45000,drogue,-10.32000,72062.00000,1589.81000,-28.80000,4.06000
304.55000,drogue,-10.32000,72108.00000,1584.77000,-28.82000,4.06000
304.65000,drogue,-9.29000,72148.00000,1580.38000,-28.81000,4.06000
304.66000,drogue,-9.29000,72148.00000,1580.38000,-28.81000,4.07000
304.75000,drogue,-9.81000,72164.00000,1578.63000,-28.75000,4.07000
304.85000,drogue,-8.77000,72172.00000,1577.75000,-28.65000,4.07000
304.95000,drogue,-9.81000,72213.00000,1573.26000,-28.53000,4.07000
304.98000,drogue,-9.81000,72213.00000,1573.26000,-28.53000,4.09000
305.05000,drogue,-8.77000,72198.00000,1574.91000,-28.38000,4.09000
305.15000,drogue,-11.36000,72250.00000,1569.21000,-28.30000,4.09000
305.25000,drogue,-8.26000,72259.00000,1568.23000,-28.25000,4.09000
305.30000,drogue,-8.26000,72259.00000,1568.23000,-28.25000,4.05000
305.35000,drogue,-9.81000,72310.00000,1562.65000,-28.17000,4.05000
305.45000,drogue,-8.77000,72327.00000,1560.79000,-28.20000,4.05000
305.55000,drogue,-9.29000,72361.00000,1557.07000,-28.26000,4.05000
305.62000,drogue,-9.29000,72361.00000,1557.07000,-28.26000,4.06000
305.65000,drogue,-9.29000,72393.00000,1553.57000,-28.30000,4.06000
305.75000,drogue,-9.29000,72435.00000,1548.98000,-28.36000,4.06000
305.85000,drogue,-12.90000,72435.00000,1548.98000,-28.38000,4.06000
305.94000,drogue,-12.90000,72435.00000,1548.98000,-28.38000,4.05000
305.95000,drogue,-9.81000,72482.00000,1543.85000,-28.40000,4.05000
306.04000,drogue,-9.81000,72482.00000,1543.85000,-28.40000,4.05000
306.05000,drogue,-9.29000,72500.00000,1541.88000,-28.42000,4.05000
306.15000,drogue,-8.77000,72525.00000,1539.16000,-28.48000,4.05000
306.25000,drogue,-10.84000,72552.00000,1536.21000,-28.58000,4.05000
306.26000,drogue,-10.84000,72552.00000,1536.21000,-28.58000,4.05000
306.35000,drogue,-10.32000,72583.00000,1532.83000,-28.74000,4.05000
306.45000,drogue,-11.36000,72606.00000,1530.32000,-28.92000,4.05000
306.55000,drogue,-12.90000,72594.00000,1531.63000,-29.10000,4.05000
306.58000,drogue,-12.90000,72594.00000,1531.63000,-29.10000,4.06000
306.65000,drogue,-11.36000,72575.00000,1533.70000,-29.29000,4.06000
306.75000,drogue,-9.81000,72609.00000,1529.99000,-29.40000,4.06000
306.85000,drogue,-10.32000,72624.00000,1528.36000,-29.44000,4.06000
306.90000,drogue,-10.32000,72624.00000,1528.36000,-29.44000,4.06000
306.95000,drogue,-11.36000,72665.00000,1523.89000,-29.46000,4.06000
307.04000,drogue,-11.36000,72665.00000,1523.89000,-29.46000,4.06000
307.05000,drogue,-10.32000,72730.00000,1516.81000,-29.41000,4.06000
307.15000,drogue,-12.39000,72849.00000,1503.86000,-29.33000,4.06000
307.22000,drogue,-12.39000,72849.00000,1503.86000,-29.33000,4.07000
307.25000,drogue,-9.81000,72888.00000,1499.62000,-29.20000,4.07000
307.35000,drogue,-8.26000,72885.00000,1499.95000,-29.03000,4.07000
307.45000,drogue,-11.36000,72916.00000,1496.58000,-28.82000,4.07000
307.54000,drogue,-11.36000,72916.00000,1496.58000,-28.82000,4.06000
307.55000,drogue,-11.87000,72940.00000,1493.97000,-28.60000,4.06000
307.65000,drogue,-10.84000,72920.00000,1496.14000,-28.34000,4.06000
307.75000,drogue,-9.81000,72934.00000,1494.62000,-28.07000,4.06000
307.85000,drogue,-10.32000,72917.00000,1496.47000,-27.77000,4.06000
307.86000,drogue,-10.32000,72917.00000,1496.47000,-27.77000,4.04000
307.95000,drogue,-10.32000,72917.00000,1496.47000,-27.49000,4.04000
308.04000,drogue,-10.32000,72917.00000,1496.47000,-27.49000,4.04000
308.05000,drogue,-11.36000,72975.00000,1490.17000,-27.21000,4.04000
308.15000,drogue,-10.32000,73059.00000,1481.05000,-26.95000,4.04000
308.18000,drogue,-10.32000,73059.00000,1481.05000,-26.95000,4.05000
308.25000,drogue,-10.32000,73117.00000,1474.76000,-26.74000,4.05000
308.35000,drogue,-10.84000,73173.00000,1468.69000,-26.57000,4.05000
308.45000,drogue,-10.84000,73194.00000,1466.42000,-26.48000,4.05000
308.50000,drogue,-10.84000,73194.00000,1466.42000,-26.48000,4.08000
308.55000,drogue,-10.32000,73162.00000,1469.89000,-26.42000,4.08000
308.65000,drogue,-9.81000,73202.00000,1465.55000,-26.41000,4.08000
308.75000,drogue,-11.36000,73136.00000,1472.70000,-26.46000,4.08000
308.82000,drogue,-11.36000,73136.00000,1472.70000,-26.46000,4.05000
308.85000,drogue,-10.32000,73142.00000,1472.05000,-26.57000,4.05000
308.95000,drogue,-9.81000,73190.00000,1466.85000,-26.72000,4.05000
309.04000,drogue,-9.81000,73190.00000,1466.85000,-26.72000,4.05000
309.05000,drogue,-12.90000,73211.00000,1464.58000,-26.89000,4.05000
309.14000,drogue,-12.90000,73211.00000,1464.58000,-26.89000,4.05000
309.15000,drogue,-7.74000,73267.00000,1458.52000,-27.13000,4.05000
309.25000,drogue,-10.32000,73294.00000,1455.59000,-27.38000,4.05000
309.35000,drogue,-9.81000,73326.00000,1452.13000,-27.58000,4.05000
309.45000,drogue,-11.36000,73373.00000,1447.05000,-27.73000,4.05000
309.46000,drogue,-11.36000,73373.00000,1447.05000,-27.73000,4.06000
309.55000,drogue,-10.32000,73416.00000,1442.40000,-27.90000,4.06000
309.65000,drogue,-10.84000,73433.00000,1440.57000,-28.00000,4.06000
309.75000,drogue,-10.32000,73440.00000,1439.81000,-28.11000,4.06000
309.78000,drogue,-10.32000,73440.00000,1439.81000,-28.11000,4.07000
309.85000,drogue,-10.84000,73468.00000,1436.78000,-28.14000,4.07000
309.95000,drogue,-10.32000,73505.00000,1432.79000,-28.15000,4.07000
310.04000,drogue,-10.32000,73505.00000,1432.79000,-28.15000,4.07000
310.05000,drogue,-10.84000,73503.00000,1433.01000,-28.13000,4.07000
310.10000,drogue,-10.84000,73503.00000,1433.01000,-28.13000,4.06000
310.15000,drogue,-10.32000,73521.00000,1431.06000,-28.13000,4.06000
310.25000,drogue,-9.29000,73586.00000,1424.05000,-28.10000,4.06000
310.35000,drogue,-9.81000,73595.00000,1423.08000,-28.11000,4.06000
310.42000,drogue,-9.81000,73595.00000,1423.08000,-28.11000,4.06000
310.45000,drogue,-12.90000,73653.00000,1416.83000,-28.13000,4.06000
310.55000,drogue,-11.36000,73671.00000,1414.89000,-28.15000,4.06000
310.65000,drogue,-11.36000,73692.00000,1412.62000,-28.22000,4.06000
310.74000,drogue,-11.36000,73692.00000,1412.62000,-28.22000,4.06000
310.75000,drogue,-9.81000,73700.00000,1411.76000,-28.30000,4.06000
310.85000,drogue,-9.81000,73734.00000,1408.10000,-28.45000,4.06000
310.95000,drogue,-11.36000,73728.00000,1408.75000,-28.67000,4.06000
311.05000,drogue,-9.81000,73727.00000,1408.85000,-28.93000,4.06000
311.06000,drogue,-9.81000,73727.00000,1408.85000,-28.93000,4.04000
311.15000,drogue,-10.84000,73792.00000,1401.86000,-29.23000,4.04000
311.25000,drogue,-11.36000,73846.00000,1396.05000,-29.54000,4.04000
311.35000,drogue,-10.84000,73869.00000,1393.57000,-29.86000,4.04000
311.38000,drogue,-10.84000,73869.00000,1393.57000,-29.86000,4.07000
311.45000,drogue,-10.32000,73853.00000,1395.29000,-30.24000,4.07000
311.55000,drogue,-9.81000,73944.00000,1385.51000,-30.62000,4.07000
311.65000,drogue,-9.81000,73953.00000,1384.55000,-30.98000,4.07000
311.70000,drogue,-9.81000,73953.00000,1384.55000,-30.98000,4.07000
311.75000,drogue,-12.39000,73992.00000,1380.36000,-31.30000,4.07000
311.85000,drogue,-13.94000,73970.00000,1382.72000,-31.60000,4.07000
311.95000,drogue,-11.36000,73992.00000,1380.36000,-31.82000,4.07000
312.02000,drogue,-11.36000,73992.00000,1380.36000,-31.82000,4.05000
312.05000,drogue,-11.87000,73975.00000,1382.18000,-31.91000,4.05000
312.15000,drogue,-12.39000,74032.00000,1376.06000,-31.88000,4.05000
312.25000,drogue,-10.32000,74060.00000,1373.06000,-31.78000,4.05000
312.34000,drogue,-10.32000,74060.00000,1373.06000,-31.78000,4.08000
312.35000,drogue,-10.84000,74171.00000,1361.16000,-31.59000,4.08000
312.45000,drogue,-10.84000,74239.00000,1353.87000,-31.32000,4.08000
312.55000,drogue,-11.36000,74279.00000,1349.59000,-30.96000,4.08000
312.65000,drogue,-10.84000,74314.00000,1345.85000,-30.52000,4.08000
312.66000,drogue,-10.84000,74314.00000,1345.85000,-30.52000,4.07000
312.75000,drogue,-9.81000,74345.00000,1342.53000,-30.03000,4.07000
312.85000,drogue,-13.94000,74363.00000,1340.60000,-29.50000,4.07000
312.95000,drogue,-11.36000,74348.00000,1342.21000,-28.92000,4.07000
312.98000,drogue,-11.36000,74348.00000,1342.21000,-28.92000,4.07000
313.05000,drogue,-11.87000,74347.00000,1342.31000,-28.31000,4.07000
313.15000,drogue,-10.84000,74347.00000,1342.31000,-27.72000,4.07000
313.25000,drogue,-10.84000,74352.00000,1341.78000,-27.19000,4.07000
313.30000,drogue,-10.84000,74352.00000,1341.78000,-27.19000,4.07000
313.35000,drogue,-10.84000,74400.00000,1336.65000,-26.70000,4.07000
313.45000,drogue,-9.29000,74495.00000,1326.50000,-26.25000,4.07000
313.55000,drogue,-10.84000,74527.00000,1323.08000,-25.90000,4.07000
313.62000,drogue,-10.84000,74527.00000,1323.08000,-25.90000,4.10000
313.65000,drogue,-13.42000,74556.00000,1319.99000,-25.62000,4.10000
313.75000,drogue,-10.32000,74579.00000,1317.53000,-25.40000,4.10000
313.85000,drogue,-11.36000,74612.00000,1314.01000,-25.20000,4.10000
313.94000,drogue,-11.36000,74612.00000,1314.01000,-25.20000,4.08000
313.95000,drogue,-9.81000,74582.00000,1317.21000,-25.04000,4.08000
314.04000,drogue,-9.81000,74582.00000,1317.21000,-25.04000,4.08000
314.05000,drogue,-11.87000,74541.00000,1321.59000,-24.90000,4.08000
314.15000,drogue,-12.90000,74534.00000,1322.33000,-24.84000,4.08000
314.25000,drogue,-10.84000,74580.00000,1317.43000,-24.82000,4.08000
314.26000,drogue,-10.84000,74580.00000,1317.43000,-24.82000,4.09000
314.35000,drogue,-8.77000,74639.00000,1311.13000,-24.91000,4.09000
314.45000,drogue,-10.32000,74679.00000,1306.87000,-25.04000,4.09000
314.55000,drogue,-9.29000,74729.00000,1301.54000,-25.20000,4.09000
314.58000,drogue,-9.29000,74729.00000,1301.54000,-25.20000,4.06000
314.65000,drogue,-10.84000,74739.00000,1300.48000,-25.32000,4.06000
314.75000,drogue,-9.81000,74803.00000,1293.66000,-25.45000,4.06000
314.85000,drogue,-9.29000,74816.00000,1292.28000,-25.54000,4.06000
314.90000,drogue,-9.29000,74816.00000,1292.28000,-25.54000,4.08000
314.95000,drogue,-9.81000,74813.00000,1292.60000,-25.61000,4.08000
315.05000,drogue,-10.84000,74819.00000,1291.96000,-25.66000,4.08000
315.15000,drogue,-10.84000,74833.00000,1290.47000,-25.73000,4.08000
315.22000,drogue,-10.84000,74833.00000,1290.47000,-25.73000,4.07000
315.25000,drogue,-9.81000,74897.00000,1283.66000,-25.84000,4.07000
315.35000,drogue,-8.77000,74933.00000,1279.84000,-26.02000,4.07000
315.45000,drogue,-9.29000,74962.00000,1276.75000,-26.27000,4.07000
315.54000,drogue,-9.29000,74962.00000,1276.75000,-26.27000,4.09000
315.55000,drogue,-9.81000,74973.00000,1275.59000,-26.54000,4.09000
315.65000,drogue,-7.74000,75009.00000,1271.76000,-26.81000,4.09000
315.75000,drogue,-10.84000,75002.00000,1272.51000,-27.11000,4.09000
315.85000,drogue,-10.32000,74998.00000,1272.93000,-27.39000,4.09000
315.86000,drogue,-10.32000,74998.00000,1272.93000,-27.39000,4.11000
315.95000,drogue,-8.26000,74983.00000,1274.52000,-27.64000,4.11000
316.04000,drogue,-8.26000,74983.00000,1274.52000,-27.64000,4.11000
316.05000,drogue,-11.36000,75011.00000,1271.55000,-27.87000,4.11000
316.15000,drogue,-10.32000,75057.00000,1266.67000,-28.09000,4.11000
316.18000,drogue,-10.32000,75057.00000,1266.67000,-28.09000,4.12000
316.25000,drogue,-9.81000,75103.00000,1261.79000,-28.36000,4.12000
316.35000,drogue,-10.84000,75179.00000,1253.73000,-28.69000,4.12000
316.45000,drogue,-9.81000,75230.00000,1248.32000,-29.01000,4.12000
316.50000,drogue,-9.81000,75230.00000,1248.32000,-29.01000,4.06000
316.55000,drogue,-9.29000,75266.00000,1244.51000,-29.36000,4.06000
316.65000,drogue,-8.77000,75246.00000,1246.63000,-29.67000,4.06000
316.75000,drogue,-9.81000,75276.00000,1243.45000,-30.01000,4.06000
316.82000,drogue,-9.81000,75276.00000,1243.45000,-30.01000,4.07000
316.85000,drogue,-10.84000,75272.00000,1243.87000,-30.32000,4.07000
316.95000,drogue,-12.39000,75300.00000,1240.91000,-30.60000,4.07000
317.05000,drogue,-9.29000,75323.00000,1238.47000,-30.83000,4.07000
317.14000,drogue,-9.29000,75323.00000,1238.47000,-30.83000,4.05000
317.15000,drogue,-10.84000,75377.00000,1232.76000,-31.04000,4.05000
317.25000,drogue,-9.81000,75436.00000,1226.52000,-31.22000,4.05000
317.35000,drogue,-9.81000,75490.00000,1220.82000,-31.35000,4.05000
317.45000,drogue,-10.84000,75514.00000,1218.28000,-31.42000,4.05000
317.46000,drogue,-10.84000,75514.00000,1218.28000,-31.42000,4.08000
317.55000,drogue,-8.26000,75519.00000,1217.75000,-31.43000,4.08000
317.65000,drogue,-12.39000,75528.00000,1216.80000,-31.41000,4.08000
317.75000,drogue,-12.90000,75584.00000,1210.89000,-31.33000,4.08000
317.78000,drogue,-12.90000,75584.00000,1210.89000,-31.33000,4.05000
317.85000,drogue,-11.36000,75552.00000,1214.27000,-31.22000,4.05000
317.95000,drogue,-11.36000,75568.00000,1212.58000,-31.07000,4.05000
318.05000,drogue,-12.39000,75611.00000,1208.04000,-30.89000,4.05000
318.06000,drogue,-12.39000,75611.00000,1208.04000,-30.89000,4.05000
318.10000,drogue,-12.39000,75611.00000,1208.04000,-30.89000,4.07000
318.15000,drogue,-12.39000,75620.00000,1207.09000,-30.71000,4.07000
318.25000,drogue,-12.90000,75708.00000,1197.81000,-30.47000,4.07000
318.35000,drogue,-11.87000,75785.00000,1189.70000,-30.19000,4.07000
318.42000,drogue,-11.87000,75785.00000,1189.70000,-30.19000,4.07000
318.45000,drogue,-9.29000,75805.00000,1187.59000,-29.85000,4.07000
318.55000,drogue,-10.32000,75859.00000,1181.91000,-29.48000,4.07000
318.65000,drogue,-11.36000,75864.00000,1181.38000,-29.05000,4.07000
318.74000,drogue,-11.36000,75864.00000,1181.38000,-29.05000,4.07000
318.75000,drogue,-9.29000,75924.00000,1175.07000,-28.63000,4.07000
318.85000,drogue,-11.36000,75933.00000,1174.13000,-28.21000,4.07000
318.95000,drogue,-11.87000,75967.00000,1170.55000,-27.85000,4.07000
319.05000,drogue,-11.36000,75954.00000,1171.92000,-27.54000,4.07000
319.06000,drogue,-11.36000,75954.00000,1171.92000,-27.54000,4.07000
319.15000,drogue,-9.81000,75971.00000,1170.13000,-27.30000,4.07000
319.25000,drogue,-13.42000,75953.00000,1172.02000,-27.13000,4.07000
319.35000,drogue,-11.87000,75962.00000,1171.08000,-27.00000,4.07000
319.38000,drogue,-11.87000,75962.00000,1171.08000,-27.00000,4.06000
319.45000,drogue,-10.84000,75984.00000,1168.76000,-26.86000,4.06000
319.55000,drogue,-10.84000,76020.00000,1164.98000,-26.76000,4.06000
319.65000,drogue,-9.81000,76073.00000,1159.42000,-26.70000,4.06000
319.70000,drogue,-9.81000,76073.00000,1159.42000,-26.70000,4.06000
319.75000,drogue,-11.87000,76134.00000,1153.01000,-26.70000,4.06000
319.85000,drogue,-9.29000,76179.00000,1148.29000,-26.73000,4.06000
319.95000,drogue,-11.36000,76220.00000,1143.99000,-26.80000,4.06000
320.02000,drogue,-11.36000,76220.00000,1143.99000,-26.80000,4.09000
320.04000,drogue,-11.36000,76220.00000,1143.99000,-26.80000,4.09000
320.05000,drogue,-10.32000,76207.00000,1145.36000,-26.94000,4.09000
320.15000,drogue,-10.84000,76251.00000,1140.75000,-27.12000,4.09000
320.25000,drogue,-10.84000,76216.00000,1144.41000,-27.32000,4.09000
320.34000,drogue,-10.84000,76216.00000,1144.41000,-27.32000,4.09000
320.35000,drogue,-10.84000,76213.00000,1144.73000,-27.52000,4.09000
320.45000,drogue,-11.87000,76228.00000,1143.16000,-27.69000,4.09000
320.55000,drogue,-10.84000,76280.00000,1137.71000,-27.84000,4.09000
320.65000,drogue,-11.36000,76306.00000,1134.98000,-27.92000,4.09000
320.66000,drogue,-11.36000,76306.00000,1134.98000,-27.92000,4.05000
320.75000,drogue,-10.32000,76393.00000,1125.88000,-27.99000,4.05000
320.85000,drogue,-8.77000,76422.00000,1122.84000,-27.98000,4.05000
320.95000,drogue,-9.81000,76484.00000,1116.36000,-27.98000,4.05000
320.98000,drogue,-9.81000,76484.00000,1116.36000,-27.98000,4.09000
321.05000,drogue,-12.39000,76520.00000,1112.60000,-27.92000,4.09000
321.15000,drogue,-11.36000,76528.00000,1111.76000,-27.85000,4.09000
321.25000,drogue,-9.81000,76548.00000,1109.67000,-27.74000,4.09000
321.30000,drogue,-9.81000,76548.00000,1109.67000,-27.74000,4.08000
321.35000,drogue,-9.81000,76530.00000,1111.55000,-27.62000,4.08000
321.45000,drogue,-12.39000,76488.00000,1115.94000,-27.53000,4.08000
321.55000,drogue,-9.29000,76546.00000,1109.88000,-27.41000,4.08000
321.62000,drogue,-9.29000,76546.00000,1109.88000,-27.41000,4.05000
321.65000,drogue,-11.36000,76578.00000,1106.54000,-27.31000,4.05000
321.75000,drogue,-10.84000,76619.00000,1102.26000,-27.23000,4.05000
321.85000,drogue,-11.87000,76689.00000,1094.95000,-27.15000,4.05000
321.94000,drogue,-11.87000,76689.00000,1094.95000,-27.15000,4.05000
321.95000,drogue,-9.81000,76715.00000,1092.24000,-27.10000,4.05000
322.04000,drogue,-9.81000,76715.00000,1092.24000,-27.10000,4.05000
322.05000,drogue,-9.29000,76764.00000,1087.13000,-27.02000,4.05000
322.15000,drogue,-9.81000,76800.00000,1083.38000,-26.97000,4.05000
322.25000,drogue,-13.42000,76782.00000,1085.26000,-26.91000,4.05000
322.26000,drogue,-13.42000,76782.00000,1085.26000,-26.91000,4.06000
322.35000,drogue,-10.32000,76787.00000,1084.74000,-26.90000,4.06000
322.45000,drogue,-9.29000,76817.00000,1081.61000,-26.93000,4.06000
322.55000,drogue,-11.36000,76834.00000,1079.84000,-27.00000,4.06000
322.58000,drogue,-11.36000,76834.00000,1079.84000,-27.00000,4.04000
322.65000,drogue,-8.77000,76841.00000,1079.11000,-27.09000,4.04000
322.75000,drogue,-9.81000,76885.00000,1074.53000,-27.18000,4.04000
322.85000,drogue,-11.36000,76886.00000,1074.43000,-27.24000,4.04000
322.90000,drogue,-11.36000,76886.00000,1074.43000,-27.24000,4.06000
322.95000,drogue,-10.32000,76980.00000,1064.65000,-27.30000,4.06000
323.05000,drogue,-9.81000,76987.00000,1063.92000,-27.35000,4.06000
323.15000,drogue,-9.81000,77017.00000,1060.80000,-27.39000,4.06000
323.22000,drogue,-9.81000,77017.00000,1060.80000,-27.39000,4.06000
323.25000,drogue,-10.84000,77034.00000,1059.03000,-27.41000,4.06000
323.35000,drogue,-10.32000,77062.00000,1056.12000,-27.42000,4.06000
323.45000,drogue,-8.77000,77096.00000,1052.59000,-27.40000,4.06000
323.54000,drogue,-8.77000,77096.00000,1052.59000,-27.40000,4.06000
323.55000,drogue,-9.81000,77073.00000,1054.98000,-27.44000,4.06000
323.65000,drogue,-10.32000,77109.00000,1051.24000,-27.50000,4.06000
323.75000,drogue,-9.29000,77150.00000,1046.99000,-27.59000,4.06000
323.85000,drogue,-9.81000,77188.00000,1043.04000,-27.72000,4.06000
323.86000,drogue,-9.81000,77188.00000,1043.04000,-27.72000,4.06000
323.95000,drogue,-9.81000,77237.00000,1037.96000,-27.85000,4.06000
324.05000,drogue,-9.29000,77250.00000,1036.61000,-28.00000,4.06000
324.15000,drogue,-8.77000,77283.00000,1033.19000,-28.12000,4.06000
324.18000,drogue,-8.77000,77283.00000,1033.19000,-28.12000,4.06000
324.25000,drogue,-9.81000,77314.00000,1029.98000,-28.22000,4.06000
324.35000,drogue,-9.81000,77367.00000,1024.49000,-28.29000,4.06000
324.45000,drogue,-11.36000,77402.00000,1020.86000,-28.35000,4.06000
324.50000,drogue,-11.36000,77402.00000,1020.86000,-28.35000,4.06000
324.55000,drogue,-11.87000,77393.00000,1021.79000,-28.39000,4.06000
324.65000,drogue,-10.84000,77405.00000,1020.55000,-28.40000,4.06000
324.75000,drogue,-9.81000,77369.00000,1024.28000,-28.40000,4.06000
324.82000,drogue,-9.81000,77369.00000,1024.28000,-28.40000,4.08000
324.85000,drogue,-9.29000,77380.00000,1023.14000,-28.39000,4.08000
324.95000,drogue,-9.81000,77415.00000,1019.52000,-28.39000,4.08000
325.04000,drogue,-9.81000,77415.00000,1019.52000,-28.39000,4.08000
325.05000,drogue,-11.36000,77480.00000,1012.79000,-28.34000,4.08000
325.14000,drogue,-11.36000,77480.00000,1012.79000,-28.34000,4.07000
325.15000,drogue,-10.84000,77547.00000,1005.86000,-28.27000,4.07000
325.25000,drogue,-9.81000,77569.00000,1003.59000,-28.16000,4.07000
325.35000,drogue,-9.29000,77637.00000,996.56000,-28.00000,4.07000
325.45000,drogue,-11.36000,77657.00000,994.50000,-27.83000,4.07000
325.46000,drogue,-11.36000,77657.00000,994.50000,-27.83000,4.06000
325.55000,drogue,-9.29000,77695.00000,990.57000,-27.59000,4.06000
325.65000,drogue,-10.32000,77735.00000,986.45000,-27.31000,4.06000
325.75000,drogue,-11.36000,77753.00000,984.59000,-26.96000,4.06000
325.78000,drogue,-11.36000,77753.00000,984.59000,-26.96000,4.06000
325.85000,drogue,-10.32000,77782.00000,981.60000,-26.57000,4.06000
325.95000,drogue,-11.87000,77788.00000,980.98000,-26.14000,4.06000
326.05000,drogue,-10.32000,77811.00000,978.61000,-25.66000,4.06000
326.10000,drogue,-10.32000,77811.00000,978.61000,-25.66000,4.05000
326.15000,main,-9.81000,77783.00000,981.50000,-25.18000,4.05000
326.25000,main,-11.87000,77830.00000,976.65000,-24.65000,4.05000
326.35000,main,-10.32000,77829.00000,976.75000,-24.12000,4.05000
326.42000,main,-10.32000,77829.00000,976.75000,-24.12000,4.06000
326.45000,main,-11.87000,77847.00000,974.90000,-23.58000,4.06000
326.55000,main,-9.29000,77869.00000,972.63000,-23.01000,4.06000
326.65000,main,-9.81000,77903.00000,969.13000,-22.43000,4.06000
326.74000,main,-9.81000,77903.00000,969.13000,-22.43000,4.08000
326.75000,main,-11.36000,77940.00000,965.32000,-21.86000,4.08000
326.85000,main,-10.84000,78013.00000,957.81000,-21.38000,4.08000
326.95000,main,-9.29000,78033.00000,955.75000,-21.03000,4.08000
327.05000,main,-10.32000,78055.00000,953.49000,-20.81000,4.08000
327.06000,main,-10.32000,78055.00000,953.49000,-20.81000,4.08000
327.15000,main,-9.81000,78097.00000,949.17000,-20.72000,4.08000
327.25000,main,-9.81000,78109.00000,947.94000,-20.73000,4.08000
327.35000,main,-11.36000,78103.00000,948.55000,-20.91000,4.08000
327.38000,main,-11.36000,78103.00000,948.55000,-20.91000,4.06000
327.45000,main,-9.29000,78142.00000,944.55000,-21.20000,4.06000
327.55000,main,-10.32000,78127.00000,946.09000,-21.59000,4.06000
327.65000,main,-9.81000,78116.00000,947.22000,-22.10000,4.06000
327.70000,main,-9.81000,78116.00000,947.22000,-22.10000,4.05000
327.75000,main,-11.36000,78074.00000,951.53000,-22.72000,4.05000
327.85000,main,-10.32000,78104.00000,948.45000,-23.39000,4.05000
327.95000,main,-9.81000,78123.00000,946.50000,-24.12000,4.05000
328.02000,main,-9.81000,78123.00000,946.50000,-24.12000,4.05000
328.05000,main,-10.32000,78172.00000,941.47000,-24.92000,4.05000
328.06000,main,-10.32000,78172.00000,941.47000,-24.92000,4.05000
328.15000,main,-9.29000,78221.00000,936.43000,-25.72000,4.05000
328.25000,main,-10.84000,78223.00000,936.23000,-26.59000,4.05000
328.34000,main,-10.84000,78223.00000,936.23000,-26.59000,4.05000
328.35000,main,-9.81000,78258.00000,932.64000,-27.42000,4.05000
328.45000,main,-9.29000,78272.00000,931.20000,-28.27000,4.05000
328.55000,main,-10.32000,78295.00000,928.84000,-29.06000,4.05000
328.65000,main,-11.87000,78295.00000,928.84000,-29.76000,4.05000
328.66000,main,-11.87000,78295.00000,928.84000,-29.76000,4.05000
328.75000,main,-10.32000,78356.00000,922.59000,-30.35000,4.05000
328.85000,main,-10.32000,78437.00000,914.29000,-30.85000,4.05000
328.95000,main,-9.81000,78519.00000,905.89000,-31.18000,4.05000
328.98000,main,-9.81000,78519.00000,905.89000,-31.18000,4.06000
329.04000,main,-9.81000,78519.00000,905.89000,-31.18000,4.06000
329.05000,main,-12.90000,78550.00000,902.72000,-31.34000,4.06000
329.15000,main,-11.36000,78582.00000,899.45000,-31.36000,4.06000
329.25000,main,-9.81000,78597.00000,897.91000,-31.23000,4.06000
329.30000,main,-9.81000,78597.00000,897.91000,-31.23000,4.06000
329.35000,main,-10.32000,78654.00000,892.09000,-30.97000,4.06000
329.45000,main,-10.32000,78671.00000,890.35000,-30.64000,4.06000
329.55000,main,-7.74000,78645.00000,893.01000,-30.20000,4.06000
329.62000,main,-7.74000,78645.00000,893.01000,-30.20000,4.06000
329.65000,main,-9.29000,78683.00000,889.12000,-29.70000,4.06000
329.75000,main,-10.32000,78714.00000,885.96000,-29.13000,4.06000
329.85000,main,-9.81000,78695.00000,887.90000,-28.57000,4.06000
329.94000,main,-9.81000,78695.00000,887.90000,-28.57000,4.06000
329.95000,main,-10.84000,78736.00000,883.71000,-27.97000,4.06000
330.05000,main,-10.84000,78785.00000,878.71000,-27.36000,4.06000
330.15000,main,-12.39000,78823.00000,874.83000,-26.78000,4.06000
330.25000,main,-9.81000,78885.00000,868.51000,-26.19000,4.06000
330.26000,main,-9.81000,78885.00000,868.51000,-26.19000,4.05000
330.35000,main,-11.87000,78909.00000,866.06000,-25.62000,4.05000
330.45000,main,-10.32000,78977.00000,859.13000,-25.07000,4.05000
330.55000,main,-10.84000,78995.00000,857.30000,-24.58000,4.05000
330.58000,main,-10.84000,78995.00000,857.30000,-24.58000,4.08000
330.65000,main,-9.81000,78963.00000,860.56000,-24.17000,4.08000
330.75000,main,-9.81000,78969.00000,859.95000,-23.89000,4.08000
330.85000,main,-11.87000,79000.00000,856.79000,-23.71000,4.08000
330.90000,main,-11.87000,79000.00000,856.79000,-23.71000,4.06000
330.95000,main,-11.36000,78992.00000,857.61000,-23.63000,4.06000
331.04000,main,-11.36000,78992.00000,857.61000,-23.63000,4.06000
331.05000,main,-9.29000,79003.00000,856.49000,-23.62000,4.06000
331.15000,main,-11.36000,79023.00000,854.45000,-23.65000,4.06000
331.22000,main,-11.36000,79023.00000,854.45000,-23.65000,4.05000
331.25000,main,-8.26000,79069.00000,849.77000,-23.74000,4.05000
331.35000,main,-9.29000,79112.00000,845.39000,-23.92000,4.05000
331.45000,main,-11.87000,79166.00000,839.90000,-24.15000,4.05000
331.54000,main,-11.87000,79166.00000,839.90000,-24.15000,4.06000
331.55000,main,-9.29000,79192.00000,837.26000,-24.41000,4.06000
331.65000,main,-10.32000,79212.00000,835.23000,-24.76000,4.06000
331.75000,main,-9.81000,79230.00000,833.40000,-25.19000,4.06000
331.85000,main,-10.32000,79243.00000,832.08000,-25.66000,4.06000
331.86000,main,-10.32000,79243.00000,832.08000,-25.66000,4.05000
331.95000,main,-10.84000,79210.00000,835.43000,-26.21000,4.05000
332.05000,main,-11.87000,79182.00000,838.28000,-26.78000,4.05000
332.15000,main,-10.32000,79259.00000,830.45000,-27.35000,4.05000
332.18000,main,-10.32000,79259.00000,830.45000,-27.35000,4.06000
332.25000,main,-11.87000,79258.00000,830.55000,-27.90000,4.06000
332.35000,main,-9.29000,79287.00000,827.61000,-28.40000,4.06000
332.45000,main,-11.87000,79319.00000,824.36000,-28.84000,4.06000
332.50000,main,-11.87000,79319.00000,824.36000,-28.84000,4.05000
332.55000,main,-10.84000,79405.00000,815.64000,-29.24000,4.05000
332.65000,main,-11.87000,79481.00000,807.93000,-29.50000,4.05000
332.75000,main,-10.84000,79562.00000,799.73000,-29.71000,4.05000
332.82000,main,-10.84000,79562.00000,799.73000,-29.71000,4.06000
332.85000,main,-10.84000,79567.00000,799.22000,-29.85000,4.06000
332.95000,main,-8.77000,79581.00000,797.80000,-29.96000,4.06000
333.03000,main,-8.77000,79581.00000,797.80000,-29.96000,4.06000
333.05000,main,-10.84000,79594.00000,796.49000,-30.01000,4.06000
333.14000,main,-10.84000,79594.00000,796.49000,-30.01000,4.05000
333.15000,main,-10.32000,79573.00000,798.61000,-29.99000,4.05000
333.25000,main,-9.29000,79598.00000,796.08000,-29.90000,4.05000
333.35000,main,-12.39000,79625.00000,793.35000,-29.77000,4.05000
333.45000,main,-8.77000,79648.00000,791.02000,-29.57000,4.05000
333.46000,main,-8.77000,79648.00000,791.02000,-29.57000,4.05000
333.55000,main,-9.29000,79680.00000,787.79000,-29.32000,4.05000
333.65000,main,-11.87000,79749.00000,780.81000,-29.02000,4.05000
333.75000,main,-10.84000,79791.00000,776.57000,-28.72000,4.05000
333.78000,main,-10.84000,79791.00000,776.57000,-28.72000,4.05000
333.85000,main,-13.94000,79859.00000,769.70000,-28.38000,4.05000
333.95000,main,-10.32000,79900.00000,765.57000,-28.06000,4.05000
334.04000,main,-10.32000,79900.00000,765.57000,-28.06000,4.05000
334.05000,main,-9.29000,79881.00000,767.48000,-27.77000,4.05000
334.10000,main,-9.29000,79881.00000,767.48000,-27.77000,4.05000
334.15000,main,-10.32000,79898.00000,765.77000,-27.58000,4.05000
334.25000,main,-11.36000,79889.00000,766.68000,-27.38000,4.05000
334.35000,main,-8.77000,79919.00000,763.65000,-27.23000,4.05000
334.42000,main,-8.77000,79919.00000,763.65000,-27.23000,4.05000
334.45000,main,-10.32000,79919.00000,763.65000,-27.11000,4.05000
334.55000,main,-10.32000,79998.00000,755.68000,-27.05000,4.05000
334.65000,main,-10.32000,79992.00000,756.29000,-27.05000,4.05000
334.74000,main,-10.32000,79992.00000,756.29000,-27.05000,4.05000
334.75000,main,-9.81000,80045.00000,750.95000,-27.09000,4.05000
334.85000,main,-9.81000,80082.00000,747.22000,-27.13000,4.05000
334.95000,main,-9.81000,80165.00000,738.86000,-27.20000,4.05000
335.05000,main,-14.45000,80178.00000,737.56000,-27.33000,4.05000
335.06000,main,-14.45000,80178.00000,737.56000,-27.33000,4.07000
335.15000,main,-10.32000,80155.00000,739.87000,-27.48000,4.07000
335.25000,main,-8.77000,80153.00000,740.07000,-27.70000,4.07000
335.35000,main,-8.77000,80165.00000,738.86000,-27.97000,4.07000
335.38000,main,-8.77000,80165.00000,738.86000,-27.97000,4.05000
335.45000,main,-8.77000,80162.00000,739.17000,-28.28000,4.05000
335.55000,main,-10.32000,80213.00000,734.03000,-28.61000,4.05000
335.65000,main,-11.36000,80247.00000,730.62000,-28.97000,4.05000
335.70000,main,-11.36000,80247.00000,730.62000,-28.97000,4.06000
335.75000,main,-9.29000,80325.00000,722.78000,-29.34000,4.06000
335.85000,main,-10.84000,80322.00000,723.08000,-29.74000,4.06000
335.95000,main,-12.39000,80425.00000,712.73000,-30.13000,4.06000
336.02000,main,-12.39000,80425.00000,712.73000,-30.13000,4.05000
336.05000,main,-11.87000,80461.00000,709.12000,-30.49000,4.05000
336.15000,main,-10.32000,80498.00000,705.41000,-30.83000,4.05000
336.25000,main,-11.87000,80458.00000,709.42000,-31.14000,4.05000
336.34000,main,-11.87000,80458.00000,709.42000,-31.14000,4.07000
336.35000,main,-12.39000,80481.00000,707.12000,-31.42000,4.07000
336.45000,main,-10.84000,80477.00000,707.52000,-31.63000,4.07000
336.55000,main,-9.29000,80513.00000,703.91000,-31.81000,4.07000
336.65000,main,-10.84000,80552.00000,700.00000,-31.93000,4.07000
336.66000,main,-10.84000,80552.00000,700.00000,-31.93000,4.05000
336.75000,main,-11.36000,80595.00000,695.69000,-32.02000,4.05000
336.85000,main,-12.39000,80629.00000,692.28000,-32.09000,4.05000
336.95000,main,-10.84000,80678.00000,687.37000,-32.14000,4.05000
336.98000,main,-10.84000,80678.00000,687.37000,-32.14000,4.06000
337.05000,main,-10.32000,80774.00000,677.77000,-32.11000,4.06000
337.06000,main,-10.32000,80774.00000,677.77000,-32.11000,4.06000
337.15000,main,-11.36000,80805.00000,674.67000,-31.98000,4.06000
337.25000,main,-9.29000,80840.00000,671.17000,-31.78000,4.06000
337.30000,main,-9.29000,80840.00000,671.17000,-31.78000,4.05000
337.35000,main,-11.36000,80859.00000,669.27000,-31.51000,4.05000
337.45000,main,-11.36000,80875.00000,667.67000,-31.21000,4.05000
337.55000,main,-11.87000,80865.00000,668.67000,-30.87000,4.05000
337.62000,main,-11.87000,80865.00000,668.67000,-30.87000,4.05000
337.65000,main,-9.81000,80896.00000,665.57000,-30.50000,4.05000
337.75000,main,-10.84000,80909.00000,664.28000,-30.12000,4.05000
337.85000,main,-10.84000,80985.00000,656.69000,-29.69000,4.05000
337.94000,main,-10.84000,80985.00000,656.69000,-29.69000,4.05000
337.95000,main,-9.81000,81029.00000,652.30000,-29.28000,4.05000
338.04000,main,-9.81000,81029.00000,652.30000,-29.28000,4.05000
338.05000,main,-11.87000,81064.00000,648.81000,-28.85000,4.05000
338.15000,main,-9.81000,81102.00000,645.02000,-28.45000,4.05000
338.25000,main,-10.32000,81122.00000,643.02000,-28.03000,4.05000
338.26000,main,-10.32000,81122.00000,643.02000,-28.03000,4.05000
338.35000,main,-9.81000,81135.00000,641.73000,-27.71000,4.05000
338.45000,main,-11.36000,81121.00000,643.12000,-27.47000,4.05000
338.55000,main,-10.84000,81130.00000,642.23000,-27.39000,4.05000
338.58000,main,-10.84000,81130.00000,642.23000,-27.39000,4.06000
338.65000,main,-12.90000,81197.00000,635.55000,-27.47000,4.06000
338.75000,main,-10.84000,81243.00000,630.97000,-27.71000,4.06000
338.85000,main,-10.32000,81307.00000,624.60000,-28.13000,4.06000
338.90000,main,-10.32000,81307.00000,624.60000,-28.13000,4.05000
338.95000,main,-10.84000,81344.00000,620.92000,-28.79000,4.05000
339.05000,main,-8.26000,81344.00000,620.92000,-29.71000,4.05000
339.15000,main,-11.36000,81341.00000,621.22000,-30.81000,4.05000
339.22000,main,-11.36000,81341.00000,621.22000,-30.81000,4.04000
339.25000,main,-11.36000,81339.00000,621.42000,-32.11000,4.04000
339.35000,main,-10.32000,81343.00000,621.02000,-33.58000,4.04000
339.45000,main,-11.36000,81396.00000,615.75000,-35.20000,4.04000
339.54000,main,-11.36000,81396.00000,615.75000,-35.20000,4.05000
339.55000,main,-9.81000,81403.00000,615.06000,-36.95000,4.05000
339.65000,main,-11.36000,81434.00000,611.98000,-38.82000,4.05000
339.75000,main,-12.90000,81457.00000,609.69000,-40.76000,4.05000
339.85000,main,-10.84000,81492.00000,606.22000,-42.70000,4.05000
339.86000,main,-10.84000,81492.00000,606.22000,-42.70000,4.05000
339.95000,main,-11.36000,81534.00000,602.05000,-44.58000,4.05000
340.04000,main,-11.36000,81534.00000,602.05000,-44.58000,4.05000
340.05000,main,-13.42000,81570.00000,598.47000,-46.41000,4.05000
340.15000,main,-11.36000,81640.00000,591.53000,-48.11000,4.05000
340.18000,main,-11.36000,81640.00000,591.53000,-48.11000,4.04000
340.25000,main,-10.84000,81683.00000,587.27000,-49.59000,4.04000
340.35000,main,-12.39000,81778.00000,577.86000,-50.85000,4.04000
340.45000,main,-11.87000,81831.00000,572.61000,-51.87000,4.04000
340.50000,main,-11.87000,81831.00000,572.61000,-51.87000,4.06000
340.55000,main,-10.32000,81934.00000,562.42000,-52.63000,4.06000
340.65000,main,-13.42000,81984.00000,557.48000,-53.19000,4.06000
340.75000,main,-9.81000,82015.00000,554.42000,-53.52000,4.06000
340.82000,main,-9.81000,82015.00000,554.42000,-53.52000,4.05000
340.85000,main,-12.90000,82088.00000,547.21000,-53.66000,4.05000
340.95000,main,-12.39000,82208.00000,535.37000,-53.60000,4.05000
341.05000,main,-11.36000,82288.00000,527.48000,-53.39000,4.05000
341.14000,main,-11.36000,82288.00000,527.48000,-53.39000,4.06000
341.15000,main,-13.42000,82332.00000,523.15000,-53.07000,4.06000
341.25000,main,-13.94000,82378.00000,518.62000,-52.66000,4.06000
341.35000,main,-12.39000,82419.00000,514.59000,-52.25000,4.06000
341.45000,main,-14.45000,82456.00000,510.95000,-51.87000,4.06000
341.46000,main,-14.45000,82456.00000,510.95000,-51.87000,4.07000
341.55000,main,-15.48000,82525.00000,504.16000,-51.55000,4.07000
341.65000,main,-15.48000,82581.00000,498.66000,-51.31000,4.07000
341.75000,main,-15.48000,82612.00000,495.62000,-51.15000,4.07000
341.78000,main,-15.48000,82612.00000,495.62000,-51.15000,4.07000
341.85000,main,-12.90000,82573.00000,499.45000,-51.05000,4.07000
341.95000,main,-14.45000,82613.00000,495.52000,-51.02000,4.07000
342.04000,main,-14.45000,82613.00000,495.52000,-51.02000,4.07000
342.05000,main,-13.94000,82706.00000,486.39000,-51.06000,4.07000
342.10000,main,-13.94000,82706.00000,486.39000,-51.06000,4.07000
342.15000,main,-12.90000,82761.00000,480.99000,-51.15000,4.07000
342.25000,main,-12.39000,82749.00000,482.17000,-51.21000,4.07000
342.35000,main,-13.42000,82814.00000,475.80000,-51.19000,4.07000
342.42000,main,-13.42000,82814.00000,475.80000,-51.19000,4.07000
342.45000,main,-11.87000,82883.00000,469.04000,-51.10000,4.07000
342.55000,main,-11.87000,82914.00000,466.00000,-50.84000,4.07000
342.65000,main,-12.39000,83016.00000,456.02000,-50.31000,4.07000
342.74000,main,-12.39000,83016.00000,456.02000,-50.31000,4.08000
342.75000,main,-12.90000,83069.00000,450.83000,-49.46000,4.08000
342.85000,main,-12.90000,83179.00000,440.09000,-48.23000,4.08000
342.95000,main,-12.39000,83215.00000,436.57000,-46.65000,4.08000
343.04000,main,-12.39000,83215.00000,436.57000,-46.65000,4.08000
343.05000,main,-12.39000,83319.00000,426.42000,-44.60000,4.08000
343.06000,main,-12.39000,83319.00000,426.42000,-44.60000,4.06000
343.15000,main,-13.42000,83384.00000,420.08000,-42.04000,4.06000
343.25000,main,-14.97000,83418.00000,416.77000,-39.00000,4.06000
343.35000,main,-14.45000,83511.00000,407.71000,-35.56000,4.06000
343.38000,main,-14.45000,83511.00000,407.71000,-35.56000,4.08000
343.45000,main,-17.03000,83533.00000,405.57000,-31.76000,4.08000
343.55000,main,-18.06000,83591.00000,399.93000,-27.71000,4.08000
343.65000,main,-17.55000,83628.00000,396.33000,-23.50000,4.08000
343.70000,main,-17.55000,83628.00000,396.33000,-23.50000,4.07000
343.75000,main,-20.13000,83644.00000,394.77000,-19.27000,4.07000
343.85000,main,-17.03000,83630.00000,396.13000,-15.04000,4.07000
343.95000,main,-19.10000,83644.00000,394.77000,-11.04000,4.07000
344.02000,main,-19.10000,83644.00000,394.77000,-11.04000,4.08000
344.04000,main,-19.10000,83644.00000,394.77000,-11.04000,4.08000
344.05000,main,-14.97000,83715.00000,387.87000,-7.38000,4.08000
344.15000,main,-13.94000,83731.00000,386.32000,-4.11000,4.08000
344.25000,main,-14.45000,83722.00000,387.19000,-1.31000,4.08000
344.34000,main,-14.45000,83722.00000,387.19000,-1.31000,4.09000
344.35000,main,-14.97000,83681.00000,391.18000,0.89000,4.09000
344.45000,main,-15.48000,83748.00000,384.67000,2.38000,4.09000
344.55000,main,-15.48000,83710.00000,388.36000,3.13000,4.09000
344.65000,main,-16.52000,83618.00000,397.30000,3.01000,4.09000
344.66000,main,-16.52000,83618.00000,397.30000,3.01000,4.07000
344.75000,main,-16.00000,83583.00000,400.71000,2.05000,4.07000
344.85000,main,-16.52000,83463.00000,412.39000,0.23000,4.07000
344.95000,main,-14.45000,83445.00000,414.14000,-2.38000,4.07000
344.98000,main,-14.45000,83445.00000,414.14000,-2.38000,4.07000
345.03000,main,-14.45000,83445.00000,414.14000,-2.38000,4.07000
345.05000,main,-17.55000,83346.00000,423.79000,-5.75000,4.07000
345.15000,main,-19.10000,83237.00000,434.42000,-9.76000,4.07000
345.25000,main,-18.06000,83216.00000,436.47000,-14.25000,4.07000
345.30000,main,-18.06000,83216.00000,436.47000,-14.25000,4.06000
345.35000,main,-19.10000,83259.00000,432.28000,-19.15000,4.06000
345.45000,main,-23.23000,83290.00000,429.25000,-24.27000,4.06000
345.55000,main,-22.71000,83375.00000,420.96000,-29.55000,4.06000
345.62000,main,-22.71000,83375.00000,420.96000,-29.55000,4.06000
345.65000,main,-20.65000,83447.00000,413.95000,-34.85000,4.06000
345.75000,main,-21.68000,83577.00000,401.29000,-40.02000,4.06000
345.85000,main,-23.23000,83619.00000,397.20000,-44.89000,4.06000
345.94000,main,-23.23000,83619.00000,397.20000,-44.89000,4.05000
345.95000,main,-22.71000,83699.00000,389.43000,-49.36000,4.05000
346.04000,main,-22.71000,83699.00000,389.43000,-49.36000,4.05000
346.05000,main,-23.23000,83761.00000,383.40000,-53.42000,4.05000
346.15000,main,-24.77000,83771.00000,382.43000,-56.87000,4.05000
346.25000,main,-22.19000,83784.00000,381.17000,-59.71000,4.05000
346.26000,main,-22.19000,83784.00000,381.17000,-59.71000,4.05000
346.35000,main,-22.19000,83841.00000,375.64000,-61.88000,4.05000
346.45000,main,-21.16000,83953.00000,364.78000,-63.44000,4.05000
346.55000,main,-21.16000,84055.00000,354.89000,-64.34000,4.05000
346.58000,main,-21.16000,84055.00000,354.89000,-64.34000,4.04000
346.65000,main,-19.61000,84215.00000,339.41000,-64.61000,4.04000
346.75000,main,-21.68000,84361.00000,325.30000,-64.37000,4.04000
346.85000,main,-18.06000,84468.00000,314.98000,-63.65000,4.04000
346.90000,main,-18.06000,84468.00000,314.98000,-63.65000,4.06000
346.95000,main,-18.06000,84571.00000,305.05000,-62.59000,4.06000
347.04000,main,-18.06000,84571.00000,305.05000,-62.59000,4.06000
347.05000,main,-17.03000,84648.00000,297.63000,-61.28000,4.06000
347.15000,main,-14.97000,84682.00000,294.36000,-59.75000,4.06000
347.22000,main,-14.97000,84682.00000,294.36000,-59.75000,4.08000
347.25000,main,-15.48000,84681.00000,294.45000,-58.10000,4.08000
347.35000,main,-14.97000,84675.00000,295.03000,-56.43000,4.08000
347.45000,main,-13.42000,84707.00000,291.95000,-54.81000,4.08000
347.54000,main,-13.42000,84707.00000,291.95000,-54.81000,4.07000
347.55000,main,-13.94000,84790.00000,283.97000,-53.36000,4.07000
347.65000,main,-11.87000,84876.00000,275.70000,-52.10000,4.07000
347.75000,main,-14.45000,84943.00000,269.26000,-51.06000,4.07000
347.85000,main,-14.97000,84946.00000,268.98000,-50.20000,4.07000
347.86000,main,-14.97000,84946.00000,268.98000,-50.20000,4.06000
347.95000,main,-12.39000,84934.00000,270.13000,-49.54000,4.06000
348.04000,main,-12.39000,84934.00000,270.13000,-49.54000,4.06000
348.05000,main,-14.97000,85053.00000,258.71000,-49.06000,4.06000
348.15000,main,-13.42000,84994.00000,264.37000,-48.67000,4.06000
348.18000,main,-13.42000,84994.00000,264.37000,-48.67000,4.06000
348.25000,main,-14.45000,85072.00000,256.89000,-48.26000,4.06000
348.35000,main,-16.00000,85124.00000,251.90000,-47.85000,4.06000
348.45000,main,-14.97000,85188.00000,245.77000,-47.39000,4.06000
348.50000,main,-14.97000,85188.00000,245.77000,-47.39000,4.06000
348.55000,main,-17.55000,85236.00000,241.17000,-46.77000,4.06000
348.65000,main,-16.52000,85290.00000,236.00000,-46.01000,4.06000
348.75000,main,-19.10000,85379.00000,227.49000,-45.02000,4.06000
348.82000,main,-19.10000,85379.00000,227.49000,-45.02000,4.07000
348.85000,main,-17.55000,85448.00000,220.89000,-43.60000,4.07000
348.95000,main,-15.48000,85515.00000,214.49000,-41.88000,4.07000
349.04000,main,-15.48000,85515.00000,214.49000,-41.88000,4.07000
349.05000,main,-18.06000,85629.00000,203.61000,-39.83000,4.07000
349.14000,main,-18.06000,85629.00000,203.61000,-39.83000,4.06000
349.15000,main,-14.97000,85637.00000,202.85000,-37.42000,4.06000
349.25000,main,-17.55000,85594.00000,206.95000,-34.67000,4.06000
349.35000,main,-13.94000,85616.00000,204.85000,-31.60000,4.06000
349.45000,main,-14.97000,85661.00000,200.56000,-28.36000,4.06000
349.46000,main,-14.97000,85661.00000,200.56000,-28.36000,4.06000
349.55000,main,-19.10000,85826.00000,184.83000,-25.12000,4.06000
349.65000,main,-19.10000,85921.00000,175.79000,-21.89000,4.06000
349.75000,main,-17.03000,85992.00000,169.04000,-18.75000,4.06000
349.78000,main,-17.03000,85992.00000,169.04000,-18.75000,4.06000
349.85000,main,-14.97000,86029.00000,165.52000,-15.75000,4.06000
349.95000,main,-18.58000,86049.00000,163.62000,-13.01000,4.06000
350.05000,main,-17.55000,86074.00000,161.25000,-10.70000,4.06000
350.10000,main,-17.55000,86074.00000,161.25000,-10.70000,4.06000
350.15000,main,-14.45000,86027.00000,165.71000,-8.71000,4.06000
350.25000,main,-15.48000,85839.00000,183.60000,-7.20000,4.06000
350.35000,main,-17.55000,85810.00000,186.36000,-6.19000,4.06000
350.42000,main,-17.55000,85810.00000,186.36000,-6.19000,4.07000
350.45000,main,-12.90000,85764.00000,190.74000,-5.70000,4.07000
350.55000,main,-16.00000,85682.00000,198.55000,-5.71000,4.07000
350.65000,main,-13.94000,85736.00000,193.41000,-6.20000,4.07000
350.74000,main,-13.94000,85736.00000,193.41000,-6.20000,4.06000
350.75000,main,-15.48000,85746.00000,192.45000,-7.16000,4.06000
350.85000,main,-13.94000,85573.00000,208.95000,-8.49000,4.06000
350.95000,main,-15.48000,85713.00000,195.60000,-10.16000,4.06000
351.04000,main,-15.48000,85713.00000,195.60000,-10.16000,4.06000
351.05000,main,-14.97000,85777.00000,189.50000,-12.10000,4.06000
351.06000,main,-14.97000,85777.00000,189.50000,-12.10000,4.05000
351.15000,main,-12.90000,85794.00000,187.88000,-14.22000,4.05000
351.25000,main,-10.32000,85816.00000,185.79000,-16.58000,4.05000
351.35000,main,-13.42000,85764.00000,190.74000,-19.01000,4.05000
351.38000,main,-13.42000,85764.00000,190.74000,-19.01000,4.05000
351.45000,main,-13.42000,85822.00000,185.21000,-21.57000,4.05000
351.55000,main,-12.90000,85971.00000,171.04000,-24.31000,4.05000
351.65000,main,-10.32000,85988.00000,169.42000,-27.17000,4.05000
351.70000,main,-10.32000,85988.00000,169.42000,-27.17000,4.06000
351.75000,main,-9.81000,86011.00000,167.23000,-30.08000,4.06000
351.85000,main,-10.32000,86029.00000,165.52000,-32.97000,4.06000
351.95000,main,-10.84000,86084.00000,160.30000,-35.85000,4.06000
352.02000,main,-10.84000,86084.00000,160.30000,-35.85000,4.05000
352.04000,main,-10.84000,86084.00000,160.30000,-35.85000,4.05000
352.05000,main,-11.87000,86173.00000,151.85000,-38.71000,4.05000
352.15000,main,-9.81000,86109.00000,157.92000,-41.53000,4.05000
352.25000,main,-10.84000,86114.00000,157.45000,-44.25000,4.05000
352.34000,main,-10.84000,86114.00000,157.45000,-44.25000,4.05000
352.35000,main,-13.42000,86166.00000,152.51000,-46.96000,4.05000
352.45000,main,-15.48000,86192.00000,150.04000,-49.62000,4.05000
352.55000,main,-11.87000,86234.00000,146.06000,-52.18000,4.05000
352.65000,main,-13.42000,86288.00000,140.94000,-54.66000,4.05000
352.66000,main,-13.42000,86288.00000,140.94000,-54.66000,4.05000
352.75000,main,-14.45000,86320.00000,137.90000,-56.98000,4.05000
352.85000,main,-14.45000,86347.00000,135.35000,-59.02000,4.05000
352.95000,main,-12.90000,86417.00000,128.72000,-60.90000,4.05000
352.98000,main,-12.90000,86417.00000,128.72000,-60.90000,4.05000
353.05000,main,-13.94000,86446.00000,125.97000,-62.50000,4.05000
353.15000,main,-13.94000,86537.00000,117.36000,-63.77000,4.05000
353.25000,main,-13.94000,86813.00000,91.29000,-64.67000,4.05000
353.30000,main,-13.94000,86813.00000,91.29000,-64.67000,4.06000
353.35000,main,-17.03000,86775.00000,94.87000,-65.16000,4.06000
353.45000,main,-16.52000,86909.00000,82.23000,-65.41000,4.06000
353.55000,main,-16.52000,87068.00000,67.26000,-65.46000,4.06000
353.62000,main,-16.52000,87068.00000,67.26000,-65.46000,4.06000
353.65000,main,-13.94000,87252.00000,49.96000,-65.20000,4.06000
353.75000,main,-14.97000,87316.00000,43.94000,-64.60000,4.06000
353.85000,main,-13.42000,87340.00000,41.69000,-63.62000,4.06000
353.94000,main,-13.42000,87340.00000,41.69000,-63.62000,4.06000
353.95000,main,-13.42000,87374.00000,38.50000,-62.24000,4.06000
354.05000,main,-13.94000,87434.00000,32.87000,-60.43000,4.06000
354.06000,main,-13.94000,87434.00000,32.87000,-60.43000,4.06000
354.15000,main,-11.87000,87493.00000,27.34000,-58.10000,4.06000
354.25000,main,-13.42000,87544.00000,22.56000,-55.32000,4.06000
354.26000,main,-13.42000,87544.00000,22.56000,-55.32000,4.07000
354.35000,main,-13.94000,87574.00000,19.75000,-52.17000,4.07000
354.45000,main,-13.94000,87609.00000,16.47000,-48.68000,4.07000
354.55000,main,-13.94000,87648.00000,12.82000,-44.98000,4.07000
354.58000,main,-13.94000,87648.00000,12.82000,-44.98000,4.07000
354.65000,main,-16.00000,87655.00000,12.16000,-41.16000,4.07000
354.75000,main,-13.42000,87700.00000,7.95000,-37.32000,4.07000
354.85000,main,-14.45000,87763.00000,2.06000,-33.55000,4.07000
354.90000,main,-14.45000,87763.00000,2.06000,-33.55000,4.07000
354.95000,main,-17.03000,87823.00000,-3.55000,-29.97000,4.07000
355.05000,main,-17.03000,87874.00000,-8.32000,-26.59000,4.07000
355.15000,main,-16.52000,87937.00000,-14.20000,-23.51000,4.07000
355.22000,main,-16.52000,87937.00000,-14.20000,-23.51000,4.06000
355.25000,main,-17.55000,87983.00000,-18.50000,-20.79000,4.06000
355.35000,main,-16.00000,88050.00000,-24.75000,-20.79000,4.06000
